id;repeticion;neuronas;conexiones;densidad_conexiones;sparse;precision;backend;mostrar_progreso;medir_rendimiento;tiempo_total;tiempo_ejecucion;cpu_media;cpu_maxima;ram_media;ram_maxima;gpu_media;gpu_maxima;vram_media;vram_maxima
1;1;1;;;;;;False;False;0.8286530999466777;0.0024371000472456217;;;;;;;;
1;2;1;;;;;;False;False;0.8185642000753433;0.002540299901738763;;;;;;;;
1;3;1;;;;;;False;False;0.8354470999911427;0.002441700082272291;;;;;;;;
1;4;1;;;;;;False;False;0.7988309999927878;0.002410799963399768;;;;;;;;
1;5;1;;;;;;False;False;0.7910099998116493;0.0024228000547736883;;;;;;;;
2;1;1;;;;;;True;True;0.7854482000693679;0.005119499983265996;0.0;0;340.75625;340.7578125;;;;
2;2;1;;;;;;True;True;0.7915254000108689;0.0050842000637203455;345.08000000000004;3450.8;340.553125;340.5546875;;;;
2;3;1;;;;;;True;True;0.797465099953115;0.004917300073429942;328.26;3282.6;340.6;340.6015625;;;;
2;4;1;;;;;;True;True;0.7901260999497026;0.005290699889883399;0.0;0;340.71328125;340.71484375;;;;
2;5;1;;;;;;True;True;0.7990021000150591;0.005193300079554319;0.0;0;340.54140625;340.54296875;;;;
3;1;1;0;0;False;32;numpy;False;False;0.8066145998891443;0.022914599860087037;;;;;;;;
3;2;1;0;0;False;32;numpy;False;False;0.7967799000907689;0.022411499870941043;;;;;;;;
3;3;1;0;0;False;32;numpy;False;False;0.8119641998782754;0.022701800102367997;;;;;;;;
3;4;1;0;0;False;32;numpy;False;False;0.8246474000625312;0.02233970002271235;;;;;;;;
3;5;1;0;0;False;32;numpy;False;False;0.8174748998135328;0.022395299980416894;;;;;;;;
4;1;1;0;0;False;32;numpy;True;True;0.8160519001539797;0.02838020003400743;110.19000000000001;592.2;340.466796875;340.46875;;;;
4;2;1;0;0;False;32;numpy;True;True;0.8224261000286788;0.027038399828597903;0.0;0;340.86171875;340.86328125;;;;
4;3;1;0;0;False;32;numpy;True;True;0.8138250999618322;0.028931999811902642;108.2;583.0;340.335546875;340.33984375;;;;
4;4;1;0;0;False;32;numpy;True;True;0.8038633000105619;0.028144899988546968;105.47;558.5;340.826171875;340.828125;;;;
4;5;1;0;0;False;32;numpy;True;True;0.8119775999803096;0.027701300103217363;104.67;557.7;340.553125;340.5546875;;;;
5;1;1;0;0;False;32;cupy;False;False;2.072272799909115;1.0272751001175493;;;;;;;;
5;2;1;0;0;False;32;cupy;False;False;1.9989235999528319;1.0221239998936653;;;;;;;;
5;3;1;0;0;False;32;cupy;False;False;2.0002794000320137;1.0240355001296848;;;;;;;;
5;4;1;0;0;False;32;cupy;False;False;2.017006400041282;1.0158358998596668;;;;;;;;
5;5;1;0;0;False;32;cupy;False;False;2.0322855000849813;1.0169644998386502;;;;;;;;
6;1;1;0;0;False;32;cupy;True;True;2.059241299983114;1.0499940998852253;98.71000000000001;109.4;394.430078125;394.4375;9.9;11;303.0546875;303.0546875
6;2;1;0;0;False;32;cupy;True;True;2.0580738000571728;1.040163700003177;97.78;108.6;394.19453125;394.203125;8.2;10;303.0546875;303.0546875
6;3;1;0;0;False;32;cupy;True;True;2.040103300008923;1.0401584000792354;97.61999999999999;107.8;394.803515625;394.8125;12.0;13;303.0546875;303.0546875
6;4;1;0;0;False;32;cupy;True;True;2.0449836999177933;1.0284027999732643;98.01;109.2;394.464453125;394.47265625;11.0;11;303.0546875;303.0546875
6;5;1;0;0;False;32;cupy;True;True;2.0686908999923617;1.0643211998976767;97.17999999999998;109.6;394.360546875;394.3671875;8.6;11;303.0546875;303.0546875
7;1;1;0;0;False;64;numpy;False;False;0.8189729999285191;0.021604999899864197;;;;;;;;
7;2;1;0;0;False;64;numpy;False;False;0.8189143999479711;0.022060699993744493;;;;;;;;
7;3;1;0;0;False;64;numpy;False;False;0.8457090000156313;0.021970200119540095;;;;;;;;
7;4;1;0;0;False;64;numpy;False;False;0.8127110998611897;0.020995000144466758;;;;;;;;
7;5;1;0;0;False;64;numpy;False;False;0.8088243000674993;0.022999299922958016;;;;;;;;
8;1;1;0;0;False;64;numpy;True;True;0.8268405001144856;0.02592039993032813;62.55;625.5;340.51015625;340.51171875;;;;
8;2;1;0;0;False;64;numpy;True;True;0.8227224999573082;0.025199699914082885;121.43000000000002;608.6;340.51015625;340.51171875;;;;
8;3;1;0;0;False;64;numpy;True;True;0.8287642998620868;0.026318900054320693;121.08;631.5;340.490625;340.4921875;;;;
8;4;1;0;0;False;64;numpy;True;True;0.8236579999793321;0.025761700002476573;117.88;655.4;340.990234375;340.9921875;;;;
8;5;1;0;0;False;64;numpy;True;True;0.8385872000362724;0.025566899916157126;60.339999999999996;603.4;340.73125;340.734375;;;;
9;1;1;0;0;False;64;cupy;False;False;2.0569996999111027;1.022239200072363;;;;;;;;
9;2;1;0;0;False;64;cupy;False;False;1.9912918000482023;1.0082530998624861;;;;;;;;
9;3;1;0;0;False;64;cupy;False;False;1.9817025000229478;1.0011274998541921;;;;;;;;
9;4;1;0;0;False;64;cupy;False;False;2.0045120001304895;1.0083978998009115;;;;;;;;
9;5;1;0;0;False;64;cupy;False;False;2.0136301000602543;1.002109199995175;;;;;;;;
10;1;1;0;0;False;64;cupy;True;True;2.071611399995163;1.0382113000378013;98.36;109.1;393.925390625;393.93359375;11.5;12;303.0546875;303.0546875
10;2;1;0;0;False;64;cupy;True;True;2.070207100128755;1.0552582999225706;100.86999999999999;107.1;393.820703125;393.828125;10.5;11;303.0546875;303.0546875
10;3;1;0;0;False;64;cupy;True;True;2.0481812998186797;1.0491508999839425;100.35;122.2;394.25078125;394.2578125;8.6;11;303.0546875;303.0546875
10;4;1;0;0;False;64;cupy;True;True;2.0703315001446754;1.0410068000201136;99.02000000000001;109.4;394.01640625;394.0234375;10.7;11;303.0546875;303.0546875
10;5;1;0;0;False;64;cupy;True;True;2.057495200075209;1.0315402999985963;97.85;108.2;394.101171875;394.109375;8.0;11;303.0546875;303.0546875
11;1;1;0;0;True;32;numpy;False;False;0.8130014000926167;0.022766399895772338;;;;;;;;
11;2;1;0;0;True;32;numpy;False;False;0.8318215000908822;0.023401600075885653;;;;;;;;
11;3;1;0;0;True;32;numpy;False;False;0.8259729000274092;0.022515099961310625;;;;;;;;
11;4;1;0;0;True;32;numpy;False;False;0.8118535000830889;0.022604299942031503;;;;;;;;
11;5;1;0;0;True;32;numpy;False;False;0.8372066000010818;0.023005199851468205;;;;;;;;
12;1;1;0;0;True;32;numpy;True;True;0.8270234998781234;0.027276000007987022;60.720000000000006;607.2;340.63125;340.6328125;;;;
12;2;1;0;0;True;32;numpy;True;True;0.8300160998478532;0.028253600001335144;60.3;603.0;341.2875;341.2890625;;;;
12;3;1;0;0;True;32;numpy;True;True;0.8310297001153231;0.027999200159683824;113.76999999999998;569.9;340.7015625;340.703125;;;;
12;4;1;0;0;True;32;numpy;True;True;0.850067300023511;0.02756369998678565;117.12;589.2;340.72109375;340.72265625;;;;
12;5;1;0;0;True;32;numpy;True;True;0.8288126999977976;0.02860909979790449;111.78000000000002;576.2;340.818359375;340.8203125;;;;
13;1;1;0;0;True;32;cupy;False;False;1.980645400006324;1.0341425000224262;;;;;;;;
13;2;1;0;0;True;32;cupy;False;False;1.9797298000194132;1.0368749999906868;;;;;;;;
13;3;1;0;0;True;32;cupy;False;False;1.9817071999423206;1.0378254000097513;;;;;;;;
13;4;1;0;0;True;32;cupy;False;False;1.9998675000388175;1.026524699991569;;;;;;;;
13;5;1;0;0;True;32;cupy;False;False;1.969020799966529;1.0228651000652462;;;;;;;;
14;1;1;0;0;True;32;cupy;True;True;2.0562686999328434;1.0654737998265773;99.63000000000001;107.5;393.696484375;393.703125;9.1;11;301.0546875;301.0546875
14;2;1;0;0;True;32;cupy;True;True;2.02617339999415;1.0606946998741478;100.15;107.2;394.071875;394.08203125;8.0;11;301.0546875;301.0546875
14;3;1;0;0;True;32;cupy;True;True;2.0408084001392126;1.070700499927625;100.62;106.8;394.305078125;394.3125;7.5;11;301.0546875;301.0546875
14;4;1;0;0;True;32;cupy;True;True;2.0223207999952137;1.0548131000250578;99.62;109.4;394.552734375;394.5625;8.9;11;301.0546875;301.0546875
14;5;1;0;0;True;32;cupy;True;True;2.027977499878034;1.0556510998867452;100.56;107.4;393.95234375;393.9609375;9.4;11;301.0546875;301.0546875
15;1;1;0;0;True;64;numpy;False;False;0.8202701001428068;0.0214561999309808;;;;;;;;
15;2;1;0;0;True;64;numpy;False;False;0.8546970000024885;0.022969499928876758;;;;;;;;
15;3;1;0;0;True;64;numpy;False;False;0.8358954000286758;0.022133199963718653;;;;;;;;
15;4;1;0;0;True;64;numpy;False;False;0.8183454999234527;0.02210989990271628;;;;;;;;
15;5;1;0;0;True;64;numpy;False;False;0.8210338999051601;0.0223363998811692;;;;;;;;
16;1;1;0;0;True;64;numpy;True;True;0.8274107999168336;0.026951900217682123;117.0;593.8;340.76015625;340.76171875;;;;
16;2;1;0;0;True;64;numpy;True;True;0.8260891998652369;0.026678099995478988;124.30999999999999;626.4;340.65859375;340.66015625;;;;
16;3;1;0;0;True;64;numpy;True;True;0.8337546000257134;0.026329300133511424;57.54;575.4;340.61171875;340.61328125;;;;
16;4;1;0;0;True;64;numpy;True;True;0.8392383002210408;0.025179800111800432;131.3;666.3;341.05703125;341.05859375;;;;
16;5;1;0;0;True;64;numpy;True;True;0.8373548998497427;0.029741500038653612;97.79;538.2;340.686328125;340.69140625;;;;
17;1;1;0;0;True;64;cupy;False;False;1.9775102999992669;1.0285454001277685;;;;;;;;
17;2;1;0;0;True;64;cupy;False;False;1.9831094001419842;1.033500799909234;;;;;;;;
17;3;1;0;0;True;64;cupy;False;False;1.9670339000876993;1.0197369998786598;;;;;;;;
17;4;1;0;0;True;64;cupy;False;False;1.9995484000537544;1.0249171000905335;;;;;;;;
17;5;1;0;0;True;64;cupy;False;False;1.9665504998993129;1.0267843999899924;;;;;;;;
18;1;1;0;0;True;64;cupy;True;True;2.031773699913174;1.0705558999907225;98.6;107.9;393.586328125;393.59375;8.8;11;301.0546875;301.0546875
18;2;1;0;0;True;64;cupy;True;True;2.0074148001149297;1.0453226999379694;96.30000000000001;107.9;394.250390625;394.2578125;9.9;11;301.0546875;301.0546875
18;3;1;0;0;True;64;cupy;True;True;2.0291883000172675;1.0490677999332547;98.44999999999999;108.7;394.264453125;394.2734375;9.9;11;301.0546875;301.0546875
18;4;1;0;0;True;64;cupy;True;True;2.04140180000104;1.038096999982372;100.55;108.9;393.616015625;393.625;8.4;11;301.0546875;301.0546875
18;5;1;0;0;True;64;cupy;True;True;2.058471400057897;1.072480200091377;96.66999999999999;107.5;394.11015625;394.1171875;11.0;11;301.0546875;301.0546875
19;1;10;0;0;False;32;numpy;False;False;0.828270599944517;0.023327300092205405;;;;;;;;
19;2;10;0;0;False;32;numpy;False;False;0.8386794000398368;0.02334679989144206;;;;;;;;
19;3;10;0;0;False;32;numpy;False;False;0.8419864000752568;0.02295660017989576;;;;;;;;
19;4;10;0;0;False;32;numpy;False;False;0.8142445001285523;0.02195159997791052;;;;;;;;
19;5;10;0;0;False;32;numpy;False;False;0.8090917998924851;0.022360200062394142;;;;;;;;
20;1;10;0;0;False;32;numpy;True;True;0.8182091000489891;0.028906800085678697;58.71;587.1;340.791015625;340.79296875;;;;
20;2;10;0;0;False;32;numpy;True;True;0.8332831000443548;0.028322799829766154;117.58;588.0;340.5375;340.5390625;;;;
20;3;10;0;0;False;32;numpy;True;True;0.8277098000980914;0.028237299993634224;115.75999999999999;597.5;340.70390625;340.70703125;;;;
20;4;10;0;0;False;32;numpy;True;True;0.8247110000811517;0.027591199846938252;54.07000000000001;540.7;340.615625;340.6171875;;;;
20;5;10;0;0;False;32;numpy;True;True;0.8246484999544919;0.02849559998139739;51.67999999999999;516.8;340.97890625;340.98046875;;;;
21;1;10;0;0;False;32;cupy;False;False;1.9140603998675942;0.942635899875313;;;;;;;;
21;2;10;0;0;False;32;cupy;False;False;1.8885504000354558;0.9322661000769585;;;;;;;;
21;3;10;0;0;False;32;cupy;False;False;1.9002740001305938;0.9390263999812305;;;;;;;;
21;4;10;0;0;False;32;cupy;False;False;1.9283050999511033;0.9554224999155849;;;;;;;;
21;5;10;0;0;False;32;cupy;False;False;1.8937903000041842;0.9386366000398993;;;;;;;;
22;1;10;0;0;False;32;cupy;True;True;2.0149791000876576;0.9805779999587685;95.8;104.8;391.034765625;391.05859375;9.1;12;301.0546875;301.0546875
22;2;10;0;0;False;32;cupy;True;True;1.9646193999797106;0.9486493999138474;98.12999999999998;109.3;391.06953125;391.0859375;9.3;12;301.0546875;301.0546875
22;3;10;0;0;False;32;cupy;True;True;1.9595399000681937;0.9523690000642091;98.75;102.3;390.783203125;390.80859375;9.6;12;301.0546875;301.0546875
22;4;10;0;0;False;32;cupy;True;True;1.9797443998977542;0.9719120000954717;99.02000000000001;105.8;390.76796875;390.79296875;9.0;12;301.0546875;301.0546875
22;5;10;0;0;False;32;cupy;True;True;1.9801027001813054;0.9467263999395072;96.75000000000001;103.0;391.273046875;391.28125;9.6;12;301.0546875;301.0546875
23;1;10;0;0;False;64;numpy;False;False;0.8146297000348568;0.019491000100970268;;;;;;;;
23;2;10;0;0;False;64;numpy;False;False;0.8124400000087917;0.018928000004962087;;;;;;;;
23;3;10;0;0;False;64;numpy;False;False;0.8166230001952499;0.018893600208684802;;;;;;;;
23;4;10;0;0;False;64;numpy;False;False;0.836691299919039;0.01954939984716475;;;;;;;;
23;5;10;0;0;False;64;numpy;False;False;0.8372702000197023;0.019342100014910102;;;;;;;;
24;1;10;0;0;False;64;numpy;True;True;0.863801300060004;0.023823200026527047;70.26;702.6;340.93359375;340.94140625;;;;
24;2;10;0;0;False;64;numpy;True;True;0.8375913000199944;0.023278500186279416;137.57;706.5;340.86015625;340.875;;;;
24;3;10;0;0;False;64;numpy;True;True;0.8354432999622077;0.02391309989616275;142.58;766.6;341.248046875;341.25;;;;
24;4;10;0;0;False;64;numpy;True;True;0.8435460000764579;0.02764570014551282;125.82000000000001;687.1;341.334375;341.3359375;;;;
24;5;10;0;0;False;64;numpy;True;True;0.8473090999759734;0.023636899888515472;72.51;725.1;340.951171875;340.953125;;;;
25;1;10;0;0;False;64;cupy;False;False;1.8907463001087308;0.9359529998619109;;;;;;;;
25;2;10;0;0;False;64;cupy;False;False;3.2640543999150395;2.2895182999782264;;;;;;;;
25;3;10;0;0;False;64;cupy;False;False;1.881487499922514;0.9206764998380095;;;;;;;;
25;4;10;0;0;False;64;cupy;False;False;1.905908500077203;0.9390839000698179;;;;;;;;
25;5;10;0;0;False;64;cupy;False;False;1.9076616000384092;0.926996799884364;;;;;;;;
26;1;10;0;0;False;64;cupy;True;True;1.9684758000075817;0.9888212000951171;98.53;111.8;390.855859375;390.9296875;10.3;12;301.0546875;301.0546875
26;2;10;0;0;False;64;cupy;True;True;1.9544297999236733;0.9602159999776632;101.07;106.0;391.153125;391.16015625;10.8;12;301.0546875;301.0546875
26;3;10;0;0;False;64;cupy;True;True;1.9512102999724448;0.9546189999673516;98.2;108.3;390.91171875;390.92578125;9.6;12;301.0546875;301.0546875
26;4;10;0;0;False;64;cupy;True;True;1.9902131999842823;0.9977641000878066;94.36;106.3;391.08984375;391.09765625;8.1;12;301.0546875;301.0546875
26;5;10;0;0;False;64;cupy;True;True;1.9604309999849647;0.9578150000888854;98.74;102.9;391.254296875;391.328125;9.6;12;301.0546875;301.0546875
27;1;10;0;0;True;32;numpy;False;False;0.8261692000087351;0.023058499908074737;;;;;;;;
27;2;10;0;0;True;32;numpy;False;False;0.8296562000177801;0.022895999951288104;;;;;;;;
27;3;10;0;0;True;32;numpy;False;False;0.8197919998783618;0.022521100006997585;;;;;;;;
27;4;10;0;0;True;32;numpy;False;False;0.8251978000625968;0.023512100102379918;;;;;;;;
27;5;10;0;0;True;32;numpy;False;False;0.8303493999410421;0.023317900020629168;;;;;;;;
28;1;10;0;0;True;32;numpy;True;True;0.8365404999349266;0.028293699957430363;60.779999999999994;607.8;341.126953125;341.1328125;;;;
28;2;10;0;0;True;32;numpy;True;True;0.8220698998775333;0.027501200092956424;111.24000000000001;561.0;340.86953125;340.87109375;;;;
28;3;10;0;0;True;32;numpy;True;True;0.8065102000255138;0.027740600053220987;122.08000000000001;620.2;340.93203125;340.93359375;;;;
28;4;10;0;0;True;32;numpy;True;True;0.8482321999035776;0.02734320005401969;115.50999999999999;608.5;341.0734375;341.0859375;;;;
28;5;10;0;0;True;32;numpy;True;True;0.8247400999534875;0.028952700085937977;108.41;592.7;340.8859375;340.8984375;;;;
29;1;10;0;0;True;32;cupy;False;False;1.911851700162515;0.9591157999821007;;;;;;;;
29;2;10;0;0;True;32;cupy;False;False;1.8993092000018805;0.9552476000972092;;;;;;;;
29;3;10;0;0;True;32;cupy;False;False;1.889760899823159;0.9407336001750082;;;;;;;;
29;4;10;0;0;True;32;cupy;False;False;1.927693100180477;0.9685986000113189;;;;;;;;
29;5;10;0;0;True;32;cupy;False;False;1.8828341998159885;0.9327367001678795;;;;;;;;
30;1;10;0;0;True;32;cupy;True;True;1.9433838000986725;0.9561622999608517;99.56;103.4;394.48515625;394.55859375;9.0;11;301.0546875;301.0546875
30;2;10;0;0;True;32;cupy;True;True;1.960647099884227;0.956982399802655;99.49;102.6;394.469140625;394.54296875;9.5;11;301.0546875;301.0546875
30;3;10;0;0;True;32;cupy;True;True;1.9353122001048177;0.9651099001057446;97.51;102.3;394.46171875;394.5;10.8;12;301.0546875;301.0546875
30;4;10;0;0;True;32;cupy;True;True;1.9306057000067085;0.9672526998911053;100.31;101.7;394.622265625;394.69921875;8.8;11;301.0546875;301.0546875
30;5;10;0;0;True;32;cupy;True;True;1.9608386000618339;0.9739876000676304;96.10000000000001;103.0;394.5140625;394.5234375;9.1;12;301.0546875;301.0546875
31;1;10;0;0;True;64;numpy;False;False;0.8137994001153857;0.018623300129547715;;;;;;;;
31;2;10;0;0;True;64;numpy;False;False;0.8085563001222908;0.01899630017578602;;;;;;;;
31;3;10;0;0;True;64;numpy;False;False;0.8213136000558734;0.018964899936690927;;;;;;;;
31;4;10;0;0;True;64;numpy;False;False;0.8463790998794138;0.022065300028771162;;;;;;;;
31;5;10;0;0;True;64;numpy;False;False;0.8213065001182258;0.019157700007781386;;;;;;;;
32;1;10;0;0;True;64;numpy;True;True;0.8157659000717103;0.023354100063443184;67.21000000000001;672.1;340.90625;340.91015625;;;;
32;2;10;0;0;True;64;numpy;True;True;0.825122999958694;0.02266860008239746;70.56;705.6;340.994140625;340.99609375;;;;
32;3;10;0;0;True;64;numpy;True;True;0.8080076000187546;0.02411490003578365;65.34;653.4;341.12578125;341.12890625;;;;
32;4;10;0;0;True;64;numpy;True;True;0.8202116000466049;0.023956899996846914;0.0;0;340.9046875;340.90625;;;;
32;5;10;0;0;True;64;numpy;True;True;0.8267594000790268;0.023241400020197034;66.5;665.0;341.09609375;341.09765625;;;;
33;1;10;0;0;True;64;cupy;False;False;1.901532500050962;0.9447954001370817;;;;;;;;
33;2;10;0;0;True;64;cupy;False;False;1.891980699962005;0.943398900097236;;;;;;;;
33;3;10;0;0;True;64;cupy;False;False;1.8884527999907732;0.9375630000140518;;;;;;;;
33;4;10;0;0;True;64;cupy;False;False;1.9055817001499236;0.9478955999948084;;;;;;;;
33;5;10;0;0;True;64;cupy;False;False;1.9152634001802653;0.9433734999038279;;;;;;;;
34;1;10;0;0;True;64;cupy;True;True;1.9489519000053406;0.9504416000563651;99.38999999999999;104.7;394.5046875;394.51171875;9.0;12;301.0546875;301.0546875
34;2;10;0;0;True;64;cupy;True;True;1.9549054000526667;0.965444799978286;99.26;103.0;394.778125;394.78515625;9.8;12;301.0546875;301.0546875
34;3;10;0;0;True;64;cupy;True;True;1.9224857001099735;0.9583042999729514;101.07000000000002;103.0;394.3859375;394.41015625;10.8;12;301.0546875;301.0546875
34;4;10;0;0;True;64;cupy;True;True;1.9560459000058472;0.9828553998377174;96.16000000000001;112.6;394.211328125;394.28515625;9.6;12;301.0546875;301.0546875
34;5;10;0;0;True;64;cupy;True;True;1.941550699993968;0.9746658001095057;98.02000000000001;102.6;394.685546875;394.6953125;8.4;12;301.0546875;301.0546875
34;1;10;45;0.5;False;32;numpy;False;False;0.8294776000548154;0.025188400177285075;;;;;;;;
34;2;10;45;0.5;False;32;numpy;False;False;0.816902699880302;0.02491889987140894;;;;;;;;
34;3;10;45;0.5;False;32;numpy;False;False;0.8402133998461068;0.025267499964684248;;;;;;;;
34;4;10;45;0.5;False;32;numpy;False;False;0.8246899999212474;0.02473300020210445;;;;;;;;
34;5;10;45;0.5;False;32;numpy;False;False;0.8367310999892652;0.024798400001600385;;;;;;;;
35;1;10;45;0.5;False;32;numpy;True;True;0.8248606999404728;0.02964830002747476;104.88;528.5;340.84609375;340.84765625;;;;
35;2;10;45;0.5;False;32;numpy;True;True;0.8467588999774307;0.029831500025466084;51.31;513.1;341.119140625;341.12109375;;;;
35;3;10;45;0.5;False;32;numpy;True;True;0.8286268000956625;0.03027240000665188;51.83;518.3;341.23046875;341.24609375;;;;
35;4;10;45;0.5;False;32;numpy;True;True;0.8379728000145406;0.03087519994005561;106.84;558.4;340.680859375;340.68359375;;;;
35;5;10;45;0.5;False;32;numpy;True;True;0.8291460999753326;0.030634799972176552;96.42999999999999;499.0;341.26015625;341.26171875;;;;
36;1;10;45;0.5;False;32;cupy;False;False;2.190292299957946;1.1630641999654472;;;;;;;;
36;2;10;45;0.5;False;32;cupy;False;False;2.1139964999165386;1.093711500056088;;;;;;;;
36;3;10;45;0.5;False;32;cupy;False;False;2.1334253000095487;1.1085609002038836;;;;;;;;
36;4;10;45;0.5;False;32;cupy;False;False;2.1217668999452144;1.092717400053516;;;;;;;;
36;5;10;45;0.5;False;32;cupy;False;False;2.153832199983299;1.1318645998835564;;;;;;;;
37;1;10;45;0.5;False;32;cupy;True;True;2.182871200144291;1.1332882000133395;98.99;106.1;522.01328125;522.01953125;9.9;11;309.0546875;309.0546875
37;2;10;45;0.5;False;32;cupy;True;True;2.2330910000018775;1.122468899935484;100.32;107.5;522.46875;522.609375;9.0;11;309.0546875;309.0546875
37;3;10;45;0.5;False;32;cupy;True;True;2.1702985998708755;1.1239868998527527;98.35;106.9;521.51953125;521.66015625;10.0;11;309.0546875;309.0546875
37;4;10;45;0.5;False;32;cupy;True;True;2.2422466999851167;1.1515570001211017;94.57;107.7;522.38828125;522.39453125;7.5;11;309.0546875;309.0546875
37;5;10;45;0.5;False;32;cupy;True;True;2.1588415999431163;1.1192027002107352;98.11;108.1;522.118359375;522.1875;8.6;11;309.0546875;309.0546875
38;1;10;45;0.5;False;64;numpy;False;False;0.832543500000611;0.02126519987359643;;;;;;;;
38;2;10;45;0.5;False;64;numpy;False;False;0.8242647999431938;0.021616100100800395;;;;;;;;
38;3;10;45;0.5;False;64;numpy;False;False;0.822619000216946;0.020346499979496002;;;;;;;;
38;4;10;45;0.5;False;64;numpy;False;False;0.8345474998932332;0.02106270007789135;;;;;;;;
38;5;10;45;0.5;False;64;numpy;False;False;0.8182540000416338;0.020673800026997924;;;;;;;;
39;1;10;45;0.5;False;64;numpy;True;True;0.8222769999410957;0.025927700102329254;125.71;651.0;341.107421875;341.109375;;;;
39;2;10;45;0.5;False;64;numpy;True;True;0.8271173001267016;0.025737199932336807;119.3;606.8;341.009765625;341.01171875;;;;
39;3;10;45;0.5;False;64;numpy;True;True;0.8197149001061916;0.02566709998063743;65.64;656.4;340.88125;340.8828125;;;;
39;4;10;45;0.5;False;64;numpy;True;True;0.8213706000242382;0.025559599976986647;127.55999999999999;650.6;341.373046875;341.375;;;;
39;5;10;45;0.5;False;64;numpy;True;True;0.8330346001312137;0.02905740006826818;39.0;390.0;341.091796875;341.09375;;;;
40;1;10;45;0.5;False;64;cupy;False;False;2.2738305998500437;1.260249299928546;;;;;;;;
40;2;10;45;0.5;False;64;cupy;False;False;2.089731900021434;1.0777620000299066;;;;;;;;
40;3;10;45;0.5;False;64;cupy;False;False;2.105130299925804;1.0951569001190364;;;;;;;;
40;4;10;45;0.5;False;64;cupy;False;False;2.0985408001579344;1.08340649981983;;;;;;;;
40;5;10;45;0.5;False;64;cupy;False;False;2.1679706999566406;1.1354809999465942;;;;;;;;
41;1;10;45;0.5;False;64;cupy;True;True;2.1658681998960674;1.1185514000244439;98.45000000000002;105.2;481.812109375;481.859375;9.6;12;309.0546875;309.0546875
41;2;10;45;0.5;False;64;cupy;True;True;2.1698680000845343;1.1264436000492424;98.89999999999999;104.8;482.137109375;482.15625;9.0;13;309.0546875;309.0546875
41;3;10;45;0.5;False;64;cupy;True;True;2.2118293999228626;1.1717188002076;98.86000000000001;105.6;482.230859375;482.375;9.2;12;309.0546875;309.0546875
41;4;10;45;0.5;False;64;cupy;True;True;2.163071099901572;1.1219701000954956;98.82000000000001;105.6;482.290234375;482.296875;10.8;12;309.0546875;309.0546875
41;5;10;45;0.5;False;64;cupy;True;True;2.1855937000364065;1.1366772998590022;98.87;105.5;482.451953125;482.59765625;10.9;13;309.0546875;309.0546875
42;1;10;45;0.5;True;32;numpy;False;False;0.8535019000992179;0.028175099985674024;;;;;;;;
42;2;10;45;0.5;True;32;numpy;False;False;0.8278558999300003;0.029195699840784073;;;;;;;;
42;3;10;45;0.5;True;32;numpy;False;False;0.8348358999937773;0.029215299990028143;;;;;;;;
42;4;10;45;0.5;True;32;numpy;False;False;0.8178443999495357;0.029366499977186322;;;;;;;;
42;5;10;45;0.5;True;32;numpy;False;False;0.841672700131312;0.02929849992506206;;;;;;;;
43;1;10;45;0.5;True;32;numpy;True;True;0.8423172999173403;0.034299799939617515;94.67999999999999;483.8;341.31015625;341.3125;;;;
43;2;10;45;0.5;True;32;numpy;True;True;0.8300815999973565;0.03495300002396107;93.63;474.8;341.007421875;341.0234375;;;;
43;3;10;45;0.5;True;32;numpy;True;True;0.8341451999731362;0.03461650013923645;86.03;447.9;340.740625;340.7421875;;;;
43;4;10;45;0.5;True;32;numpy;True;True;0.8327452000230551;0.03396139992401004;93.02000000000001;475.2;340.87265625;340.875;;;;
43;5;10;45;0.5;True;32;numpy;True;True;0.8626136998645961;0.04220769996754825;120.75999999999999;449.9;341.2171875;341.21875;;;;
44;1;10;45;0.5;True;32;cupy;False;False;2.1736972997896373;1.1232710001058877;;;;;;;;
44;2;10;45;0.5;True;32;cupy;False;False;2.1681480000261217;1.1135746000800282;;;;;;;;
44;3;10;45;0.5;True;32;cupy;False;False;2.1619643000885844;1.1200604001060128;;;;;;;;
44;4;10;45;0.5;True;32;cupy;False;False;2.1843938999809325;1.1166777000762522;;;;;;;;
44;5;10;45;0.5;True;32;cupy;False;False;2.2013020999729633;1.1262640999630094;;;;;;;;
45;1;10;45;0.5;True;32;cupy;True;True;2.216245000017807;1.1176781998947263;98.66;101.2;495.690625;495.8359375;11.5;12;303.0546875;303.0546875
45;2;10;45;0.5;True;32;cupy;True;True;2.281698799924925;1.112080399878323;99.83;101.1;496.16953125;496.3125;10.4;11;303.0546875;303.0546875
45;3;10;45;0.5;True;32;cupy;True;True;2.3173118999693543;1.25225879997015;95.64000000000001;110.2;495.973828125;495.984375;9.0;12;303.0546875;303.0546875
45;4;10;45;0.5;True;32;cupy;True;True;2.2305453999433666;1.16299320012331;97.30999999999999;112.3;495.824609375;495.8359375;8.8;11;303.0546875;303.0546875
45;5;10;45;0.5;True;32;cupy;True;True;2.2443193001672626;1.167760199867189;98.08;104.3;495.70859375;495.8515625;9.0;11;303.0546875;303.0546875
46;1;10;45;0.5;True;64;numpy;False;False;0.8258456999901682;0.02397700003348291;;;;;;;;
46;2;10;45;0.5;True;64;numpy;False;False;0.8171545001678169;0.02451019990257919;;;;;;;;
46;3;10;45;0.5;True;64;numpy;False;False;0.8278240000363439;0.02470849989913404;;;;;;;;
46;4;10;45;0.5;True;64;numpy;False;False;0.8108588000759482;0.023712700000032783;;;;;;;;
46;5;10;45;0.5;True;64;numpy;False;False;0.823270000051707;0.0250726998783648;;;;;;;;
47;1;10;45;0.5;True;64;numpy;True;True;0.8234451999887824;0.029746900079771876;111.7;562.7;340.994140625;340.99609375;;;;
47;2;10;45;0.5;True;64;numpy;True;True;0.8191771998535842;0.030421999981626868;52.33;523.3;341.04921875;341.05078125;;;;
47;3;10;45;0.5;True;64;numpy;True;True;0.8272130999248475;0.030370800057426095;99.49000000000001;499.6;340.93984375;340.94140625;;;;
47;4;10;45;0.5;True;64;numpy;True;True;0.8344900000374764;0.03048860002309084;109.74000000000001;559.9;340.990625;340.9921875;;;;
47;5;10;45;0.5;True;64;numpy;True;True;0.8199813000392169;0.030724700074642897;104.7;575.5;341.18984375;341.19140625;;;;
48;1;10;45;0.5;True;64;cupy;False;False;2.1807147001381963;1.1166429999284446;;;;;;;;
48;2;10;45;0.5;True;64;cupy;False;False;2.209745900006965;1.1336660999804735;;;;;;;;
48;3;10;45;0.5;True;64;cupy;False;False;2.1710227001458406;1.093065599910915;;;;;;;;
48;4;10;45;0.5;True;64;cupy;False;False;2.1647367998957634;1.1002481000032276;;;;;;;;
48;5;10;45;0.5;True;64;cupy;False;False;2.1620656000450253;1.1127504999749362;;;;;;;;
49;1;10;45;0.5;True;64;cupy;True;True;2.2173586001154035;1.1072324998676777;99.20000000000002;101.7;496.109375;496.12109375;10.8;12;303.0546875;303.0546875
49;2;10;45;0.5;True;64;cupy;True;True;2.2274964000098407;1.14694879995659;101.03999999999999;114.4;495.962890625;495.97265625;9.4;12;303.0546875;303.0546875
49;3;10;45;0.5;True;64;cupy;True;True;2.2444514001253992;1.1496731999795884;97.41;109.7;496.2625;496.26953125;10.3;12;303.0546875;303.0546875
49;4;10;45;0.5;True;64;cupy;True;True;2.202314699999988;1.1301794999744743;99.72;113.6;495.857421875;496.0703125;10.8;12;303.0546875;303.0546875
49;5;10;45;0.5;True;64;cupy;True;True;2.202896500006318;1.1321071002166718;99.63;106.5;495.9234375;495.9296875;10.6;12;303.0546875;303.0546875
51;1;10;90;1;False;32;numpy;False;False;0.8367391999345273;0.02518399991095066;;;;;;;;
51;2;10;90;1;False;32;numpy;False;False;0.8104962999932468;0.025007299846038222;;;;;;;;
51;3;10;90;1;False;32;numpy;False;False;0.830444100080058;0.02506399992853403;;;;;;;;
51;4;10;90;1;False;32;numpy;False;False;0.8221076999325305;0.02517270017415285;;;;;;;;
51;5;10;90;1;False;32;numpy;False;False;0.8324538001324981;0.025387599831447005;;;;;;;;
52;1;10;90;1;False;32;numpy;True;True;0.831955699948594;0.03022009995765984;55.75;557.5;341.04609375;341.05078125;;;;
52;2;10;90;1;False;32;numpy;True;True;0.8274604000616819;0.029995599994435906;110.25999999999999;564.2;340.8890625;340.890625;;;;
52;3;10;90;1;False;32;numpy;True;True;0.8384193000383675;0.030453999992460012;103.05;526.5;340.953125;340.96875;;;;
52;4;10;90;1;False;32;numpy;True;True;0.8316449001431465;0.030269200215116143;50.04;500.4;340.666015625;340.66796875;;;;
52;5;10;90;1;False;32;numpy;True;True;0.8469072000589222;0.03364590019918978;92.62;559.5;341.048828125;341.05078125;;;;
53;1;10;90;1;False;32;cupy;False;False;2.1319043999537826;1.1260264997836202;;;;;;;;
53;2;10;90;1;False;32;cupy;False;False;2.0986456000246108;1.1081962999887764;;;;;;;;
53;3;10;90;1;False;32;cupy;False;False;2.1007091000210494;1.0911872999276966;;;;;;;;
53;4;10;90;1;False;32;cupy;False;False;2.1034963000565767;1.0978059000335634;;;;;;;;
53;5;10;90;1;False;32;cupy;False;False;2.1303363000042737;1.114841900067404;;;;;;;;
54;1;10;90;1;False;32;cupy;True;True;2.1719370000064373;1.1414827001281083;98.75999999999999;107.0;473.241796875;473.25;9.9;11;309.0546875;309.0546875
54;2;10;90;1;False;32;cupy;True;True;2.2009801999665797;1.180330199887976;97.77999999999999;107.4;473.03203125;473.04296875;9.0;11;309.0546875;309.0546875
54;3;10;90;1;False;32;cupy;True;True;2.163191100116819;1.1516193998977542;100.62;110.4;473.564453125;473.60546875;9.2;11;309.0546875;309.0546875
54;4;10;90;1;False;32;cupy;True;True;2.151441599940881;1.1217109998688102;98.72;106.4;473.78828125;473.796875;9.9;11;309.0546875;309.0546875
54;5;10;90;1;False;32;cupy;True;True;2.1484325998462737;1.1385717999655753;100.23999999999998;105.6;473.171484375;473.1796875;9.8;11;309.0546875;309.0546875
55;1;10;90;1;False;64;numpy;False;False;0.8380607001017779;0.021934400079771876;;;;;;;;
55;2;10;90;1;False;64;numpy;False;False;0.817057800013572;0.020741399843245745;;;;;;;;
55;3;10;90;1;False;64;numpy;False;False;0.820382900070399;0.02085629990324378;;;;;;;;
55;4;10;90;1;False;64;numpy;False;False;0.8005749001167715;0.021317899925634265;;;;;;;;
55;5;10;90;1;False;64;numpy;False;False;0.8095201998949051;0.020292699802666903;;;;;;;;
56;1;10;90;1;False;64;numpy;True;True;0.8122076999861747;0.025958399986848235;123.96999999999998;624.9;340.76953125;340.7734375;;;;
56;2;10;90;1;False;64;numpy;True;True;0.825921299867332;0.025285999989137053;58.379999999999995;583.8;340.732421875;340.734375;;;;
56;3;10;90;1;False;64;numpy;True;True;0.8129658000543714;0.02522409986704588;121.85;614.6;340.834375;340.8359375;;;;
56;4;10;90;1;False;64;numpy;True;True;0.8238919000141323;0.027896700194105506;58.529999999999994;585.3;341.060546875;341.0625;;;;
56;5;10;90;1;False;64;numpy;True;True;0.8253195001743734;0.02632639999501407;124.32000000000001;644.1;341.1703125;341.171875;;;;
57;1;10;90;1;False;64;cupy;False;False;2.1108063000719994;1.1158179000485688;;;;;;;;
57;2;10;90;1;False;64;cupy;False;False;2.0968114999122918;1.1011173001024872;;;;;;;;
57;3;10;90;1;False;64;cupy;False;False;2.068290599854663;1.0861130999401212;;;;;;;;
57;4;10;90;1;False;64;cupy;False;False;2.1059133999515325;1.0950601000804454;;;;;;;;
57;5;10;90;1;False;64;cupy;False;False;2.1123279000166804;1.1019439999945462;;;;;;;;
58;1;10;90;1;False;64;cupy;True;True;2.1416478001046926;1.1157033001072705;98.72;108.0;433.78671875;433.79296875;10.8;12;309.0546875;309.0546875
58;2;10;90;1;False;64;cupy;True;True;2.1354681998491287;1.1326697999611497;98.19;105.8;433.715234375;433.72265625;9.6;12;309.0546875;309.0546875
58;3;10;90;1;False;64;cupy;True;True;2.1512160999700427;1.117785400012508;99.23;107.1;433.7125;433.71875;9.8;13;309.0546875;309.0546875
58;4;10;90;1;False;64;cupy;True;True;2.1051956000737846;1.1010759000200778;99.42;108.4;433.526953125;433.53515625;9.6;12;309.0546875;309.0546875
58;5;10;90;1;False;64;cupy;True;True;2.150138400029391;1.1358471000567079;96.86;105.9;433.98515625;433.9921875;9.0;10;309.0546875;309.0546875
59;1;10;90;1;True;32;numpy;False;False;0.8526318999938667;0.029201500117778778;;;;;;;;
59;2;10;90;1;True;32;numpy;False;False;0.8291222001425922;0.02853440004400909;;;;;;;;
59;3;10;90;1;True;32;numpy;False;False;0.8328823000192642;0.02870630007237196;;;;;;;;
59;4;10;90;1;True;32;numpy;False;False;0.8116975999437273;0.027790100080892444;;;;;;;;
59;5;10;90;1;True;32;numpy;False;False;0.8296159999445081;0.02767960005439818;;;;;;;;
60;1;10;90;1;True;32;numpy;True;True;0.8313887000549585;0.036004000110551715;89.04;461.1;341.0375;341.0390625;;;;
60;2;10;90;1;True;32;numpy;True;True;0.8345007000025362;0.03469630004838109;90.05999999999999;450.7;340.7484375;340.75;;;;
60;3;10;90;1;True;32;numpy;True;True;0.8342168000526726;0.0343493998516351;95.88;483.6;341.08828125;341.08984375;;;;
60;4;10;90;1;True;32;numpy;True;True;0.8383172999601811;0.034646400017663836;91.50999999999999;471.4;340.869140625;340.8828125;;;;
60;5;10;90;1;True;32;numpy;True;True;0.8320304998196661;0.03511369996704161;94.92;477.3;340.841796875;340.84375;;;;
61;1;10;90;1;True;32;cupy;False;False;2.1874972998630255;1.1582922998350114;;;;;;;;
61;2;10;90;1;True;32;cupy;False;False;2.138687100028619;1.1150788001250476;;;;;;;;
61;3;10;90;1;True;32;cupy;False;False;2.1401488999836147;1.1118570999242365;;;;;;;;
61;4;10;90;1;True;32;cupy;False;False;2.147791499970481;1.1157764000818133;;;;;;;;
61;5;10;90;1;True;32;cupy;False;False;2.1644812000449747;1.1172633999958634;;;;;;;;
62;1;10;90;1;True;32;cupy;True;True;2.206408199854195;1.1407943000085652;99.15;111.6;446.7578125;446.765625;10.5;12;303.0546875;303.0546875
62;2;10;90;1;True;32;cupy;True;True;2.193245500093326;1.1218268000520766;98.0;102.0;446.627734375;446.64453125;9.5;11;303.0546875;303.0546875
62;3;10;90;1;True;32;cupy;True;True;2.1796560001093894;1.1334601000417024;100.80000000000001;114.0;446.75390625;446.76171875;8.6;11;303.0546875;303.0546875
62;4;10;90;1;True;32;cupy;True;True;2.176855499856174;1.130450600059703;99.6;110.0;446.380859375;446.39453125;9.0;11;303.0546875;303.0546875
62;5;10;90;1;True;32;cupy;True;True;2.212305699940771;1.1349668998736888;99.32999999999998;109.5;446.934375;446.94140625;10.0;11;303.0546875;303.0546875
63;1;10;90;1;True;64;numpy;False;False;0.8322288000490516;0.024534800089895725;;;;;;;;
63;2;10;90;1;True;64;numpy;False;False;0.8340056000743061;0.025039099855348468;;;;;;;;
63;3;10;90;1;True;64;numpy;False;False;0.8188034000340849;0.02460230002179742;;;;;;;;
63;4;10;90;1;True;64;numpy;False;False;0.8218973001930863;0.02434740005992353;;;;;;;;
63;5;10;90;1;True;64;numpy;False;False;0.8217320998664945;0.02426109998486936;;;;;;;;
64;1;10;90;1;True;64;numpy;True;True;0.8200421999208629;0.029605899937450886;101.32;521.3;340.90625;340.921875;;;;
64;2;10;90;1;True;64;numpy;True;True;0.8474113000556827;0.03039079997688532;98.95;503.4;340.7421875;340.74609375;;;;
64;3;10;90;1;True;64;numpy;True;True;0.8224629999604076;0.030676400056108832;107.37;548.6;341.19609375;341.19921875;;;;
64;4;10;90;1;True;64;numpy;True;True;0.8385046999901533;0.02918770001269877;51.989999999999995;519.9;341.03515625;341.0390625;;;;
64;5;10;90;1;True;64;numpy;True;True;0.8287062000017613;0.029124299995601177;112.38;573.5;340.855078125;340.859375;;;;
65;1;10;90;1;True;64;cupy;False;False;2.1238498999737203;1.1091518998146057;;;;;;;;
65;2;10;90;1;True;64;cupy;False;False;2.127113899914548;1.1138754999265075;;;;;;;;
65;3;10;90;1;True;64;cupy;False;False;2.141970600001514;1.098833099938929;;;;;;;;
65;4;10;90;1;True;64;cupy;False;False;2.1722863998729736;1.1239322000183165;;;;;;;;
65;5;10;90;1;True;64;cupy;False;False;2.1397778000682592;1.1167097000870854;;;;;;;;
66;1;10;90;1;True;64;cupy;True;True;2.24356700014323;1.1397411997895688;99.01;109.1;447.02421875;447.03125;11.3;12;303.0546875;303.0546875
66;2;10;90;1;True;64;cupy;True;True;2.1668436999898404;1.124621800146997;100.02;112.1;446.794140625;446.8046875;10.8;12;303.0546875;303.0546875
66;3;10;90;1;True;64;cupy;True;True;2.2014309999067336;1.1561978000681847;99.93;111.1;446.809375;446.81640625;8.6;11;303.0546875;303.0546875
66;4;10;90;1;True;64;cupy;True;True;2.181416600011289;1.1128080999478698;101.16;112.8;446.540625;446.55078125;8.8;11;303.0546875;303.0546875
66;5;10;90;1;True;64;cupy;True;True;2.191969599807635;1.129208399914205;98.93999999999998;110.6;446.71015625;446.71875;9.6;12;303.0546875;303.0546875
67;1;100;0;0;False;32;numpy;False;False;0.8460901998914778;0.024942800169810653;;;;;;;;
67;2;100;0;0;False;32;numpy;False;False;0.8181300000287592;0.02548339986242354;;;;;;;;
67;3;100;0;0;False;32;numpy;False;False;0.8028766000643373;0.02493720012716949;;;;;;;;
67;4;100;0;0;False;32;numpy;False;False;0.8079446998890489;0.02497430006042123;;;;;;;;
67;5;100;0;0;False;32;numpy;False;False;0.8171167999971658;0.025293600047007203;;;;;;;;
68;1;100;0;0;False;32;numpy;True;True;0.821680499939248;0.03042999980971217;102.53000000000002;512.7;342.040625;342.48828125;;;;
68;2;100;0;0;False;32;numpy;True;True;0.8370603998191655;0.030123900156468153;102.89000000000001;518.6;342.472265625;342.92578125;;;;
68;3;100;0;0;False;32;numpy;True;True;0.8236433998681605;0.03004390001296997;105.16;548.8;342.526171875;342.97265625;;;;
68;4;100;0;0;False;32;numpy;True;True;0.8350573999341577;0.03063819999806583;54.92;549.2;342.204296875;342.64453125;;;;
68;5;100;0;0;False;32;numpy;True;True;0.8357188999652863;0.030116400215774775;51.720000000000006;517.2;342.27734375;342.71875;;;;
69;1;100;0;0;False;32;cupy;False;False;2.15569099993445;1.1951210000552237;;;;;;;;
69;2;100;0;0;False;32;cupy;False;False;2.1393637000583112;1.1822176999412477;;;;;;;;
69;3;100;0;0;False;32;cupy;False;False;2.16601000004448;1.1889937999658287;;;;;;;;
69;4;100;0;0;False;32;cupy;False;False;2.166028599953279;1.1768320000264794;;;;;;;;
69;5;100;0;0;False;32;cupy;False;False;2.177149700000882;1.2000747001729906;;;;;;;;
70;1;100;0;0;False;32;cupy;True;True;2.2505964001175016;1.2234745000023395;98.17000000000002;108.2;394.13125;394.6171875;9.4;11;303.0546875;303.0546875
70;2;100;0;0;False;32;cupy;True;True;2.280049500055611;1.2976449998095632;96.21;108.1;393.943359375;394.41796875;10.3;12;303.0546875;303.0546875
70;3;100;0;0;False;32;cupy;True;True;2.255656900117174;1.271053799893707;98.04999999999998;109.2;394.773046875;395.23046875;6.9;10;303.0546875;303.0546875
70;4;100;0;0;False;32;cupy;True;True;2.1930263000540435;1.2122413001488894;99.33000000000001;108.6;394.255078125;394.74609375;11.3;12;303.0546875;303.0546875
70;5;100;0;0;False;32;cupy;True;True;2.2081305999308825;1.2213733999524266;98.9;107.8;394.277734375;394.76953125;10.1;12;303.0546875;303.0546875
71;1;100;0;0;False;64;numpy;False;False;0.8390087999869138;0.02101500006392598;;;;;;;;
71;2;100;0;0;False;64;numpy;False;False;0.8059891001321375;0.020897299982607365;;;;;;;;
71;3;100;0;0;False;64;numpy;False;False;0.8160896000918001;0.020787700079381466;;;;;;;;
71;4;100;0;0;False;64;numpy;False;False;0.8117740000598133;0.02064180001616478;;;;;;;;
71;5;100;0;0;False;64;numpy;False;False;0.8099308002274483;0.020993500016629696;;;;;;;;
72;1;100;0;0;False;64;numpy;True;True;0.8269843999296427;0.02572680008597672;117.96;614.7;342.033203125;342.4921875;;;;
72;2;100;0;0;False;64;numpy;True;True;0.833026499953121;0.026468999916687608;54.94;549.4;342.26328125;342.71484375;;;;
72;3;100;0;0;False;64;numpy;True;True;0.8244455000385642;0.026428000070154667;54.46;544.6;342.205078125;342.640625;;;;
72;4;100;0;0;False;64;numpy;True;True;0.8330072998069227;0.025592099875211716;67.01;670.1;342.133203125;342.578125;;;;
72;5;100;0;0;False;64;numpy;True;True;0.8164431999903172;0.02592169982381165;125.46;635.6;342.24453125;342.69921875;;;;
73;1;100;0;0;False;64;cupy;False;False;2.1510606000665575;1.1882971001323313;;;;;;;;
73;2;100;0;0;False;64;cupy;False;False;2.175113300094381;1.2005433000158519;;;;;;;;
73;3;100;0;0;False;64;cupy;False;False;2.494605400133878;1.242123099975288;;;;;;;;
73;4;100;0;0;False;64;cupy;False;False;2.2486435999162495;1.1910705000627786;;;;;;;;
73;5;100;0;0;False;64;cupy;False;False;2.1535456001292914;1.195164600154385;;;;;;;;
74;1;100;0;0;False;64;cupy;True;True;2.331808099988848;1.3108693999238312;96.82000000000001;104.8;394.285546875;394.76953125;7.6;10;303.0546875;303.0546875
74;2;100;0;0;False;64;cupy;True;True;2.3335021999664605;1.2339434998575598;99.89;104.5;394.153515625;394.6875;8.8;11;303.0546875;303.0546875
74;3;100;0;0;False;64;cupy;True;True;2.22757270000875;1.2098650999832898;97.28999999999999;106.8;394.411328125;394.9453125;9.8;11;303.0546875;303.0546875
74;4;100;0;0;False;64;cupy;True;True;2.246118500130251;1.2199039000552148;99.57000000000001;106.0;394.363671875;394.84765625;8.8;11;303.0546875;303.0546875
74;5;100;0;0;False;64;cupy;True;True;2.205814099870622;1.2225452000275254;99.78999999999999;112.2;394.308203125;394.87109375;12.0;13;303.0546875;303.0546875
75;1;100;0;0;True;32;numpy;False;False;0.8423327000346035;0.025008999975398183;;;;;;;;
75;2;100;0;0;True;32;numpy;False;False;0.809610900003463;0.024779099971055984;;;;;;;;
75;3;100;0;0;True;32;numpy;False;False;0.8301548999734223;0.025512599851936102;;;;;;;;
75;4;100;0;0;True;32;numpy;False;False;0.8310628000181168;0.024470000062137842;;;;;;;;
75;5;100;0;0;True;32;numpy;False;False;0.8213440000545233;0.02456779987551272;;;;;;;;
76;1;100;0;0;True;32;numpy;True;True;0.8249498000368476;0.030105600133538246;108.2;573.8;342.19921875;342.6484375;;;;
76;2;100;0;0;True;32;numpy;True;True;0.8393790000118315;0.030644499929621816;102.50999999999999;514.7;342.119140625;342.55859375;;;;
76;3;100;0;0;True;32;numpy;True;True;0.8407903001643717;0.03067489992827177;104.83;530.9;342.423828125;342.87109375;;;;
76;4;100;0;0;True;32;numpy;True;True;0.8510682999622077;0.03640139987692237;134.53;553.3;342.30234375;342.74609375;;;;
76;5;100;0;0;True;32;numpy;True;True;0.8276233999058604;0.030734200030565262;100.47999999999999;545.6;342.625390625;343.06640625;;;;
77;1;100;0;0;True;32;cupy;False;False;2.142182999989018;1.188071799930185;;;;;;;;
77;2;100;0;0;True;32;cupy;False;False;2.1198464001063257;1.1713026000652462;;;;;;;;
77;3;100;0;0;True;32;cupy;False;False;2.1529636001214385;1.1881552999839187;;;;;;;;
77;4;100;0;0;True;32;cupy;False;False;2.1410223999992013;1.1734782999847084;;;;;;;;
77;5;100;0;0;True;32;cupy;False;False;2.12865490000695;1.1843455000780523;;;;;;;;
78;1;100;0;0;True;32;cupy;True;True;2.2060580998659134;1.2297853000927716;99.22;110.4;395.59453125;396.078125;8.9;11;301.0546875;301.0546875
78;2;100;0;0;True;32;cupy;True;True;2.1976104001514614;1.2133613999467343;99.13;105.5;395.442578125;395.859375;9.0;10;301.0546875;301.0546875
78;3;100;0;0;True;32;cupy;True;True;2.214654100127518;1.233221499947831;98.82000000000001;108.1;395.876171875;396.390625;8.2;11;301.0546875;301.0546875
78;4;100;0;0;True;32;cupy;True;True;2.245310600148514;1.2650909000076354;97.59999999999998;107.8;395.719921875;396.2109375;8.8;11;301.0546875;301.0546875
78;5;100;0;0;True;32;cupy;True;True;2.1995979000348598;1.1888323000166565;98.59;107.9;396.22734375;396.55078125;10.4;12;301.0546875;301.0546875
79;1;100;0;0;True;64;numpy;False;False;0.8286504000425339;0.020833399845287204;;;;;;;;
79;2;100;0;0;True;64;numpy;False;False;0.8157146000303328;0.021071800030767918;;;;;;;;
79;3;100;0;0;True;64;numpy;False;False;0.8099730999674648;0.021172499982640147;;;;;;;;
79;4;100;0;0;True;64;numpy;False;False;0.8188493000343442;0.021040300140157342;;;;;;;;
79;5;100;0;0;True;64;numpy;False;False;0.8091964998748153;0.020532700000330806;;;;;;;;
80;1;100;0;0;True;64;numpy;True;True;0.8306773998774588;0.02640959993004799;60.85;608.5;342.328125;342.78125;;;;
80;2;100;0;0;True;64;numpy;True;True;0.829128900077194;0.024930400075390935;65.86;658.6;342.29140625;342.734375;;;;
80;3;100;0;0;True;64;numpy;True;True;0.8198783001862466;0.02561839995905757;125.09;634.2;342.6125;343.0546875;;;;
80;4;100;0;0;True;64;numpy;True;True;0.8565835000481457;0.02507039997726679;125.16;644.4;342.254296875;342.69921875;;;;
80;5;100;0;0;True;64;numpy;True;True;0.8205588001292199;0.02634439989924431;58.510000000000005;585.1;342.2203125;342.66796875;;;;
81;1;100;0;0;True;64;cupy;False;False;2.150047699920833;1.2080162998754531;;;;;;;;
81;2;100;0;0;True;64;cupy;False;False;2.15312230004929;1.2060024000238627;;;;;;;;
81;3;100;0;0;True;64;cupy;False;False;2.1443491999525577;1.189726300071925;;;;;;;;
81;4;100;0;0;True;64;cupy;False;False;2.145940199960023;1.1839817001018673;;;;;;;;
81;5;100;0;0;True;64;cupy;False;False;2.1325310999527574;1.1907652001827955;;;;;;;;
82;1;100;0;0;True;64;cupy;True;True;2.2057749000377953;1.224140000063926;99.74000000000001;105.8;395.62578125;396.109375;10.2;11;301.0546875;301.0546875
82;2;100;0;0;True;64;cupy;True;True;2.183831000002101;1.2121786999050528;100.67999999999999;110.8;395.979296875;396.453125;9.9;11;301.0546875;301.0546875
82;3;100;0;0;True;64;cupy;True;True;2.231423399876803;1.251615900080651;98.97;106.2;395.783203125;396.25;8.5;11;301.0546875;301.0546875
82;4;100;0;0;True;64;cupy;True;True;2.2081933999434114;1.2366533000022173;97.53;107.5;395.901953125;396.37890625;8.0;10;301.0546875;301.0546875
82;5;100;0;0;True;64;cupy;True;True;2.21051809983328;1.2196589999366552;97.71000000000001;106.6;395.741015625;396.23046875;9.2;10;301.0546875;301.0546875
83;1;100;990;0.1;False;32;numpy;False;False;0.8382999999448657;0.02878119982779026;;;;;;;;
83;2;100;990;0.1;False;32;numpy;False;False;0.8357170999515802;0.02844829997047782;;;;;;;;
83;3;100;990;0.1;False;32;numpy;False;False;0.8176136000547558;0.027930800104513764;;;;;;;;
83;4;100;990;0.1;False;32;numpy;False;False;0.8291221999097615;0.028810200048610568;;;;;;;;
83;5;100;990;0.1;False;32;numpy;False;False;0.8236244998406619;0.027569899801164865;;;;;;;;
84;1;100;990;0.1;False;32;numpy;True;True;0.8363254000432789;0.033525099977850914;98.75;500.0;342.359375;342.8046875;;;;
84;2;100;990;0.1;False;32;numpy;True;True;0.8364576001185924;0.03382840007543564;94.47;484.6;342.535546875;342.98046875;;;;
84;3;100;990;0.1;False;32;numpy;True;True;0.8408391000702977;0.032895199954509735;96.09;492.9;342.4578125;342.90234375;;;;
84;4;100;990;0.1;False;32;numpy;True;True;0.8374233001377434;0.03298489982262254;99.78999999999999;507.4;342.693359375;343.1328125;;;;
84;5;100;990;0.1;False;32;numpy;True;True;0.8364112998824567;0.03357440000399947;92.03999999999999;471.5;342.413671875;342.859375;;;;
85;1;100;990;0.1;False;32;cupy;False;False;2.3914264999330044;1.3657658000010997;;;;;;;;
85;2;100;990;0.1;False;32;cupy;False;False;2.366056200116873;1.3457191998604685;;;;;;;;
85;3;100;990;0.1;False;32;cupy;False;False;2.3981188000179827;1.3654211999382824;;;;;;;;
85;4;100;990;0.1;False;32;cupy;False;False;2.3731436000671238;1.3579339999705553;;;;;;;;
85;5;100;990;0.1;False;32;cupy;False;False;2.398809199919924;1.3676938000135124;;;;;;;;
86;1;100;990;0.1;False;32;cupy;True;True;2.4588717001024634;1.4104682998731732;100.05;109.9;525.619140625;526.078125;10.7;11;311.0546875;311.0546875
86;2;100;990;0.1;False;32;cupy;True;True;2.440615899860859;1.391461499966681;99.76;106.6;525.00625;525.4765625;10.7;11;311.0546875;311.0546875
86;3;100;990;0.1;False;32;cupy;True;True;2.4342319001443684;1.3819674998521805;99.28999999999999;109.0;525.172265625;525.6953125;8.2;11;311.0546875;311.0546875
86;4;100;990;0.1;False;32;cupy;True;True;2.430166499922052;1.3827905000653118;99.45;107.7;525.69921875;526.2109375;9.8;11;311.0546875;311.0546875
86;5;100;990;0.1;False;32;cupy;True;True;2.4456434999592602;1.3793870999943465;99.86999999999999;110.5;525.707421875;526.1875;9.5;11;311.0546875;311.0546875
87;1;100;990;0.1;False;64;numpy;False;False;0.823149099946022;0.024588500149548054;;;;;;;;
87;2;100;990;0.1;False;64;numpy;False;False;0.8188405998516828;0.02421659999527037;;;;;;;;
87;3;100;990;0.1;False;64;numpy;False;False;0.8196656999643892;0.02452660002745688;;;;;;;;
87;4;100;990;0.1;False;64;numpy;False;False;0.8482134002260864;0.024262299994006753;;;;;;;;
87;5;100;990;0.1;False;64;numpy;False;False;0.8300362001173198;0.025136400014162064;;;;;;;;
88;1;100;990;0.1;False;64;numpy;True;True;0.8267224000301212;0.03031430020928383;116.37;595.1;342.52890625;342.9765625;;;;
88;2;100;990;0.1;False;64;numpy;True;True;0.8303809000644833;0.02971690008416772;52.779999999999994;527.8;342.441796875;342.89453125;;;;
88;3;100;990;0.1;False;64;numpy;True;True;0.8237442998215556;0.029134400188922882;111.47;593.7;342.69765625;343.140625;;;;
88;4;100;990;0.1;False;64;numpy;True;True;0.857318100053817;0.037531099980697036;83.52000000000001;511.2;342.399609375;342.8515625;;;;
88;5;100;990;0.1;False;64;numpy;True;True;0.8291056000161916;0.03071619989350438;103.6;565.4;342.444921875;342.88671875;;;;
89;1;100;990;0.1;False;64;cupy;False;False;2.381018699845299;1.3630580001045018;;;;;;;;
89;2;100;990;0.1;False;64;cupy;False;False;2.3683787998743355;1.3516887000296265;;;;;;;;
89;3;100;990;0.1;False;64;cupy;False;False;2.408239300129935;1.3627213998697698;;;;;;;;
89;4;100;990;0.1;False;64;cupy;False;False;2.3844222999177873;1.3508561998605728;;;;;;;;
89;5;100;990;0.1;False;64;cupy;False;False;2.3805409998167306;1.3643567999824882;;;;;;;;
90;1;100;990;0.1;False;64;cupy;True;True;2.4467742000706494;1.4091181000694633;100.32;109.2;489.8015625;490.3125;10.4;11;311.0546875;311.0546875
90;2;100;990;0.1;False;64;cupy;True;True;2.4854389999527484;1.4189116000197828;98.41;108.7;489.652734375;490.15625;8.6;11;311.0546875;311.0546875
90;3;100;990;0.1;False;64;cupy;True;True;2.4393414999358356;1.3704327000305057;100.18;109.7;489.801953125;490.328125;9.0;11;311.0546875;311.0546875
90;4;100;990;0.1;False;64;cupy;True;True;2.458961999975145;1.3882433001417667;97.68;109.8;490.128125;490.6171875;9.8;11;311.0546875;311.0546875
90;5;100;990;0.1;False;64;cupy;True;True;2.4669774998910725;1.399748400086537;99.47;106.9;490.35546875;490.8125;9.0;10;311.0546875;311.0546875
91;1;100;990;0.1;True;32;numpy;False;False;0.8213967001065612;0.03154060011729598;;;;;;;;
91;2;100;990;0.1;True;32;numpy;False;False;0.8218054999597371;0.03206850006245077;;;;;;;;
91;3;100;990;0.1;True;32;numpy;False;False;0.8314235999714583;0.032273200107738376;;;;;;;;
91;4;100;990;0.1;True;32;numpy;False;False;0.8460665999446064;0.03168850019574165;;;;;;;;
91;5;100;990;0.1;True;32;numpy;False;False;0.8275063000619411;0.03319339989684522;;;;;;;;
92;1;100;990;0.1;True;32;numpy;True;True;0.8391982999164611;0.03848310001194477;82.83;427.3;342.415625;342.86328125;;;;
92;2;100;990;0.1;True;32;numpy;True;True;0.8388123998884112;0.03830769984051585;123.54;421.6;342.391015625;342.83203125;;;;
92;3;100;990;0.1;True;32;numpy;True;True;0.8368192000780255;0.03937899996526539;116.03000000000002;394.2;342.49296875;342.9296875;;;;
92;4;100;990;0.1;True;32;numpy;True;True;0.8400396001525223;0.0386034999974072;83.28;426.4;342.362890625;342.80859375;;;;
92;5;100;990;0.1;True;32;numpy;True;True;0.8425032999366522;0.038426199927926064;80.42;419.9;342.6625;343.10546875;;;;
93;1;100;990;0.1;True;32;cupy;False;False;2.4421270000748336;1.3649446999188513;;;;;;;;
93;2;100;990;0.1;True;32;cupy;False;False;2.46001400006935;1.4033282999880612;;;;;;;;
93;3;100;990;0.1;True;32;cupy;False;False;2.4567203999031335;1.3984362999908626;;;;;;;;
93;4;100;990;0.1;True;32;cupy;False;False;2.4538977998308837;1.386217099847272;;;;;;;;
93;5;100;990;0.1;True;32;cupy;False;False;2.4464699998497963;1.4004003999289125;;;;;;;;
94;1;100;990;0.1;True;32;cupy;True;True;2.484042099909857;1.4059055000543594;98.2;104.9;500.18359375;500.67578125;10.6;11;303.0546875;303.0546875
94;2;100;990;0.1;True;32;cupy;True;True;2.500290999887511;1.4167015000712126;98.79999999999998;107.1;500.83671875;501.31640625;9.8;11;303.0546875;303.0546875
94;3;100;990;0.1;True;32;cupy;True;True;2.4912446001544595;1.406944700051099;98.64;104.9;500.649609375;501.140625;10.2;11;303.0546875;303.0546875
94;4;100;990;0.1;True;32;cupy;True;True;2.5166116999462247;1.4245287000667304;98.31;106.5;500.834375;501.30859375;10.0;11;303.0546875;303.0546875
94;5;100;990;0.1;True;32;cupy;True;True;2.4816366999875754;1.3992743999697268;99.45;108.5;500.81875;501.32421875;10.6;11;303.0546875;303.0546875
95;1;100;990;0.1;True;64;numpy;False;False;0.8218102001119405;0.028019699966534972;;;;;;;;
95;2;100;990;0.1;True;64;numpy;False;False;0.8186083000618964;0.02736629988066852;;;;;;;;
95;3;100;990;0.1;True;64;numpy;False;False;0.8452241998165846;0.028279300080612302;;;;;;;;
95;4;100;990;0.1;True;64;numpy;False;False;0.8394842999987304;0.02821000013500452;;;;;;;;
95;5;100;990;0.1;True;64;numpy;False;False;0.8224521998781711;0.027833200059831142;;;;;;;;
96;1;100;990;0.1;True;64;numpy;True;True;0.834127000067383;0.03266240004450083;96.88;513.4;342.9015625;343.34375;;;;
96;2;100;990;0.1;True;64;numpy;True;True;0.8534352998249233;0.033704200061038136;95.96;488.7;342.563671875;343.01171875;;;;
96;3;100;990;0.1;True;64;numpy;True;True;0.889178300043568;0.03948589996434748;80.32000000000001;494.1;342.699609375;343.14453125;;;;
96;4;100;990;0.1;True;64;numpy;True;True;0.8747821000870317;0.035499699879437685;143.32999999999998;500.5;342.541015625;342.9765625;;;;
96;5;100;990;0.1;True;64;numpy;True;True;0.8515196000225842;0.0331304999999702;95.67;484.2;342.151171875;342.59765625;;;;
97;1;100;990;0.1;True;64;cupy;False;False;2.4315780999604613;1.3883588998578489;;;;;;;;
97;2;100;990;0.1;True;64;cupy;False;False;2.461020499933511;1.410628099925816;;;;;;;;
97;3;100;990;0.1;True;64;cupy;False;False;2.452697000000626;1.3987157000228763;;;;;;;;
97;4;100;990;0.1;True;64;cupy;False;False;2.469727999996394;1.4140980001538992;;;;;;;;
97;5;100;990;0.1;True;64;cupy;False;False;2.5199618998449296;1.4689696000423282;;;;;;;;
98;1;100;990;0.1;True;64;cupy;True;True;2.5479070998262614;1.4345333999954164;99.33;106.1;500.926953125;501.40625;10.2;11;303.0546875;303.0546875
98;2;100;990;0.1;True;64;cupy;True;True;2.4967847999650985;1.4060279000550508;99.63000000000002;107.6;500.650390625;501.12890625;9.7;11;303.0546875;303.0546875
98;3;100;990;0.1;True;64;cupy;True;True;2.524708299897611;1.4358338001184165;99.32000000000001;103.3;500.167578125;500.6328125;9.1;10;303.0546875;303.0546875
98;4;100;990;0.1;True;64;cupy;True;True;2.541542800143361;1.4446093998849392;98.9;107.1;500.856640625;501.33984375;9.0;11;303.0546875;303.0546875
98;5;100;990;0.1;True;64;cupy;True;True;2.5323103999253362;1.4405448001343757;99.28;102.5;500.519921875;501.0390625;9.0;10;303.0546875;303.0546875
99;1;100;4950;0.5;False;32;numpy;False;False;0.8166196001693606;0.02845570002682507;;;;;;;;
99;2;100;4950;0.5;False;32;numpy;False;False;0.8176366998814046;0.02779640001244843;;;;;;;;
99;3;100;4950;0.5;False;32;numpy;False;False;0.8161206000950187;0.027387100039049983;;;;;;;;
99;4;100;4950;0.5;False;32;numpy;False;False;0.8144554002210498;0.027217700146138668;;;;;;;;
99;5;100;4950;0.5;False;32;numpy;False;False;0.8193423000629991;0.02809410006739199;;;;;;;;
100;1;100;4950;0.5;False;32;numpy;True;True;0.8279124998953193;0.03376570018008351;97.75;500.1;342.566015625;343.01171875;;;;
100;2;100;4950;0.5;False;32;numpy;True;True;0.8498740999493748;0.03778920019976795;92.72999999999999;465.7;342.380078125;342.8203125;;;;
100;3;100;4950;0.5;False;32;numpy;True;True;0.82646459992975;0.034486399963498116;86.52000000000001;439.8;342.3609375;342.81640625;;;;
100;4;100;4950;0.5;False;32;numpy;True;True;0.8266637001652271;0.03409230010583997;89.67999999999999;456.1;342.337890625;342.796875;;;;
100;5;100;4950;0.5;False;32;numpy;True;True;0.8303482001647353;0.036225900053977966;85.47;446.3;342.458984375;342.9140625;;;;
101;1;100;4950;0.5;False;32;cupy;False;False;2.3880141999106854;1.3647880000062287;;;;;;;;
101;2;100;4950;0.5;False;32;cupy;False;False;2.3814658999908715;1.35346579994075;;;;;;;;
101;3;100;4950;0.5;False;32;cupy;False;False;2.405395600013435;1.3643638999201357;;;;;;;;
101;4;100;4950;0.5;False;32;cupy;False;False;2.371100799879059;1.3563498000148684;;;;;;;;
101;5;100;4950;0.5;False;32;cupy;False;False;2.378711699973792;1.3593341000378132;;;;;;;;
102;1;100;4950;0.5;False;32;cupy;True;True;2.4511376000009477;1.391818800009787;100.03;110.1;525.131640625;525.58984375;9.4;10;311.0546875;311.0546875
102;2;100;4950;0.5;False;32;cupy;True;True;2.4816660000942647;1.3933147999923676;98.05;108.4;525.724609375;526.20703125;9.7;10;311.0546875;311.0546875
102;3;100;4950;0.5;False;32;cupy;True;True;2.4892372998874635;1.431153800105676;99.01;108.7;525.323828125;525.84375;10.7;11;311.0546875;311.0546875
102;4;100;4950;0.5;False;32;cupy;True;True;2.5018012998625636;1.4213147999253124;96.71000000000001;110.3;525.219921875;525.71875;10.6;11;311.0546875;311.0546875
102;5;100;4950;0.5;False;32;cupy;True;True;2.4245835999026895;1.3641750998795033;99.52000000000001;107.4;525.4765625;525.96875;8.2;11;311.0546875;311.0546875
103;1;100;4950;0.5;False;64;numpy;False;False;0.8185072001069784;0.024020300013944507;;;;;;;;
103;2;100;4950;0.5;False;64;numpy;False;False;0.818409499945119;0.02505549998022616;;;;;;;;
103;3;100;4950;0.5;False;64;numpy;False;False;0.8354974000249058;0.024519299855455756;;;;;;;;
103;4;100;4950;0.5;False;64;numpy;False;False;0.8305891000200063;0.023772599874064326;;;;;;;;
103;5;100;4950;0.5;False;64;numpy;False;False;0.8240350000560284;0.024086100049316883;;;;;;;;
104;1;100;4950;0.5;False;64;numpy;True;True;0.8158408000599593;0.028918499825522304;107.41;546.7;342.20078125;342.65234375;;;;
104;2;100;4950;0.5;False;64;numpy;True;True;0.8282234999351203;0.030272600008174777;103.4;517.0;342.564453125;343.015625;;;;
104;3;100;4950;0.5;False;64;numpy;True;True;0.828894899925217;0.029670000076293945;51.23;512.3;342.622265625;343.078125;;;;
104;4;100;4950;0.5;False;64;numpy;True;True;0.83484400017187;0.029506999999284744;110.1;564.6;342.37265625;342.8125;;;;
104;5;100;4950;0.5;False;64;numpy;True;True;0.8411248999182135;0.030373099958524108;48.8;488.0;342.501953125;342.94921875;;;;
105;1;100;4950;0.5;False;64;cupy;False;False;2.3557110000401735;1.3263459999579936;;;;;;;;
105;2;100;4950;0.5;False;64;cupy;False;False;2.3812536001205444;1.3623864999972284;;;;;;;;
105;3;100;4950;0.5;False;64;cupy;False;False;2.395133800106123;1.360546899959445;;;;;;;;
105;4;100;4950;0.5;False;64;cupy;False;False;2.3689280999824405;1.3549511001911014;;;;;;;;
105;5;100;4950;0.5;False;64;cupy;False;False;2.379174599889666;1.339945700019598;;;;;;;;
106;1;100;4950;0.5;False;64;cupy;True;True;2.4487841001246125;1.406508999876678;98.58000000000001;105.2;489.649609375;490.140625;9.8;11;311.0546875;311.0546875
106;2;100;4950;0.5;False;64;cupy;True;True;2.438679500017315;1.3845651000738144;99.72999999999999;108.9;489.71328125;490.23046875;9.4;11;311.0546875;311.0546875
106;3;100;4950;0.5;False;64;cupy;True;True;2.5201943998690695;1.4583517999853939;95.52000000000001;108.2;490.020703125;490.5;8.2;11;311.0546875;311.0546875
106;4;100;4950;0.5;False;64;cupy;True;True;2.4568665998522192;1.3795743000227958;98.43999999999998;104.6;489.201953125;489.6640625;9.0;11;311.0546875;311.0546875
106;5;100;4950;0.5;False;64;cupy;True;True;2.4514691999647766;1.3894644998945296;99.83;110.4;489.736328125;490.203125;10.2;11;311.0546875;311.0546875
107;1;100;4950;0.5;True;32;numpy;False;False;0.8327313999179751;0.03493039985187352;;;;;;;;
107;2;100;4950;0.5;True;32;numpy;False;False;0.8641839998308569;0.035138400038704276;;;;;;;;
107;3;100;4950;0.5;True;32;numpy;False;False;0.8400799999944866;0.03510469989851117;;;;;;;;
107;4;100;4950;0.5;True;32;numpy;False;False;0.8266292000189424;0.035577100003138185;;;;;;;;
107;5;100;4950;0.5;True;32;numpy;False;False;0.8324112999252975;0.03398359986022115;;;;;;;;
108;1;100;4950;0.5;True;32;numpy;True;True;0.842048600083217;0.04031169996596873;118.32000000000001;406.3;342.80234375;343.25;;;;
108;2;100;4950;0.5;True;32;numpy;True;True;0.8388519000727683;0.040757999988272786;120.66;424.8;342.800390625;343.25390625;;;;
108;3;100;4950;0.5;True;32;numpy;True;True;0.8765815999358892;0.041571500012651086;112.09;389.3;342.7546875;343.203125;;;;
108;4;100;4950;0.5;True;32;numpy;True;True;0.8478872000705451;0.040959700010716915;72.97999999999999;371.7;342.5890625;343.04296875;;;;
108;5;100;4950;0.5;True;32;numpy;True;True;0.8479923999402672;0.040717399911955;76.42;388.2;342.601953125;343.046875;;;;
109;1;100;4950;0.5;True;32;cupy;False;False;2.4238194001372904;1.3777769000735134;;;;;;;;
109;2;100;4950;0.5;True;32;cupy;False;False;2.456632799934596;1.3858779000584036;;;;;;;;
109;3;100;4950;0.5;True;32;cupy;False;False;2.4501583001110703;1.383608300006017;;;;;;;;
109;4;100;4950;0.5;True;32;cupy;False;False;2.436453200178221;1.3679010001942515;;;;;;;;
109;5;100;4950;0.5;True;32;cupy;False;False;2.4248766999226063;1.3693694998510182;;;;;;;;
110;1;100;4950;0.5;True;32;cupy;True;True;2.5038397999014705;1.4082659999839962;98.79999999999998;105.9;501.157421875;501.69921875;10.9;12;303.0546875;303.0546875
110;2;100;4950;0.5;True;32;cupy;True;True;2.552277100039646;1.4759418000467122;100.11999999999999;107.0;500.85;501.328125;10.6;12;303.0546875;303.0546875
110;3;100;4950;0.5;True;32;cupy;True;True;2.5261705999728292;1.4042317001149058;98.61999999999999;106.1;501.351953125;501.875;9.2;11;303.0546875;303.0546875
110;4;100;4950;0.5;True;32;cupy;True;True;2.4599346998147666;1.379676999989897;99.38;105.7;500.76484375;501.23046875;9.8;11;303.0546875;303.0546875
110;5;100;4950;0.5;True;32;cupy;True;True;2.46953979996033;1.3910352000966668;100.16999999999999;106.5;500.62890625;501.09375;11.0;11;303.0546875;303.0546875
111;1;100;4950;0.5;True;64;numpy;False;False;0.8262273001018912;0.030392299871891737;;;;;;;;
111;2;100;4950;0.5;True;64;numpy;False;False;0.8228708000387996;0.030923400074243546;;;;;;;;
111;3;100;4950;0.5;True;64;numpy;False;False;0.8332752999849617;0.03016929980367422;;;;;;;;
111;4;100;4950;0.5;True;64;numpy;False;False;0.8325234001968056;0.030872100032866;;;;;;;;
111;5;100;4950;0.5;True;64;numpy;False;False;0.8526525001507252;0.031117300037294626;;;;;;;;
112;1;100;4950;0.5;True;64;numpy;True;True;0.8265513998921961;0.0366611999925226;83.75;463.9;342.465234375;342.90625;;;;
112;2;100;4950;0.5;True;64;numpy;True;True;0.8236365001648664;0.036720900097861886;87.85999999999999;461.7;342.46015625;342.91015625;;;;
112;3;100;4950;0.5;True;64;numpy;True;True;0.8611423999536783;0.03845729981549084;75.15;376.6;342.836328125;343.28125;;;;
112;4;100;4950;0.5;True;64;numpy;True;True;0.8369183000177145;0.0370431998744607;126.61999999999998;445.2;342.16640625;342.609375;;;;
112;5;100;4950;0.5;True;64;numpy;True;True;0.8434113999828696;0.03651540004648268;129.04000000000002;434.1;342.5484375;342.99609375;;;;
113;1;100;4950;0.5;True;64;cupy;False;False;2.446799999801442;1.3819082998670638;;;;;;;;
113;2;100;4950;0.5;True;64;cupy;False;False;2.482247699983418;1.4130763001739979;;;;;;;;
113;3;100;4950;0.5;True;64;cupy;False;False;2.4833603000734;1.4334143998567015;;;;;;;;
113;4;100;4950;0.5;True;64;cupy;False;False;2.4414546999614686;1.394025000045076;;;;;;;;
113;5;100;4950;0.5;True;64;cupy;False;False;2.4473947999067605;1.3973940000869334;;;;;;;;
114;1;100;4950;0.5;True;64;cupy;True;True;2.5323699000291526;1.4486022000201046;100.37;105.0;500.773828125;501.25390625;9.5;11;303.0546875;303.0546875
114;2;100;4950;0.5;True;64;cupy;True;True;2.5198057999368757;1.4406389999203384;99.74000000000001;109.7;500.684375;501.1484375;10.2;11;303.0546875;303.0546875
114;3;100;4950;0.5;True;64;cupy;True;True;2.518079899949953;1.4229158000089228;98.87;108.8;501.00234375;501.48828125;10.7;12;303.0546875;303.0546875
114;4;100;4950;0.5;True;64;cupy;True;True;2.5371988001279533;1.4351480999030173;100.49;105.2;500.431640625;500.94140625;10.3;11;303.0546875;303.0546875
114;5;100;4950;0.5;True;64;cupy;True;True;2.5200066999532282;1.4510071000549942;96.19;105.7;501.00078125;501.49609375;9.9;11;303.0546875;303.0546875
115;1;100;9900;1;False;32;numpy;False;False;0.8231542001012713;0.02728209993802011;;;;;;;;
115;2;100;9900;1;False;32;numpy;False;False;0.8203523000702262;0.0276847998611629;;;;;;;;
115;3;100;9900;1;False;32;numpy;False;False;0.8429535999894142;0.029127499787136912;;;;;;;;
115;4;100;9900;1;False;32;numpy;False;False;0.8240898000076413;0.029016500106081367;;;;;;;;
115;5;100;9900;1;False;32;numpy;False;False;0.829987799981609;0.027967600151896477;;;;;;;;
116;1;100;9900;1;False;32;numpy;True;True;0.8223210999276489;0.033563700038939714;90.97999999999999;490.1;342.413671875;342.86328125;;;;
116;2;100;9900;1;False;32;numpy;True;True;0.8348471000790596;0.03337329998612404;94.78;480.0;342.13515625;342.578125;;;;
116;3;100;9900;1;False;32;numpy;True;True;0.8383336998522282;0.033592799911275506;89.13;472.0;342.472265625;342.91796875;;;;
116;4;100;9900;1;False;32;numpy;True;True;0.839929899899289;0.03339989995583892;97.9;502.7;342.40546875;342.8515625;;;;
116;5;100;9900;1;False;32;numpy;True;True;0.8322534000035375;0.034199400106444955;93.62;481.6;342.5484375;342.98828125;;;;
117;1;100;9900;1;False;32;cupy;False;False;2.405472200131044;1.403677900088951;;;;;;;;
117;2;100;9900;1;False;32;cupy;False;False;2.3894116000737995;1.391841199947521;;;;;;;;
117;3;100;9900;1;False;32;cupy;False;False;2.4077149000950158;1.4064538001548499;;;;;;;;
117;4;100;9900;1;False;32;cupy;False;False;2.369446099968627;1.3756944998167455;;;;;;;;
117;5;100;9900;1;False;32;cupy;False;False;2.3994478001259267;1.404334400082007;;;;;;;;
118;1;100;9900;1;False;32;cupy;True;True;2.494328999891877;1.44666160014458;99.70999999999998;105.4;476.815625;477.34765625;8.8;10;311.0546875;311.0546875
118;2;100;9900;1;False;32;cupy;True;True;2.4860395998694003;1.435667100129649;98.19000000000001;105.4;476.310546875;476.8359375;8.2;10;311.0546875;311.0546875
118;3;100;9900;1;False;32;cupy;True;True;2.5175877001602203;1.476037200074643;96.47;104.7;476.790234375;477.2734375;8.6;11;311.0546875;311.0546875
118;4;100;9900;1;False;32;cupy;True;True;2.4385722000151873;1.423513200134039;99.71000000000001;105.7;476.445703125;476.97265625;9.1;11;311.0546875;311.0546875
118;5;100;9900;1;False;32;cupy;True;True;2.4362767001148313;1.4168801000341773;98.96000000000001;109.1;477.15234375;477.66796875;10.3;11;311.0546875;311.0546875
119;1;100;9900;1;False;64;numpy;False;False;0.8120047999545932;0.02406689990311861;;;;;;;;
119;2;100;9900;1;False;64;numpy;False;False;0.8094898001290858;0.024983200011774898;;;;;;;;
119;3;100;9900;1;False;64;numpy;False;False;0.8242295000236481;0.024402700131759048;;;;;;;;
119;4;100;9900;1;False;64;numpy;False;False;0.8446050998754799;0.024802699917927384;;;;;;;;
119;5;100;9900;1;False;64;numpy;False;False;0.8337842000182718;0.024592399829998612;;;;;;;;
120;1;100;9900;1;False;64;numpy;True;True;0.8222179999575019;0.02965130005031824;105.60999999999999;537.4;342.408203125;342.859375;;;;
120;2;100;9900;1;False;64;numpy;True;True;0.8314159999135882;0.030570000177249312;105.4;561.4;342.3109375;342.75390625;;;;
120;3;100;9900;1;False;64;numpy;True;True;0.8216285000089556;0.030722799943760037;99.92999999999999;530.3;342.400390625;342.8515625;;;;
120;4;100;9900;1;False;64;numpy;True;True;0.8274571001529694;0.029417699901387095;112.55999999999999;583.2;342.534765625;342.97265625;;;;
120;5;100;9900;1;False;64;numpy;True;True;0.8664061999879777;0.03385460004210472;101.19000000000001;509.6;342.453125;342.89453125;;;;
121;1;100;9900;1;False;64;cupy;False;False;2.3751179000828415;1.3774850000627339;;;;;;;;
121;2;100;9900;1;False;64;cupy;False;False;2.3755019998643547;1.3819515998475254;;;;;;;;
121;3;100;9900;1;False;64;cupy;False;False;2.3678282001055777;1.367284500040114;;;;;;;;
121;4;100;9900;1;False;64;cupy;False;False;2.511566499946639;1.5197395998984575;;;;;;;;
121;5;100;9900;1;False;64;cupy;False;False;2.4105078000575304;1.3779262001626194;;;;;;;;
122;1;100;9900;1;False;64;cupy;True;True;2.4262393000535667;1.403050099965185;99.68;106.3;441.24375;441.70703125;9.0;10;311.0546875;311.0546875
122;2;100;9900;1;False;64;cupy;True;True;2.450495099881664;1.39862579992041;98.15;107.8;441.137890625;441.65625;9.1;11;311.0546875;311.0546875
122;3;100;9900;1;False;64;cupy;True;True;2.438542100135237;1.414458699990064;100.82000000000002;109.7;441.14140625;441.609375;9.8;11;311.0546875;311.0546875
122;4;100;9900;1;False;64;cupy;True;True;2.480168400099501;1.4256582998204976;99.3;107.9;441.43671875;441.89453125;10.0;11;311.0546875;311.0546875
122;5;100;9900;1;False;64;cupy;True;True;2.430898299906403;1.4137749001383781;99.21000000000001;109.3;441.208984375;441.75390625;8.2;11;311.0546875;311.0546875
123;1;100;9900;1;True;32;numpy;False;False;0.8532255999743938;0.04133830009959638;;;;;;;;
123;2;100;9900;1;True;32;numpy;False;False;0.8365093001630157;0.03872599988244474;;;;;;;;
123;3;100;9900;1;True;32;numpy;False;False;0.8456287998706102;0.038743200013414025;;;;;;;;
123;4;100;9900;1;True;32;numpy;False;False;0.8340622999239713;0.037449700059369206;;;;;;;;
123;5;100;9900;1;True;32;numpy;False;False;0.8365370999090374;0.03935019997879863;;;;;;;;
124;1;100;9900;1;True;32;numpy;True;True;0.8524304998572916;0.0448318999260664;105.50999999999999;358.1;342.36015625;342.81640625;;;;
124;2;100;9900;1;True;32;numpy;True;True;0.8391390000469983;0.04521649982780218;102.50999999999999;350.2;342.390625;342.83984375;;;;
124;3;100;9900;1;True;32;numpy;True;True;0.8503650000784546;0.04494599997997284;102.8;348.1;342.399609375;342.8359375;;;;
124;4;100;9900;1;True;32;numpy;True;True;0.8492025001905859;0.044677000027149916;106.62;365.6;342.52890625;342.984375;;;;
124;5;100;9900;1;True;32;numpy;True;True;0.8421614000108093;0.04526109993457794;101.4;348.2;342.51484375;342.95703125;;;;
125;1;100;9900;1;True;32;cupy;False;False;2.473101800074801;1.4328823001123965;;;;;;;;
125;2;100;9900;1;True;32;cupy;False;False;2.457270999904722;1.4116366000380367;;;;;;;;
125;3;100;9900;1;True;32;cupy;False;False;2.4739812000188977;1.4399520999286324;;;;;;;;
125;4;100;9900;1;True;32;cupy;False;False;2.45450869994238;1.4180950000882149;;;;;;;;
125;5;100;9900;1;True;32;cupy;False;False;2.4780707999598235;1.4449638000223786;;;;;;;;
126;1;100;9900;1;True;32;cupy;True;True;2.4957181001082063;1.441372400149703;99.74999999999999;102.7;451.70703125;452.234375;9.0;10;303.0546875;303.0546875
126;2;100;9900;1;True;32;cupy;True;True;2.524583499878645;1.4614472999237478;99.52;109.2;452.038671875;452.55859375;9.0;10;303.0546875;303.0546875
126;3;100;9900;1;True;32;cupy;True;True;2.5151273000519723;1.4578388999216259;99.19;103.4;451.988671875;452.45703125;8.7;10;303.0546875;303.0546875
126;4;100;9900;1;True;32;cupy;True;True;2.535664399852976;1.4682276998646557;100.21;102.8;451.887109375;452.34765625;9.0;10;303.0546875;303.0546875
126;5;100;9900;1;True;32;cupy;True;True;2.494939799886197;1.4486492001451552;100.4;104.0;452.33671875;452.80078125;9.6;10;303.0546875;303.0546875
127;1;100;9900;1;True;64;numpy;False;False;0.8238081999588758;0.03280550008639693;;;;;;;;
127;2;100;9900;1;True;64;numpy;False;False;0.8348378001246601;0.03379700006917119;;;;;;;;
127;3;100;9900;1;True;64;numpy;False;False;0.8429368000943214;0.03480109991505742;;;;;;;;
127;4;100;9900;1;True;64;numpy;False;False;0.8311819999944419;0.033443500055000186;;;;;;;;
127;5;100;9900;1;True;64;numpy;False;False;0.8373981001786888;0.0339627000503242;;;;;;;;
128;1;100;9900;1;True;64;numpy;True;True;0.8398559000343084;0.039839399978518486;81.08;415.2;342.65;343.09375;;;;
128;2;100;9900;1;True;64;numpy;True;True;0.8639867999590933;0.04016279987990856;116.66;398.8;342.462109375;342.90625;;;;
128;3;100;9900;1;True;64;numpy;True;True;0.843212200095877;0.04028590000234544;78.02000000000001;409.0;342.24375;342.69140625;;;;
128;4;100;9900;1;True;64;numpy;True;True;0.843085200060159;0.0406856001354754;109.4;381.7;342.09921875;342.546875;;;;
128;5;100;9900;1;True;64;numpy;True;True;0.8399396000895649;0.03920719982124865;82.03;414.2;342.66171875;343.11328125;;;;
129;1;100;9900;1;True;64;cupy;False;False;2.479190899990499;1.4415295999497175;;;;;;;;
129;2;100;9900;1;True;64;cupy;False;False;2.4680844000540674;1.4372919001616538;;;;;;;;
129;3;100;9900;1;True;64;cupy;False;False;2.4609791999682784;1.4219714000355452;;;;;;;;
129;4;100;9900;1;True;64;cupy;False;False;2.4323247000575066;1.3961090999655426;;;;;;;;
129;5;100;9900;1;True;64;cupy;False;False;2.4629517002031207;1.4256681001279503;;;;;;;;
130;1;100;9900;1;True;64;cupy;True;True;2.494821799919009;1.431546499952674;99.27000000000001;103.4;451.74140625;452.234375;10.0;11;303.0546875;303.0546875
130;2;100;9900;1;True;64;cupy;True;True;2.5168159999884665;1.454106300137937;97.91999999999999;108.4;451.560546875;452.05859375;10.0;11;303.0546875;303.0546875
130;3;100;9900;1;True;64;cupy;True;True;2.5066802001092583;1.4528206000104547;99.07;110.2;451.4921875;452.03515625;9.6;11;303.0546875;303.0546875
130;4;100;9900;1;True;64;cupy;True;True;2.5946702000219375;1.5412939998786896;96.92;109.1;452.04453125;452.5078125;8.0;11;303.0546875;303.0546875
130;5;100;9900;1;True;64;cupy;True;True;2.4763085001613945;1.4321687000337988;100.24999999999999;109.3;451.996484375;452.51171875;10.0;11;303.0546875;303.0546875
131;1;1000;0;0;False;32;numpy;False;False;0.8501341000664979;0.03929169988259673;;;;;;;;
131;2;1000;0;0;False;32;numpy;False;False;0.8322828998789191;0.0406031000893563;;;;;;;;
131;3;1000;0;0;False;32;numpy;False;False;0.8595843999646604;0.040024199988693;;;;;;;;
131;4;1000;0;0;False;32;numpy;False;False;0.8496385000180453;0.039583100005984306;;;;;;;;
131;5;1000;0;0;False;32;numpy;False;False;0.8413289000745863;0.04013990005478263;;;;;;;;
132;1;1000;0;0;False;32;numpy;True;True;0.8389839997980744;0.045869699912145734;105.27000000000001;361.5;359.4546875;364.53515625;;;;
132;2;1000;0;0;False;32;numpy;True;True;0.8649399999994785;0.0556530999019742;80.2;303.0;359.812890625;364.890625;;;;
132;3;1000;0;0;False;32;numpy;True;True;0.8452220000326633;0.04965369985438883;95.9;337.8;359.475390625;364.5546875;;;;
132;4;1000;0;0;False;32;numpy;True;True;0.8520568001549691;0.04706530016846955;97.9;360.1;359.39140625;364.47265625;;;;
132;5;1000;0;0;False;32;numpy;True;True;0.8442681001033634;0.047431299928575754;97.2;339.8;359.521484375;364.60546875;;;;
133;1;1000;0;0;False;32;cupy;False;False;3.10670889983885;2.0671377000398934;;;;;;;;
133;2;1000;0;0;False;32;cupy;False;False;2.8674045000225306;1.870130700059235;;;;;;;;
133;3;1000;0;0;False;32;cupy;False;False;2.8741522999480367;1.8918741999659687;;;;;;;;
133;4;1000;0;0;False;32;cupy;False;False;2.8614988001063466;1.894993199966848;;;;;;;;
133;5;1000;0;0;False;32;cupy;False;False;2.853215199895203;1.8708764999173582;;;;;;;;
134;1;1000;0;0;False;32;cupy;True;True;2.9295516000129282;1.94523960002698;99.04;105.5;408.7609375;414.3359375;10.5;11;311.0546875;311.0546875
134;2;1000;0;0;False;32;cupy;True;True;2.894358200021088;1.8942460000980645;99.88;101.5;408.2265625;413.78125;10.2;11;311.0546875;311.0546875
134;3;1000;0;0;False;32;cupy;True;True;3.0610405998304486;2.067197300028056;96.31;107.4;408.642578125;414.24609375;8.9;11;311.0546875;311.0546875
134;4;1000;0;0;False;32;cupy;True;True;2.9708416000939906;1.9721754000056535;96.7;107.6;408.498828125;414.12890625;9.3;11;311.0546875;311.0546875
134;5;1000;0;0;False;32;cupy;True;True;2.929071499966085;1.9251300999894738;99.91999999999999;103.1;408.205859375;413.83984375;9.6;11;311.0546875;311.0546875
135;1;1000;0;0;False;64;numpy;False;False;0.8376629999838769;0.03496140008792281;;;;;;;;
135;2;1000;0;0;False;64;numpy;False;False;0.8367236000485718;0.0348040999379009;;;;;;;;
135;3;1000;0;0;False;64;numpy;False;False;0.8428446999751031;0.03485900000669062;;;;;;;;
135;4;1000;0;0;False;64;numpy;False;False;0.8589218999259174;0.03505599987693131;;;;;;;;
135;5;1000;0;0;False;64;numpy;False;False;0.8451742001343518;0.03489300003275275;;;;;;;;
136;1;1000;0;0;False;64;numpy;True;True;0.8602130999788642;0.04195179999805987;116.29;413.8;363.150390625;368.62109375;;;;
136;2;1000;0;0;False;64;numpy;True;True;0.8425652000587434;0.043945300159975886;113.04;393.6;362.66640625;368.13671875;;;;
136;3;1000;0;0;False;64;numpy;True;True;0.8412140000145882;0.04365910007618368;106.9;362.1;362.8890625;368.37109375;;;;
136;4;1000;0;0;False;64;numpy;True;True;0.8441185001283884;0.04150560009293258;76.69;386.2;363.093359375;368.17578125;;;;
136;5;1000;0;0;False;64;numpy;True;True;0.8828125;0.04279559990391135;115.25;389.8;363.096875;368.5703125;;;;
137;1;1000;0;0;False;64;cupy;False;False;2.8467667000368237;1.8835577999707311;;;;;;;;
137;2;1000;0;0;False;64;cupy;False;False;2.859716600039974;1.9012923000846058;;;;;;;;
137;3;1000;0;0;False;64;cupy;False;False;2.8911829001735896;1.919911599950865;;;;;;;;
137;4;1000;0;0;False;64;cupy;False;False;2.8821426001377404;1.911285299807787;;;;;;;;
137;5;1000;0;0;False;64;cupy;False;False;2.8396978999953717;1.8713223999366164;;;;;;;;
138;1;1000;0;0;False;64;cupy;True;True;2.949677800061181;1.9454344999976456;99.66;107.5;412.93359375;418.6328125;9.5;11;321.0546875;321.0546875
138;2;1000;0;0;False;64;cupy;True;True;2.969339699950069;1.9780600999947637;100.42;106.0;412.653125;418.37109375;9.3;11;321.0546875;321.0546875
138;3;1000;0;0;False;64;cupy;True;True;2.9532955999020487;1.9477489001583308;99.15;107.2;412.911328125;418.5390625;9.9;11;321.0546875;321.0546875
138;4;1000;0;0;False;64;cupy;True;True;2.9794358001090586;1.963357900036499;99.01000000000002;105.7;413.527734375;419.21875;10.5;11;321.0546875;321.0546875
138;5;1000;0;0;False;64;cupy;True;True;2.9824336001183838;1.9470778999384493;99.14;104.9;412.58671875;418.23828125;10.3;11;321.0546875;321.0546875
139;1;1000;0;0;True;32;numpy;False;False;0.8613015001174062;0.03909739991649985;;;;;;;;
139;2;1000;0;0;True;32;numpy;False;False;0.8347502001561224;0.03998990007676184;;;;;;;;
139;3;1000;0;0;True;32;numpy;False;False;0.8329733000136912;0.03967859991826117;;;;;;;;
139;4;1000;0;0;True;32;numpy;False;False;0.8744226999115199;0.04176670010201633;;;;;;;;
139;5;1000;0;0;True;32;numpy;False;False;0.8732761000283062;0.042309500044211745;;;;;;;;
140;1;1000;0;0;True;32;numpy;True;True;0.8542557000182569;0.047356899827718735;103.05;357.2;355.30390625;360.76953125;;;;
140;2;1000;0;0;True;32;numpy;True;True;0.8590520999860018;0.046206000028178096;99.57000000000001;350.9;355.54375;361.0078125;;;;
140;3;1000;0;0;True;32;numpy;True;True;0.8435291999485344;0.046660500112921;100.93999999999998;347.7;355.52265625;361.0078125;;;;
140;4;1000;0;0;True;32;numpy;True;True;0.843466900056228;0.04687649989500642;105.03;363.7;355.5328125;361.01171875;;;;
140;5;1000;0;0;True;32;numpy;True;True;0.8752913998905569;0.04566300008445978;104.64000000000001;356.0;355.190625;360.6640625;;;;
141;1;1000;0;0;True;32;cupy;False;False;2.913339300081134;1.9077721000649035;;;;;;;;
141;2;1000;0;0;True;32;cupy;False;False;2.8555280999280512;1.9108188000973314;;;;;;;;
141;3;1000;0;0;True;32;cupy;False;False;2.877299099927768;1.92820810014382;;;;;;;;
141;4;1000;0;0;True;32;cupy;False;False;2.9105363998096436;1.9457557001151145;;;;;;;;
141;5;1000;0;0;True;32;cupy;False;False;2.846237399848178;1.8967449001502246;;;;;;;;
142;1;1000;0;0;True;32;cupy;True;True;2.9328765999525785;1.9476838998962194;99.67999999999999;107.5;410.612890625;416.16796875;10.2;11;305.0546875;305.0546875
142;2;1000;0;0;True;32;cupy;True;True;2.930848899995908;1.9516452001407743;98.7;106.8;410.1078125;415.7421875;9.6;11;305.0546875;305.0546875
142;3;1000;0;0;True;32;cupy;True;True;2.9325576000846922;1.9618286001496017;98.88000000000001;105.9;410.273046875;415.8984375;10.4;11;305.0546875;305.0546875
142;4;1000;0;0;True;32;cupy;True;True;3.051262699998915;2.0808872000779957;97.57999999999998;105.8;410.473046875;416.1015625;10.5;11;305.0546875;305.0546875
142;5;1000;0;0;True;32;cupy;True;True;2.9098040000535548;1.9369909001979977;97.69;107.2;410.65;416.2734375;9.6;11;305.0546875;305.0546875
143;1;1000;0;0;True;64;numpy;False;False;0.8360018997918814;0.03470670012757182;;;;;;;;
143;2;1000;0;0;True;64;numpy;False;False;0.8519315000157803;0.035314599983394146;;;;;;;;
143;3;1000;0;0;True;64;numpy;False;False;0.840557900024578;0.0351388999260962;;;;;;;;
143;4;1000;0;0;True;64;numpy;False;False;0.8281366000883281;0.03579819994047284;;;;;;;;
143;5;1000;0;0;True;64;numpy;False;False;0.8278237998019904;0.034994699992239475;;;;;;;;
144;1;1000;0;0;True;64;numpy;True;True;0.863405000185594;0.04163439990952611;114.56999999999998;385.9;355.455859375;360.92578125;;;;
144;2;1000;0;0;True;64;numpy;True;True;0.8460526999551803;0.04174620006233454;113.67;395.5;355.18046875;360.65625;;;;
144;3;1000;0;0;True;64;numpy;True;True;0.8733014999888837;0.0412775999866426;116.9;406.9;355.545703125;361.0234375;;;;
144;4;1000;0;0;True;64;numpy;True;True;0.8399122999981046;0.04138100007548928;116.15;401.1;355.20703125;360.6875;;;;
144;5;1000;0;0;True;64;numpy;True;True;0.853433100041002;0.04981600004248321;87.53;310.1;355.17734375;360.66015625;;;;
145;1;1000;0;0;True;64;cupy;False;False;2.9052452999167144;1.9186275999527425;;;;;;;;
145;2;1000;0;0;True;64;cupy;False;False;2.8690497998613864;1.917959799990058;;;;;;;;
145;3;1000;0;0;True;64;cupy;False;False;2.8517356999218464;1.9094440001063049;;;;;;;;
145;4;1000;0;0;True;64;cupy;False;False;2.859801199985668;1.9041899000294507;;;;;;;;
145;5;1000;0;0;True;64;cupy;False;False;2.8789797998033464;1.9230044998694211;;;;;;;;
146;1;1000;0;0;True;64;cupy;True;True;2.918198399944231;1.9475505999289453;98.80000000000001;105.2;414.103125;419.84765625;9.9;11;311.0546875;311.0546875
146;2;1000;0;0;True;64;cupy;True;True;2.9158942999783903;1.9332578999456018;98.78999999999999;105.7;414.490234375;420.1171875;10.2;11;311.0546875;311.0546875
146;3;1000;0;0;True;64;cupy;True;True;2.9170883998740464;1.9493102999404073;99.43000000000002;106.6;413.809375;419.52734375;9.6;11;311.0546875;311.0546875
146;4;1000;0;0;True;64;cupy;True;True;2.9376791000831872;1.9459921999368817;98.34;107.3;414.4265625;420.12109375;10.4;11;311.0546875;311.0546875
146;5;1000;0;0;True;64;cupy;True;True;2.9504705001600087;1.9635221001226455;100.43;106.1;414.546484375;420.20703125;11.3;12;311.0546875;311.0546875
147;1;1000;99900;0.1;False;32;numpy;False;False;0.9690870998892933;0.147857999894768;;;;;;;;
147;2;1000;99900;0.1;False;32;numpy;False;False;0.963968199910596;0.14704109984450042;;;;;;;;
147;3;1000;99900;0.1;False;32;numpy;False;False;0.965018599992618;0.14629619987681508;;;;;;;;
147;4;1000;99900;0.1;False;32;numpy;False;False;0.9486857999581844;0.14714980009011924;;;;;;;;
147;5;1000;99900;0.1;False;32;numpy;False;False;0.9807105001527816;0.14700310002081096;;;;;;;;
148;1;1000;99900;0.1;False;32;numpy;True;True;0.9766283999197185;0.1633309000171721;124.75;193.1;359.78828125;365.265625;;;;
148;2;1000;99900;0.1;False;32;numpy;True;True;0.9876468000002205;0.16263510007411242;136.01000000000002;199.7;359.605859375;365.0859375;;;;
148;3;1000;99900;0.1;False;32;numpy;True;True;0.976219299947843;0.16312370006926358;211.39000000000001;406.7;359.5890625;365.078125;;;;
148;4;1000;99900;0.1;False;32;numpy;True;True;1.00317019992508;0.16914350003935397;223.48000000000002;389.2;359.46015625;364.9296875;;;;
148;5;1000;99900;0.1;False;32;numpy;True;True;0.9841387998312712;0.16241410002112389;193.0;381.8;360.05;365.125;;;;
149;1;1000;99900;0.1;False;32;cupy;False;False;3.1313158001285046;2.1130792000330985;;;;;;;;
149;2;1000;99900;0.1;False;32;cupy;False;False;3.0887649999931455;2.0641031998675317;;;;;;;;
149;3;1000;99900;0.1;False;32;cupy;False;False;3.125519399996847;2.0679181998129934;;;;;;;;
149;4;1000;99900;0.1;False;32;cupy;False;False;3.09168089996092;2.0690931999124587;;;;;;;;
149;5;1000;99900;0.1;False;32;cupy;False;False;3.1075217998586595;2.07561399997212;;;;;;;;
150;1;1000;99900;0.1;False;32;cupy;True;True;3.2016370999626815;2.130701399873942;99.25000000000003;102.4;539.578125;545.24609375;10.4;12;319.0546875;319.0546875
150;2;1000;99900;0.1;False;32;cupy;True;True;3.1537587998900563;2.0939464000985026;99.66;103.9;539.77890625;545.33203125;11.0;12;319.0546875;319.0546875
150;3;1000;99900;0.1;False;32;cupy;True;True;3.179422999965027;2.1131056000012904;99.36000000000001;102.1;538.97890625;544.6015625;10.0;12;319.0546875;319.0546875
150;4;1000;99900;0.1;False;32;cupy;True;True;3.179211199982092;2.1119969999417663;99.19;102.5;539.36640625;545.0078125;11.7;13;319.0546875;319.0546875
150;5;1000;99900;0.1;False;32;cupy;True;True;3.135487799998373;2.092490900075063;100.19999999999999;102.7;539.09921875;544.69921875;11.4;12;319.0546875;319.0546875
151;1;1000;99900;0.1;False;64;numpy;False;False;1.0006916001439095;0.14963470003567636;;;;;;;;
151;2;1000;99900;0.1;False;64;numpy;False;False;0.9662756999023259;0.14298720005899668;;;;;;;;
151;3;1000;99900;0.1;False;64;numpy;False;False;0.9790952000766993;0.1463886999990791;;;;;;;;
151;4;1000;99900;0.1;False;64;numpy;False;False;0.9596579000353813;0.1470548000652343;;;;;;;;
151;5;1000;99900;0.1;False;64;numpy;False;False;0.9594272000249475;0.14637789991684258;;;;;;;;
152;1;1000;99900;0.1;False;64;numpy;True;True;1.0265975000802428;0.17891740007326007;153.76999999999998;327.8;363.4671875;368.94921875;;;;
152;2;1000;99900;0.1;False;64;numpy;True;True;1.0032070002052933;0.17078379984013736;154.69;281.4;363.6734375;368.74609375;;;;
152;3;1000;99900;0.1;False;64;numpy;True;True;0.9830584998708218;0.16649410012178123;160.1;379.0;363.594140625;369.07421875;;;;
152;4;1000;99900;0.1;False;64;numpy;True;True;1.0042717999313027;0.16640009987168014;215.33;356.5;363.338671875;368.82421875;;;;
152;5;1000;99900;0.1;False;64;numpy;True;True;0.9922252998221666;0.16646980005316436;151.65;395.7;363.676953125;369.15234375;;;;
153;1;1000;99900;0.1;False;64;cupy;False;False;3.1146303999703377;2.092584100086242;;;;;;;;
153;2;1000;99900;0.1;False;64;cupy;False;False;3.1116057001054287;2.0821201999206096;;;;;;;;
153;3;1000;99900;0.1;False;64;cupy;False;False;3.1265158001333475;2.0891644000075758;;;;;;;;
153;4;1000;99900;0.1;False;64;cupy;False;False;3.1106108999811113;2.0861470999661833;;;;;;;;
153;5;1000;99900;0.1;False;64;cupy;False;False;3.073435999918729;2.046817700145766;;;;;;;;
154;1;1000;99900;0.1;False;64;cupy;True;True;3.182778400136158;2.1499799001030624;98.95999999999998;102.8;508.9;514.59375;12.8;14;329.0546875;329.0546875
154;2;1000;99900;0.1;False;64;cupy;True;True;3.1689719001296908;2.12560150003992;99.66999999999999;105.4;509.23671875;514.9296875;12.5;14;329.0546875;329.0546875
154;3;1000;99900;0.1;False;64;cupy;True;True;3.1516367001459002;2.0822904999367893;97.82000000000001;102.1;509.399609375;515.06640625;14.0;14;329.0546875;329.0546875
154;4;1000;99900;0.1;False;64;cupy;True;True;3.2008009999990463;2.1708557000383735;99.15;103.8;508.913671875;514.546875;12.6;14;329.0546875;329.0546875
154;5;1000;99900;0.1;False;64;cupy;True;True;3.1713456998113543;2.121066499967128;98.99;100.5;509.797265625;515.40625;12.7;14;329.0546875;329.0546875
155;1;1000;99900;0.1;True;32;numpy;False;False;0.9640967000741512;0.11100029991939664;;;;;;;;
155;2;1000;99900;0.1;True;32;numpy;False;False;0.9265858000144362;0.10951769980601966;;;;;;;;
155;3;1000;99900;0.1;True;32;numpy;False;False;0.9294361001811922;0.11115800007246435;;;;;;;;
155;4;1000;99900;0.1;True;32;numpy;False;False;0.9295288999564946;0.11237769993022084;;;;;;;;
155;5;1000;99900;0.1;True;32;numpy;False;False;0.9174019999336451;0.10823430004529655;;;;;;;;
156;1;1000;99900;0.1;True;32;numpy;True;True;0.9431499000638723;0.1223490999545902;90.07000000000001;131.4;356.7390625;361.8203125;;;;
156;2;1000;99900;0.1;True;32;numpy;True;True;0.9516583001241088;0.12184949987567961;89.99000000000001;132.5;356.899609375;361.98828125;;;;
156;3;1000;99900;0.1;True;32;numpy;True;True;0.9483111000154167;0.12093510013073683;103.55999999999999;132.7;356.926953125;362.0;;;;
156;4;1000;99900;0.1;True;32;numpy;True;True;0.9418271000031382;0.12164230016060174;89.09;130.6;356.750390625;361.83984375;;;;
156;5;1000;99900;0.1;True;32;numpy;True;True;0.9622313999570906;0.12449189997278154;100.8;129.1;357.0875;362.1640625;;;;
157;1;1000;99900;0.1;True;32;cupy;False;False;3.1875213000457734;2.111170700052753;;;;;;;;
157;2;1000;99900;0.1;True;32;cupy;False;False;3.166465000016615;2.084773200098425;;;;;;;;
157;3;1000;99900;0.1;True;32;cupy;False;False;3.206959599861875;2.1338376998901367;;;;;;;;
157;4;1000;99900;0.1;True;32;cupy;False;False;3.322639799909666;2.260224799858406;;;;;;;;
157;5;1000;99900;0.1;True;32;cupy;False;False;3.1640312999952585;2.0884541000705212;;;;;;;;
158;1;1000;99900;0.1;True;32;cupy;True;True;3.26046340004541;2.1824417000170797;99.21;105.3;515.61640625;521.27734375;11.0;11;309.0546875;309.0546875
158;2;1000;99900;0.1;True;32;cupy;True;True;3.2735594999976456;2.148267100099474;98.32;104.9;515.598828125;521.25;10.2;11;309.0546875;309.0546875
158;3;1000;99900;0.1;True;32;cupy;True;True;3.2493883999995887;2.142530799843371;98.78999999999999;105.0;515.355078125;520.9921875;11.0;11;309.0546875;309.0546875
158;4;1000;99900;0.1;True;32;cupy;True;True;3.339063399937004;2.2386513999663293;97.19000000000001;105.5;515.201953125;520.90625;8.7;11;309.0546875;309.0546875
158;5;1000;99900;0.1;True;32;cupy;True;True;3.212246699957177;2.1322430002037436;98.27000000000001;103.9;515.5921875;521.1796875;11.2;12;309.0546875;309.0546875
159;1;1000;99900;0.1;True;64;numpy;False;False;0.9568474001716822;0.10813409998081625;;;;;;;;
159;2;1000;99900;0.1;True;64;numpy;False;False;0.9202529999893159;0.10774540016427636;;;;;;;;
159;3;1000;99900;0.1;True;64;numpy;False;False;0.9276824998669326;0.10756799997761846;;;;;;;;
159;4;1000;99900;0.1;True;64;numpy;False;False;0.9235527999699116;0.10480740014463663;;;;;;;;
159;5;1000;99900;0.1;True;64;numpy;False;False;0.9190869000740349;0.10560619994066656;;;;;;;;
160;1;1000;99900;0.1;True;64;numpy;True;True;0.9387253001332283;0.11830829991959035;105.63;137.1;357.407421875;362.484375;;;;
160;2;1000;99900;0.1;True;64;numpy;True;True;0.9292689999565482;0.11649549985304475;93.41999999999999;137.0;357.56796875;362.6484375;;;;
160;3;1000;99900;0.1;True;64;numpy;True;True;0.9453623001463711;0.11612839996814728;107.66;139.8;357.341796875;362.4140625;;;;
160;4;1000;99900;0.1;True;64;numpy;True;True;0.945952600101009;0.1273616999387741;99.94;137.4;357.38984375;362.47265625;;;;
160;5;1000;99900;0.1;True;64;numpy;True;True;0.9254320000763983;0.11668510013259947;107.39000000000001;139.5;357.446875;362.5234375;;;;
161;1;1000;99900;0.1;True;64;cupy;False;False;3.203652299940586;2.128488500136882;;;;;;;;
161;2;1000;99900;0.1;True;64;cupy;False;False;3.1720940000377595;2.1085683000274003;;;;;;;;
161;3;1000;99900;0.1;True;64;cupy;False;False;3.2009439999237657;2.1161939001176506;;;;;;;;
161;4;1000;99900;0.1;True;64;cupy;False;False;3.1794680999591947;2.1215017000213265;;;;;;;;
161;5;1000;99900;0.1;True;64;cupy;False;False;3.1587175000458956;2.1004348997958004;;;;;;;;
162;1;1000;99900;0.1;True;64;cupy;True;True;3.246843700064346;2.150389099959284;100.26;104.9;519.462890625;525.16796875;12.0;12;315.0546875;315.0546875
162;2;1000;99900;0.1;True;64;cupy;True;True;3.2842203001491725;2.18308989983052;98.70000000000002;105.2;519.27421875;524.9765625;10.9;12;315.0546875;315.0546875
162;3;1000;99900;0.1;True;64;cupy;True;True;3.2280403000768274;2.155227500014007;99.47999999999999;104.1;519.589453125;525.28125;11.9;14;315.0546875;315.0546875
162;4;1000;99900;0.1;True;64;cupy;True;True;3.25505069992505;2.164105399977416;99.03;104.8;519.903515625;525.5703125;11.1;12;315.0546875;315.0546875
162;5;1000;99900;0.1;True;64;cupy;True;True;3.250085099833086;2.157748900121078;99.16000000000001;105.5;519.929296875;525.59765625;11.9;14;315.0546875;315.0546875
163;1;1000;249750;0.25;False;32;numpy;False;False;0.9862188999541104;0.1462447999510914;;;;;;;;
163;2;1000;249750;0.25;False;32;numpy;False;False;0.9706000001169741;0.14599550003185868;;;;;;;;
163;3;1000;249750;0.25;False;32;numpy;False;False;0.9696792000904679;0.150924599962309;;;;;;;;
163;4;1000;249750;0.25;False;32;numpy;False;False;0.9657695998903364;0.14473200007341802;;;;;;;;
163;5;1000;249750;0.25;False;32;numpy;False;False;0.9817719000857323;0.1540783999953419;;;;;;;;
164;1;1000;249750;0.25;False;32;numpy;True;True;1.041747400071472;0.162541399942711;162.45;371.4;359.467578125;364.9453125;;;;
164;2;1000;249750;0.25;False;32;numpy;True;True;0.9944946998730302;0.16370419994927943;143.81;296.7;360.05390625;365.1328125;;;;
164;3;1000;249750;0.25;False;32;numpy;True;True;0.9888077001087368;0.1597770000807941;157.18;303.5;359.639453125;365.14453125;;;;
164;4;1000;249750;0.25;False;32;numpy;True;True;1.0059311999939382;0.17600879981182516;153.18;244.0;359.71015625;364.796875;;;;
164;5;1000;249750;0.25;False;32;numpy;True;True;0.9912133000325412;0.16106480010785162;176.85999999999999;399.1;359.775;364.859375;;;;
165;1;1000;249750;0.25;False;32;cupy;False;False;3.1041940997820348;2.066007500048727;;;;;;;;
165;2;1000;249750;0.25;False;32;cupy;False;False;3.4908911001402885;2.4688433001283556;;;;;;;;
165;3;1000;249750;0.25;False;32;cupy;False;False;3.109393500024453;2.0852797999978065;;;;;;;;
165;4;1000;249750;0.25;False;32;cupy;False;False;3.124333499930799;2.0777157000266016;;;;;;;;
165;5;1000;249750;0.25;False;32;cupy;False;False;3.1041457999963313;2.073296899907291;;;;;;;;
166;1;1000;249750;0.25;False;32;cupy;True;True;3.1548754000104964;2.0990006998181343;99.65;102.2;539.57734375;545.10546875;10.8;12;319.0546875;319.0546875
166;2;1000;249750;0.25;False;32;cupy;True;True;3.1519038998521864;2.10762510006316;99.03999999999999;102.8;539.371484375;545.07421875;11.1;12;319.0546875;319.0546875
166;3;1000;249750;0.25;False;32;cupy;True;True;3.1519742999225855;2.0994426999241114;97.52;102.7;539.4125;545.08203125;10.5;12;319.0546875;319.0546875
166;4;1000;249750;0.25;False;32;cupy;True;True;3.1883336000610143;2.1021164001431316;99.07;101.8;539.81171875;545.4140625;11.2;12;319.0546875;319.0546875
166;5;1000;249750;0.25;False;32;cupy;True;True;3.1903414998669177;2.1243825000710785;98.30000000000001;101.9;539.867578125;545.4921875;11.4;12;319.0546875;319.0546875
167;1;1000;249750;0.25;False;64;numpy;False;False;0.978597299894318;0.14777759998105466;;;;;;;;
167;2;1000;249750;0.25;False;64;numpy;False;False;0.9626307999715209;0.14661870012059808;;;;;;;;
167;3;1000;249750;0.25;False;64;numpy;False;False;0.97954440000467;0.14686669991351664;;;;;;;;
167;4;1000;249750;0.25;False;64;numpy;False;False;0.9620175999589264;0.14662580005824566;;;;;;;;
167;5;1000;249750;0.25;False;64;numpy;False;False;0.9667919999919832;0.14791010017506778;;;;;;;;
168;1;1000;249750;0.25;False;64;numpy;True;True;0.9956950000487268;0.16421460011042655;229.57000000000002;394.4;364.0375;369.1171875;;;;
168;2;1000;249750;0.25;False;64;numpy;True;True;1.021284299902618;0.16419290006160736;184.60999999999999;408.0;363.519140625;368.99609375;;;;
168;3;1000;249750;0.25;False;64;numpy;True;True;0.9905262999236584;0.16269759996794164;194.57;506.3;363.796875;368.87109375;;;;
168;4;1000;249750;0.25;False;64;numpy;True;True;0.9839168998878449;0.1659354001749307;177.97999999999996;373.3;363.477734375;368.5546875;;;;
168;5;1000;249750;0.25;False;64;numpy;True;True;0.992383100092411;0.16450980002991855;192.19;473.8;363.102734375;368.58984375;;;;
169;1;1000;249750;0.25;False;64;cupy;False;False;3.253836400108412;2.2424101000651717;;;;;;;;
169;2;1000;249750;0.25;False;64;cupy;False;False;3.1350271000992507;2.0977686000987887;;;;;;;;
169;3;1000;249750;0.25;False;64;cupy;False;False;3.116530600003898;2.077979999827221;;;;;;;;
169;4;1000;249750;0.25;False;64;cupy;False;False;3.1169807000551373;2.105220700148493;;;;;;;;
169;5;1000;249750;0.25;False;64;cupy;False;False;3.1448570999782532;2.114684799918905;;;;;;;;
170;1;1000;249750;0.25;False;64;cupy;True;True;3.175768499961123;2.121730800019577;99.3;101.1;509.414453125;515.015625;13.0;14;329.0546875;329.0546875
170;2;1000;249750;0.25;False;64;cupy;True;True;3.182361700106412;2.1216680998913944;98.55;100.7;509.52109375;515.11328125;13.2;14;329.0546875;329.0546875
170;3;1000;249750;0.25;False;64;cupy;True;True;3.1605839000549167;2.104412700049579;99.51999999999998;101.4;508.994140625;514.625;11.5;13;329.0546875;329.0546875
170;4;1000;249750;0.25;False;64;cupy;True;True;3.186962499981746;2.1362242000177503;99.85;107.4;508.9015625;514.625;12.4;14;329.0546875;329.0546875
170;5;1000;249750;0.25;False;64;cupy;True;True;3.1843995000235736;2.144914200063795;99.39000000000001;106.6;509.178515625;514.81640625;13.2;14;329.0546875;329.0546875
171;1;1000;249750;0.25;True;32;numpy;False;False;1.0846357999835163;0.22675790009088814;;;;;;;;
171;2;1000;249750;0.25;True;32;numpy;False;False;1.0390210000332445;0.2146733000408858;;;;;;;;
171;3;1000;249750;0.25;True;32;numpy;False;False;1.037866200087592;0.2150471000932157;;;;;;;;
171;4;1000;249750;0.25;True;32;numpy;False;False;1.0516562999691814;0.22349920007400215;;;;;;;;
171;5;1000;249750;0.25;True;32;numpy;False;False;1.0284303999505937;0.21604089997708797;;;;;;;;
172;1;1000;249750;0.25;True;32;numpy;True;True;1.0960522000677884;0.23818990006111562;98.50999999999999;134.3;359.442578125;364.921875;;;;
172;2;1000;249750;0.25;True;32;numpy;True;True;1.0623418998438865;0.23551689996384084;99.80999999999999;134.3;358.58828125;364.078125;;;;
172;3;1000;249750;0.25;True;32;numpy;True;True;1.0690893998835236;0.2359805000014603;99.67;135.7;359.648828125;365.12109375;;;;
172;4;1000;249750;0.25;True;32;numpy;True;True;1.0643988000229;0.24036249984055758;97.46000000000001;134.6;359.33828125;364.41015625;;;;
172;5;1000;249750;0.25;True;32;numpy;True;True;1.0575077999383211;0.23497519991360605;100.15;136.3;359.4328125;364.51171875;;;;
173;1;1000;249750;0.25;True;32;cupy;False;False;3.168641399824992;2.0987645001150668;;;;;;;;
173;2;1000;249750;0.25;True;32;cupy;False;False;3.2036546000745147;2.146382699953392;;;;;;;;
173;3;1000;249750;0.25;True;32;cupy;False;False;3.1566874999552965;2.1059650001116097;;;;;;;;
173;4;1000;249750;0.25;True;32;cupy;False;False;3.1803435999900103;2.114858799846843;;;;;;;;
173;5;1000;249750;0.25;True;32;cupy;False;False;3.1966101999860257;2.1322440998628736;;;;;;;;
174;1;1000;249750;0.25;True;32;cupy;True;True;3.2801619998645037;2.2068495000712574;97.5;104.3;515.26953125;520.953125;11.2;12;311.0546875;311.0546875
174;2;1000;249750;0.25;True;32;cupy;True;True;3.2295935000292957;2.1641907000448555;99.78;105.0;515.31328125;520.91796875;10.1;11;311.0546875;311.0546875
174;3;1000;249750;0.25;True;32;cupy;True;True;3.2738583001773804;2.172638399992138;99.34;104.2;515.378515625;521.0859375;10.8;11;311.0546875;311.0546875
174;4;1000;249750;0.25;True;32;cupy;True;True;3.315995199838653;2.177802999969572;98.11000000000001;103.2;515.3734375;521.0546875;10.4;11;311.0546875;311.0546875
174;5;1000;249750;0.25;True;32;cupy;True;True;3.4777714000083506;2.398831499973312;95.05;104.4;515.346484375;520.9453125;10.4;14;311.0546875;311.0546875
175;1;1000;249750;0.25;True;64;numpy;False;False;1.044561899965629;0.21064730011858046;;;;;;;;
175;2;1000;249750;0.25;True;64;numpy;False;False;1.0369162000715733;0.22102720011025667;;;;;;;;
175;3;1000;249750;0.25;True;64;numpy;False;False;1.043925500009209;0.21827830001711845;;;;;;;;
175;4;1000;249750;0.25;True;64;numpy;False;False;1.0591911999508739;0.22444009990431368;;;;;;;;
175;5;1000;249750;0.25;True;64;numpy;False;False;1.0453649999108166;0.21029839990660548;;;;;;;;
176;1;1000;249750;0.25;True;64;numpy;True;True;1.0511213999707252;0.2310130000114441;94.75;137.5;359.198046875;364.2734375;;;;
176;2;1000;249750;0.25;True;64;numpy;True;True;1.0713881000410765;0.23237719992175698;101.19000000000001;139.6;358.571875;363.95703125;;;;
176;3;1000;249750;0.25;True;64;numpy;True;True;1.0718032999429852;0.2305896000470966;102.10999999999999;141.4;359.25;364.3359375;;;;
176;4;1000;249750;0.25;True;64;numpy;True;True;1.0732258998323232;0.23192629986442626;101.10999999999999;137.1;359.219140625;364.2890625;;;;
176;5;1000;249750;0.25;True;64;numpy;True;True;1.067934599937871;0.2320759000722319;101.75;139.3;359.025;364.10546875;;;;
177;1;1000;249750;0.25;True;64;cupy;False;False;3.190639599924907;2.1193091000895947;;;;;;;;
177;2;1000;249750;0.25;True;64;cupy;False;False;3.188192500034347;2.1228070000652224;;;;;;;;
177;3;1000;249750;0.25;True;64;cupy;False;False;3.2242847001180053;2.141855400055647;;;;;;;;
177;4;1000;249750;0.25;True;64;cupy;False;False;3.1773463001009077;2.1220792999956757;;;;;;;;
177;5;1000;249750;0.25;True;64;cupy;False;False;3.2061179999727756;2.152704400010407;;;;;;;;
178;1;1000;249750;0.25;True;64;cupy;True;True;3.246305200038478;2.167862400179729;99.60999999999999;103.5;519.775390625;525.44140625;12.7;13;315.0546875;315.0546875
178;2;1000;249750;0.25;True;64;cupy;True;True;3.253169500036165;2.1596532000694424;99.22;104.1;519.80703125;525.47265625;10.8;12;315.0546875;315.0546875
178;3;1000;249750;0.25;True;64;cupy;True;True;3.2478859999682754;2.1661004000343382;98.80999999999999;104.5;519.6734375;525.31640625;12.3;13;315.0546875;315.0546875
178;4;1000;249750;0.25;True;64;cupy;True;True;3.2344120000489056;2.148120499914512;98.22000000000001;104.6;519.75859375;525.40234375;12.0;12;315.0546875;315.0546875
178;5;1000;249750;0.25;True;64;cupy;True;True;3.2798890999983996;2.16689519979991;99.47999999999999;105.0;520.315234375;525.95703125;11.1;13;315.0546875;315.0546875
179;1;1000;499500;0.5;False;32;numpy;False;False;0.984215599950403;0.14783450006507337;;;;;;;;
179;2;1000;499500;0.5;False;32;numpy;False;False;0.9709380997810513;0.14575039991177619;;;;;;;;
179;3;1000;499500;0.5;False;32;numpy;False;False;0.9820520000066608;0.14606519998051226;;;;;;;;
179;4;1000;499500;0.5;False;32;numpy;False;False;0.9897197000682354;0.14593819994479418;;;;;;;;
179;5;1000;499500;0.5;False;32;numpy;False;False;0.9767370999325067;0.14590390003286302;;;;;;;;
180;1;1000;499500;0.5;False;32;numpy;True;True;1.0164298999588937;0.1621379000134766;106.72999999999999;200.9;360.04140625;365.12109375;;;;
180;2;1000;499500;0.5;False;32;numpy;True;True;0.9863557000644505;0.1582211998756975;187.54;301.7;360.234375;365.3125;;;;
180;3;1000;499500;0.5;False;32;numpy;True;True;1.0234081000089645;0.16655410011298954;175.95;440.5;359.86171875;364.94140625;;;;
180;4;1000;499500;0.5;False;32;numpy;True;True;1.0138143999502063;0.16331460000947118;202.71;383.7;360.0703125;365.140625;;;;
180;5;1000;499500;0.5;False;32;numpy;True;True;0.9993373001925647;0.16167160007171333;155.3;295.1;359.84609375;364.921875;;;;
181;1;1000;499500;0.5;False;32;cupy;False;False;3.1442040000110865;2.12696549994871;;;;;;;;
181;2;1000;499500;0.5;False;32;cupy;False;False;3.6548931999132037;2.6395696999970824;;;;;;;;
181;3;1000;499500;0.5;False;32;cupy;False;False;3.1349786000791937;2.114045400172472;;;;;;;;
181;4;1000;499500;0.5;False;32;cupy;False;False;3.1321727000176907;2.1065369001589715;;;;;;;;
181;5;1000;499500;0.5;False;32;cupy;False;False;3.103368500014767;2.0760468998923898;;;;;;;;
182;1;1000;499500;0.5;False;32;cupy;True;True;3.2557268999516964;2.200001300079748;98.13000000000001;102.2;539.460546875;545.05078125;10.6;12;319.0546875;319.0546875
182;2;1000;499500;0.5;False;32;cupy;True;True;3.155332899885252;2.1061374000273645;99.40999999999998;102.0;540.15625;545.8203125;11.5;12;319.0546875;319.0546875
182;3;1000;499500;0.5;False;32;cupy;True;True;3.143515900010243;2.0795988000463694;99.03;102.8;539.441015625;545.01171875;11.4;12;319.0546875;319.0546875
182;4;1000;499500;0.5;False;32;cupy;True;True;3.183223999803886;2.1234436000231653;100.35000000000001;108.0;539.567578125;545.18359375;11.7;12;319.0546875;319.0546875
182;5;1000;499500;0.5;False;32;cupy;True;True;3.153336700052023;2.115381099982187;99.91;100.9;539.89609375;545.5078125;12.1;13;319.0546875;319.0546875
183;1;1000;499500;0.5;False;64;numpy;False;False;0.986589299980551;0.14701179997064173;;;;;;;;
183;2;1000;499500;0.5;False;64;numpy;False;False;1.0055589999537915;0.14782279985956848;;;;;;;;
183;3;1000;499500;0.5;False;64;numpy;False;False;0.9839578000828624;0.145889800041914;;;;;;;;
183;4;1000;499500;0.5;False;64;numpy;False;False;0.9685885000508279;0.14518150012008846;;;;;;;;
183;5;1000;499500;0.5;False;64;numpy;False;False;0.9677361999638379;0.14427109993994236;;;;;;;;
184;1;1000;499500;0.5;False;64;numpy;True;True;1.0073929999489337;0.16489409981295466;199.49999999999997;478.3;363.836328125;368.9140625;;;;
184;2;1000;499500;0.5;False;64;numpy;True;True;1.0458474000915885;0.16400200012139976;171.15000000000003;370.1;364.0640625;369.1328125;;;;
184;3;1000;499500;0.5;False;64;numpy;True;True;1.0184021999593824;0.1659035999327898;181.20999999999998;473.7;363.850390625;368.921875;;;;
184;4;1000;499500;0.5;False;64;numpy;True;True;1.0155520997941494;0.18486989988014102;155.22;309.3;363.71484375;368.7890625;;;;
184;5;1000;499500;0.5;False;64;numpy;True;True;1.0006754000205547;0.1665747999213636;216.28000000000003;648.9;363.565234375;368.64453125;;;;
185;1;1000;499500;0.5;False;64;cupy;False;False;3.1331587000750005;2.0959243001416326;;;;;;;;
185;2;1000;499500;0.5;False;64;cupy;False;False;3.1524847000837326;2.1199802001938224;;;;;;;;
185;3;1000;499500;0.5;False;64;cupy;False;False;3.1353109998162836;2.0938290001358837;;;;;;;;
185;4;1000;499500;0.5;False;64;cupy;False;False;3.0868237998802215;2.0654847000259906;;;;;;;;
185;5;1000;499500;0.5;False;64;cupy;False;False;3.114607800031081;2.0806607000995427;;;;;;;;
186;1;1000;499500;0.5;False;64;cupy;True;True;3.180462999967858;2.1383874001912773;98.3;105.2;508.864453125;514.48828125;12.1;14;329.0546875;329.0546875
186;2;1000;499500;0.5;False;64;cupy;True;True;3.2250526000279933;2.1144755000714213;99.11;102.0;509.264453125;514.890625;13.3;14;329.0546875;329.0546875
186;3;1000;499500;0.5;False;64;cupy;True;True;3.241091499803588;2.164646599907428;98.18;106.2;509.46875;515.09375;11.3;13;329.0546875;329.0546875
186;4;1000;499500;0.5;False;64;cupy;True;True;3.1997541999444366;2.1332370000891387;98.48;106.3;509.812109375;515.46484375;13.0;14;329.0546875;329.0546875
186;5;1000;499500;0.5;False;64;cupy;True;True;3.1473010999616235;2.1084044000599533;98.33;101.6;509.277734375;514.92578125;12.6;14;329.0546875;329.0546875
187;1;1000;499500;0.5;True;32;numpy;False;False;1.2498490000143647;0.4221364001277834;;;;;;;;
187;2;1000;499500;0.5;True;32;numpy;False;False;1.2257999998982996;0.3941193998325616;;;;;;;;
187;3;1000;499500;0.5;True;32;numpy;False;False;1.2263714000582695;0.39701239997521043;;;;;;;;
187;4;1000;499500;0.5;True;32;numpy;False;False;1.2269208999350667;0.39262149995192885;;;;;;;;
187;5;1000;499500;0.5;True;32;numpy;False;False;1.235370800131932;0.40352539997547865;;;;;;;;
188;1;1000;499500;0.5;True;32;numpy;True;True;1.2578424999956042;0.4360585999675095;100.66999999999999;112.7;360.415625;365.48828125;;;;
188;2;1000;499500;0.5;True;32;numpy;True;True;1.241143099963665;0.42152019985951483;96.57000000000001;113.5;360.288671875;365.36328125;;;;
188;3;1000;499500;0.5;True;32;numpy;True;True;1.2624703999608755;0.42453960003331304;95.91;111.8;360.146875;365.23046875;;;;
188;4;1000;499500;0.5;True;32;numpy;True;True;1.2649711999110878;0.4293028998654336;98.57000000000001;113.5;360.2734375;365.3515625;;;;
188;5;1000;499500;0.5;True;32;numpy;True;True;1.269081899896264;0.42421319987624884;99.79;112.7;360.087109375;365.1640625;;;;
189;1;1000;499500;0.5;True;32;cupy;False;False;3.1706907998304814;2.1140873001422733;;;;;;;;
189;2;1000;499500;0.5;True;32;cupy;False;False;3.2228822000324726;2.1297303999308497;;;;;;;;
189;3;1000;499500;0.5;True;32;cupy;False;False;3.1866077999584377;2.136606900021434;;;;;;;;
189;4;1000;499500;0.5;True;32;cupy;False;False;3.1740937000140548;2.119151199935004;;;;;;;;
189;5;1000;499500;0.5;True;32;cupy;False;False;3.2278519000392407;2.160821700002998;;;;;;;;
190;1;1000;499500;0.5;True;32;cupy;True;True;3.260702099883929;2.1614941000007093;99.22;104.5;515.51640625;521.19921875;11.8;12;315.0546875;315.0546875
190;2;1000;499500;0.5;True;32;cupy;True;True;3.2477878001518548;2.1400151001289487;99.61999999999999;105.1;515.524609375;521.13671875;11.5;12;315.0546875;315.0546875
190;3;1000;499500;0.5;True;32;cupy;True;True;3.237922200001776;2.1658073000144213;98.43;104.2;515.684375;521.36328125;12.0;12;315.0546875;315.0546875
190;4;1000;499500;0.5;True;32;cupy;True;True;3.254050400108099;2.159199899993837;99.47;105.0;515.66875;521.33203125;11.5;12;315.0546875;315.0546875
190;5;1000;499500;0.5;True;32;cupy;True;True;3.277132600080222;2.1701487998943776;99.33999999999999;103.9;515.677734375;521.29296875;12.1;14;315.0546875;315.0546875
191;1;1000;499500;0.5;True;64;numpy;False;False;1.216574100079015;0.39555960008874536;;;;;;;;
191;2;1000;499500;0.5;True;64;numpy;False;False;1.269716399954632;0.4143582999240607;;;;;;;;
191;3;1000;499500;0.5;True;64;numpy;False;False;1.2799211000092328;0.40984870004467666;;;;;;;;
191;4;1000;499500;0.5;True;64;numpy;False;False;1.2470549000427127;0.3921733000315726;;;;;;;;
191;5;1000;499500;0.5;True;64;numpy;False;False;1.2356062999460846;0.3941010001581162;;;;;;;;
192;1;1000;499500;0.5;True;64;numpy;True;True;1.2764931002166122;0.43060049996711314;102.05;112.7;362.2578125;367.34375;;;;
192;2;1000;499500;0.5;True;64;numpy;True;True;1.2669847998768091;0.4233160000294447;99.91;113.3;362.012890625;367.0859375;;;;
192;3;1000;499500;0.5;True;64;numpy;True;True;1.2468371998984367;0.4316245000809431;98.04999999999998;112.1;362.187109375;367.265625;;;;
192;4;1000;499500;0.5;True;64;numpy;True;True;1.2565564000979066;0.42608539992943406;95.53;111.5;362.2546875;367.3359375;;;;
192;5;1000;499500;0.5;True;64;numpy;True;True;1.249953699996695;0.4244820000603795;99.53;112.6;362.4;367.47265625;;;;
193;1;1000;499500;0.5;True;64;cupy;False;False;3.1722254999913275;2.072478400077671;;;;;;;;
193;2;1000;499500;0.5;True;64;cupy;False;False;3.1782654998824;2.1190597000531852;;;;;;;;
193;3;1000;499500;0.5;True;64;cupy;False;False;3.148267900105566;2.088865799829364;;;;;;;;
193;4;1000;499500;0.5;True;64;cupy;False;False;3.1858526000287384;2.111510999966413;;;;;;;;
193;5;1000;499500;0.5;True;64;cupy;False;False;3.2202565998304635;2.0977169999387115;;;;;;;;
194;1;1000;499500;0.5;True;64;cupy;True;True;3.251020999858156;2.158174999989569;99.60999999999999;104.5;519.4421875;525.12109375;12.0;13;319.0546875;319.0546875
194;2;1000;499500;0.5;True;64;cupy;True;True;3.2634523999877274;2.1716380999423563;99.49;104.1;520.377734375;526.05078125;12.7;13;319.0546875;319.0546875
194;3;1000;499500;0.5;True;64;cupy;True;True;3.3187060998752713;2.2426155998837203;96.60999999999999;106.0;519.459765625;525.12109375;11.0;13;319.0546875;319.0546875
194;4;1000;499500;0.5;True;64;cupy;True;True;3.3599942000582814;2.2644845999311656;96.65;104.5;519.048828125;524.70703125;11.8;13;319.0546875;319.0546875
194;5;1000;499500;0.5;True;64;cupy;True;True;3.2750488000456244;2.176225299946964;99.38000000000001;104.4;520.27734375;525.9296875;12.5;13;319.0546875;319.0546875
195;1;1000;749250;0.75;False;32;numpy;False;False;1.0058567998930812;0.145004500169307;;;;;;;;
195;2;1000;749250;0.75;False;32;numpy;False;False;0.9866654998622835;0.14726199978031218;;;;;;;;
195;3;1000;749250;0.75;False;32;numpy;False;False;0.9859092000406235;0.14485070016235113;;;;;;;;
195;4;1000;749250;0.75;False;32;numpy;False;False;0.9997786001767963;0.14795170002616942;;;;;;;;
195;5;1000;749250;0.75;False;32;numpy;False;False;0.9898857001680881;0.14470159984193742;;;;;;;;
196;1;1000;749250;0.75;False;32;numpy;True;True;1.0229273999575526;0.17064259992912412;133.89000000000001;288.7;359.45625;364.92578125;;;;
196;2;1000;749250;0.75;False;32;numpy;True;True;1.0101552999112755;0.1609050000552088;165.38;289.8;359.95078125;365.0234375;;;;
196;3;1000;749250;0.75;False;32;numpy;True;True;1.0041732999961823;0.15913330018520355;147.82999999999998;298.4;359.619140625;365.09765625;;;;
196;4;1000;749250;0.75;False;32;numpy;True;True;1.0400026999413967;0.1811520999763161;166.11;372.2;359.52421875;365.0;;;;
196;5;1000;749250;0.75;False;32;numpy;True;True;1.009101500036195;0.16085999994538724;136.9;299.6;359.551953125;365.0390625;;;;
197;1;1000;749250;0.75;False;32;cupy;False;False;3.089488700032234;2.0663817001041025;;;;;;;;
197;2;1000;749250;0.75;False;32;cupy;False;False;3.1320360000245273;2.1007411999162287;;;;;;;;
197;3;1000;749250;0.75;False;32;cupy;False;False;3.103506400017068;2.0763801001012325;;;;;;;;
197;4;1000;749250;0.75;False;32;cupy;False;False;3.1177010000683367;2.083565599983558;;;;;;;;
197;5;1000;749250;0.75;False;32;cupy;False;False;3.1130501001607627;2.0937544000335038;;;;;;;;
198;1;1000;749250;0.75;False;32;cupy;True;True;3.1696067999582738;2.1262106001377106;99.12999999999998;102.8;539.743359375;545.3125;11.5;12;321.0546875;321.0546875
198;2;1000;749250;0.75;False;32;cupy;True;True;3.1826379999984056;2.1076688999310136;99.7;102.1;540.05390625;545.6484375;11.1;13;321.0546875;321.0546875
198;3;1000;749250;0.75;False;32;cupy;True;True;3.1997356999199837;2.1563978001940995;100.24999999999999;107.0;539.215234375;544.8671875;11.4;12;321.0546875;321.0546875
198;4;1000;749250;0.75;False;32;cupy;True;True;3.206487499875948;2.135148399975151;99.45000000000002;101.4;540.01875;545.609375;11.8;12;321.0546875;321.0546875
198;5;1000;749250;0.75;False;32;cupy;True;True;3.1707506000529975;2.117295000003651;99.87000000000002;104.0;539.803515625;545.37109375;11.6;12;321.0546875;321.0546875
199;1;1000;749250;0.75;False;64;numpy;False;False;1.0016660001128912;0.1475557000376284;;;;;;;;
199;2;1000;749250;0.75;False;64;numpy;False;False;1.0005128998309374;0.14912229985930026;;;;;;;;
199;3;1000;749250;0.75;False;64;numpy;False;False;0.9863998000510037;0.14797880011610687;;;;;;;;
199;4;1000;749250;0.75;False;64;numpy;False;False;1.0241531999781728;0.15127369994297624;;;;;;;;
199;5;1000;749250;0.75;False;64;numpy;False;False;0.9852903001010418;0.15003100014291704;;;;;;;;
200;1;1000;749250;0.75;False;64;numpy;True;True;1.0080478999298066;0.16918480000458658;192.91;464.9;363.57890625;369.05078125;;;;
200;2;1000;749250;0.75;False;64;numpy;True;True;0.9984587000217289;0.1662163999862969;182.06;510.4;363.346875;368.82421875;;;;
200;3;1000;749250;0.75;False;64;numpy;True;True;1.0385365998372436;0.18011169997043908;224.06;601.2;363.864453125;368.94140625;;;;
200;4;1000;749250;0.75;False;64;numpy;True;True;1.0370761998929083;0.17475319979712367;145.08;367.0;363.4671875;368.94921875;;;;
200;5;1000;749250;0.75;False;64;numpy;True;True;1.0208904000464827;0.1692262999713421;215.78000000000003;451.7;363.771484375;369.26171875;;;;
201;1;1000;749250;0.75;False;64;cupy;False;False;3.102996699977666;2.0677316000219434;;;;;;;;
201;2;1000;749250;0.75;False;64;cupy;False;False;3.114121399819851;2.073660399997607;;;;;;;;
201;3;1000;749250;0.75;False;64;cupy;False;False;3.0952256999444216;2.063883400056511;;;;;;;;
201;4;1000;749250;0.75;False;64;cupy;False;False;3.1060611999128014;2.0758408000692725;;;;;;;;
201;5;1000;749250;0.75;False;64;cupy;False;False;3.1388257001526654;2.10429669986479;;;;;;;;
202;1;1000;749250;0.75;False;64;cupy;True;True;3.166802000021562;2.1237216000445187;99.41000000000001;105.7;508.715234375;514.34375;13.8;14;329.0546875;329.0546875
202;2;1000;749250;0.75;False;64;cupy;True;True;3.2108253999613225;2.1203964999876916;100.31;106.5;509.21484375;514.90625;13.0;14;329.0546875;329.0546875
202;3;1000;749250;0.75;False;64;cupy;True;True;3.2270462000742555;2.167183500016108;100.10000000000001;107.0;508.991796875;514.60546875;13.1;14;329.0546875;329.0546875
202;4;1000;749250;0.75;False;64;cupy;True;True;3.164278700016439;2.1056749999988824;98.69;101.2;509.6453125;515.3046875;12.6;14;329.0546875;329.0546875
202;5;1000;749250;0.75;False;64;cupy;True;True;3.177533300127834;2.1074511997867376;99.82;101.6;509.50234375;515.13671875;12.7;14;329.0546875;329.0546875
203;1;1000;749250;0.75;True;32;numpy;False;False;1.4115597000345588;0.5813489998690784;;;;;;;;
203;2;1000;749250;0.75;True;32;numpy;False;False;1.4343684001360089;0.5829003998078406;;;;;;;;
203;3;1000;749250;0.75;True;32;numpy;False;False;1.426097499905154;0.572641700040549;;;;;;;;
203;4;1000;749250;0.75;True;32;numpy;False;False;1.4239267001394182;0.582896800013259;;;;;;;;
203;5;1000;749250;0.75;True;32;numpy;False;False;1.4260058000218123;0.5773418000899255;;;;;;;;
204;1;1000;749250;0.75;True;32;numpy;True;True;1.4548617999535054;0.6256916997954249;100.13;102.7;361.66796875;367.14453125;;;;
204;2;1000;749250;0.75;True;32;numpy;True;True;1.4584723999723792;0.6188705998938531;101.27000000000001;104.1;361.31640625;366.7890625;;;;
204;3;1000;749250;0.75;True;32;numpy;True;True;1.4499503001570702;0.6106534998398274;97.42999999999998;105.1;361.665625;367.140625;;;;
204;4;1000;749250;0.75;True;32;numpy;True;True;1.451970900176093;0.6167264999821782;96.66;104.4;361.61953125;367.08984375;;;;
204;5;1000;749250;0.75;True;32;numpy;True;True;1.4765387999359518;0.6116643000859767;102.35;103.9;361.51640625;366.99609375;;;;
205;1;1000;749250;0.75;True;32;cupy;False;False;3.164470500079915;2.0884761000052094;;;;;;;;
205;2;1000;749250;0.75;True;32;cupy;False;False;3.19548420002684;2.100103700067848;;;;;;;;
205;3;1000;749250;0.75;True;32;cupy;False;False;3.174528199946508;2.1033268000464886;;;;;;;;
205;4;1000;749250;0.75;True;32;cupy;False;False;3.1635769000276923;2.108818900072947;;;;;;;;
205;5;1000;749250;0.75;True;32;cupy;False;False;3.1803561002016068;2.1223402000032365;;;;;;;;
206;1;1000;749250;0.75;True;32;cupy;True;True;3.2319179999176413;2.130980100017041;99.35;104.4;515.4578125;521.13671875;11.2;12;313.0546875;313.0546875
206;2;1000;749250;0.75;True;32;cupy;True;True;3.3081980000715703;2.1751486000139266;99.11999999999999;104.8;514.95;520.5859375;11.8;12;313.0546875;313.0546875
206;3;1000;749250;0.75;True;32;cupy;True;True;3.2923965000081807;2.20405469997786;99.57000000000001;105.4;516.005859375;521.68359375;11.2;12;313.0546875;313.0546875
206;4;1000;749250;0.75;True;32;cupy;True;True;3.2355601999443024;2.1570226000621915;99.4;105.9;515.29453125;520.9296875;11.6;12;313.0546875;313.0546875
206;5;1000;749250;0.75;True;32;cupy;True;True;3.284570600138977;2.164940800052136;97.35000000000001;105.9;515.70078125;521.2734375;11.5;12;313.0546875;313.0546875
207;1;1000;749250;0.75;True;64;numpy;False;False;1.4137882001232356;0.5738098998554051;;;;;;;;
207;2;1000;749250;0.75;True;64;numpy;False;False;1.4390141998883337;0.6015635998919606;;;;;;;;
207;3;1000;749250;0.75;True;64;numpy;False;False;1.4234696000348777;0.5825073998421431;;;;;;;;
207;4;1000;749250;0.75;True;64;numpy;False;False;1.4165711000096053;0.5865420000627637;;;;;;;;
207;5;1000;749250;0.75;True;64;numpy;False;False;1.4323921001050621;0.5867671999149024;;;;;;;;
208;1;1000;749250;0.75;True;64;numpy;True;True;1.4814834999851882;0.6158453999087214;99.22;122.4;364.2625;369.734375;;;;
208;2;1000;749250;0.75;True;64;numpy;True;True;1.4918544001411647;0.6449394999071956;102.04;123.0;364.278125;369.75390625;;;;
208;3;1000;749250;0.75;True;64;numpy;True;True;1.5145703998859972;0.639166499953717;98.08;102.1;364.053125;369.5234375;;;;
208;4;1000;749250;0.75;True;64;numpy;True;True;1.4986836998723447;0.6329477999825031;99.0;101.2;364.193359375;369.6796875;;;;
208;5;1000;749250;0.75;True;64;numpy;True;True;1.4788063999731094;0.6232170998118818;100.49000000000001;104.7;364.03359375;369.50390625;;;;
209;1;1000;749250;0.75;True;64;cupy;False;False;3.176782000111416;2.1145945000462234;;;;;;;;
209;2;1000;749250;0.75;True;64;cupy;False;False;3.1937941999640316;2.085103399818763;;;;;;;;
209;3;1000;749250;0.75;True;64;cupy;False;False;3.179893499938771;2.123727099969983;;;;;;;;
209;4;1000;749250;0.75;True;64;cupy;False;False;3.1646660999394953;2.097003199858591;;;;;;;;
209;5;1000;749250;0.75;True;64;cupy;False;False;3.2018567000050098;2.1197751997970045;;;;;;;;
210;1;1000;749250;0.75;True;64;cupy;True;True;3.2558271000161767;2.1546334999147803;100.10999999999999;106.7;519.955078125;525.6171875;13.0;13;323.0546875;323.0546875
210;2;1000;749250;0.75;True;64;cupy;True;True;3.2593912000302225;2.17262260010466;98.98999999999998;104.7;519.94375;525.6015625;11.9;14;323.0546875;323.0546875
210;3;1000;749250;0.75;True;64;cupy;True;True;3.2211225999053568;2.1412564001511782;99.46000000000001;105.4;519.63984375;525.3203125;14.2;15;323.0546875;323.0546875
210;4;1000;749250;0.75;True;64;cupy;True;True;3.2713639000430703;2.1581806999165565;99.57;105.0;520.1625;525.84375;12.8;14;323.0546875;323.0546875
210;5;1000;749250;0.75;True;64;cupy;True;True;3.2396223000250757;2.1029165000654757;98.70000000000002;106.6;519.719921875;525.37109375;13.8;14;323.0546875;323.0546875
211;1;1000;999000;1;False;32;numpy;False;False;0.9821047000586987;0.14686489989981055;;;;;;;;
211;2;1000;999000;1;False;32;numpy;False;False;0.9691049000248313;0.1479496001265943;;;;;;;;
211;3;1000;999000;1;False;32;numpy;False;False;0.9782422999851406;0.1464976998977363;;;;;;;;
211;4;1000;999000;1;False;32;numpy;False;False;0.9656511000357568;0.14579370012506843;;;;;;;;
211;5;1000;999000;1;False;32;numpy;False;False;0.9847979000769556;0.14547629980370402;;;;;;;;
212;1;1000;999000;1;False;32;numpy;True;True;0.9951829998753965;0.16319920006208122;123.99999999999997;283.5;359.920703125;365.00390625;;;;
212;2;1000;999000;1;False;32;numpy;True;True;0.9914336001966149;0.16534719988703728;179.48999999999998;357.7;359.712109375;364.78515625;;;;
212;3;1000;999000;1;False;32;numpy;True;True;0.9952090999577194;0.1768906000070274;149.31;461.2;359.71875;365.19921875;;;;
212;4;1000;999000;1;False;32;numpy;True;True;0.9828338001389056;0.16150010004639626;162.20000000000002;347.1;359.65859375;364.73046875;;;;
212;5;1000;999000;1;False;32;numpy;True;True;0.9970408000517637;0.16061070002615452;116.88999999999999;289.1;359.59453125;365.07421875;;;;
213;1;1000;999000;1;False;32;cupy;False;False;3.1071171001531184;2.0737638000864536;;;;;;;;
213;2;1000;999000;1;False;32;cupy;False;False;3.088874900015071;2.081853099865839;;;;;;;;
213;3;1000;999000;1;False;32;cupy;False;False;3.431815200019628;2.428042900050059;;;;;;;;
213;4;1000;999000;1;False;32;cupy;False;False;3.105411000084132;2.0824378000106663;;;;;;;;
213;5;1000;999000;1;False;32;cupy;False;False;3.06254870002158;2.0735595000442117;;;;;;;;
214;1;1000;999000;1;False;32;cupy;True;True;3.1533454998862;2.1167372001800686;100.41;106.8;490.72421875;496.3046875;11.5;12;323.0546875;323.0546875
214;2;1000;999000;1;False;32;cupy;True;True;3.133967600064352;2.1203419000376016;99.66;105.0;490.833984375;496.41796875;10.6;12;323.0546875;323.0546875
214;3;1000;999000;1;False;32;cupy;True;True;3.1506248998921365;2.126726800110191;98.94;101.8;490.203125;495.81640625;11.4;12;323.0546875;323.0546875
214;4;1000;999000;1;False;32;cupy;True;True;3.154731199843809;2.1035374000202864;99.10999999999999;102.7;490.574609375;496.19140625;11.7;12;323.0546875;323.0546875
214;5;1000;999000;1;False;32;cupy;True;True;3.155218599829823;2.123508600052446;99.1;101.7;490.282421875;495.90625;10.8;12;323.0546875;323.0546875
215;1;1000;999000;1;False;64;numpy;False;False;0.9953989000059664;0.16156599996611476;;;;;;;;
215;2;1000;999000;1;False;64;numpy;False;False;0.9731613998301327;0.14663370000198483;;;;;;;;
215;3;1000;999000;1;False;64;numpy;False;False;0.9753733999095857;0.1514315998647362;;;;;;;;
215;4;1000;999000;1;False;64;numpy;False;False;0.9969601000193506;0.1485525001771748;;;;;;;;
215;5;1000;999000;1;False;64;numpy;False;False;1.0070907999761403;0.1527591000776738;;;;;;;;
216;1;1000;999000;1;False;64;numpy;True;True;1.0304221000988036;0.16788719990290701;168.04000000000002;382.3;363.16328125;368.6484375;;;;
216;2;1000;999000;1;False;64;numpy;True;True;0.9935705000534654;0.16443639993667603;153.62;492.0;362.952734375;368.4296875;;;;
216;3;1000;999000;1;False;64;numpy;True;True;1.0064473999664187;0.16649909992702305;244.2;464.8;363.199609375;368.66796875;;;;
216;4;1000;999000;1;False;64;numpy;True;True;0.9925945000723004;0.16419859998859465;171.75;368.6;363.27734375;368.75390625;;;;
216;5;1000;999000;1;False;64;numpy;True;True;1.0397928000893444;0.20140100014396012;175.91000000000003;353.7;363.75234375;368.83203125;;;;
217;1;1000;999000;1;False;64;cupy;False;False;3.0970797999762;2.089179700007662;;;;;;;;
217;2;1000;999000;1;False;64;cupy;False;False;3.111609499901533;2.0910143998917192;;;;;;;;
217;3;1000;999000;1;False;64;cupy;False;False;3.0962022999301553;2.091543300077319;;;;;;;;
217;4;1000;999000;1;False;64;cupy;False;False;3.147204900160432;2.122729399939999;;;;;;;;
217;5;1000;999000;1;False;64;cupy;False;False;3.300646600080654;2.2874028999358416;;;;;;;;
218;1;1000;999000;1;False;64;cupy;True;True;3.226231300039217;2.1938164001330733;95.63000000000001;106.9;460.0796875;465.67578125;14.2;15;329.0546875;329.0546875
218;2;1000;999000;1;False;64;cupy;True;True;3.209260400151834;2.1507567001972347;99.12999999999998;107.3;460.369140625;465.984375;12.5;14;329.0546875;329.0546875
218;3;1000;999000;1;False;64;cupy;True;True;3.1650274998974055;2.116328899981454;99.88999999999999;106.2;460.400390625;466.1015625;14.0;14;329.0546875;329.0546875
218;4;1000;999000;1;False;64;cupy;True;True;3.201864799950272;2.132111300015822;99.82;106.8;460.1078125;465.80859375;13.3;14;329.0546875;329.0546875
218;5;1000;999000;1;False;64;cupy;True;True;3.135226000100374;2.1188190998509526;98.97;105.2;460.506640625;466.1875;13.5;14;329.0546875;329.0546875
219;1;1000;999000;1;True;32;numpy;False;False;1.6086023000534624;0.7703381001483649;;;;;;;;
219;2;1000;999000;1;True;32;numpy;False;False;1.592353800078854;0.7738673998974264;;;;;;;;
219;3;1000;999000;1;True;32;numpy;False;False;1.5894480000715703;0.7751802999991924;;;;;;;;
219;4;1000;999000;1;True;32;numpy;False;False;1.590858899988234;0.7661568999756128;;;;;;;;
219;5;1000;999000;1;True;32;numpy;False;False;1.5994094000197947;0.7811153000220656;;;;;;;;
220;1;1000;999000;1;True;32;numpy;True;True;1.665465199854225;0.8187477001920342;97.41;114.6;363.65;368.7265625;;;;
220;2;1000;999000;1;True;32;numpy;True;True;1.6254877999890596;0.8069328998681158;97.14;99.6;363.475390625;368.54296875;;;;
220;3;1000;999000;1;True;32;numpy;True;True;1.6230188999325037;0.7984374000225216;98.02000000000001;119.4;362.99140625;368.46484375;;;;
220;4;1000;999000;1;True;32;numpy;True;True;1.6503686998039484;0.8234049000311643;95.22;99.1;363.539453125;368.61328125;;;;
220;5;1000;999000;1;True;32;numpy;True;True;1.6406036000698805;0.8025686999317259;99.50999999999998;114.3;363.3453125;368.42578125;;;;
221;1;1000;999000;1;True;32;cupy;False;False;3.09183910000138;2.048002599971369;;;;;;;;
221;2;1000;999000;1;True;32;cupy;False;False;3.1417406999971718;2.077084799995646;;;;;;;;
221;3;1000;999000;1;True;32;cupy;False;False;3.1405595000833273;2.1068475998472422;;;;;;;;
221;4;1000;999000;1;True;32;cupy;False;False;3.117213600082323;2.0821366999298334;;;;;;;;
221;5;1000;999000;1;True;32;cupy;False;False;3.142042899969965;2.101950000040233;;;;;;;;
222;1;1000;999000;1;True;32;cupy;True;True;3.311302199959755;2.2459203999023885;95.91;104.7;466.43203125;472.00390625;10.8;13;315.0546875;315.0546875
222;2;1000;999000;1;True;32;cupy;True;True;3.2395290001295507;2.1546916998922825;99.04;104.1;465.926171875;471.55078125;13.0;13;315.0546875;315.0546875
222;3;1000;999000;1;True;32;cupy;True;True;3.1907379999756813;2.136828500078991;97.41;104.8;466.71171875;472.3046875;12.3;13;315.0546875;315.0546875
222;4;1000;999000;1;True;32;cupy;True;True;3.165444599930197;2.120560900075361;99.6;105.7;466.221484375;471.91796875;12.5;13;315.0546875;315.0546875
222;5;1000;999000;1;True;32;cupy;True;True;3.2226585999596864;2.1390525000169873;99.85;104.9;466.557421875;472.1875;11.4;13;315.0546875;315.0546875
223;1;1000;999000;1;True;64;numpy;False;False;1.5892640000674874;0.7655006998684257;;;;;;;;
223;2;1000;999000;1;True;64;numpy;False;False;1.6323706000111997;0.8171051999088377;;;;;;;;
223;3;1000;999000;1;True;64;numpy;False;False;1.5870113999117166;0.7659446999896318;;;;;;;;
223;4;1000;999000;1;True;64;numpy;False;False;1.593129400163889;0.7698323000222445;;;;;;;;
223;5;1000;999000;1;True;64;numpy;False;False;1.6240376001223922;0.806095999898389;;;;;;;;
224;1;1000;999000;1;True;64;numpy;True;True;1.6701303999871016;0.8396892999298871;100.63;116.0;366.80625;372.28515625;;;;
224;2;1000;999000;1;True;64;numpy;True;True;1.6460301999468356;0.8175248999614269;97.64999999999999;114.4;366.831640625;372.30859375;;;;
224;3;1000;999000;1;True;64;numpy;True;True;1.6689104000106454;0.8454284998588264;99.91;112.6;366.848828125;372.3203125;;;;
224;4;1000;999000;1;True;64;numpy;True;True;1.7267315001226962;0.8679388999007642;101.14999999999998;110.7;366.83515625;372.3125;;;;
224;5;1000;999000;1;True;64;numpy;True;True;1.6973513001576066;0.8429634999483824;100.34;116.2;366.928125;372.390625;;;;
225;1;1000;999000;1;True;64;cupy;False;False;3.330247600097209;2.300086500123143;;;;;;;;
225;2;1000;999000;1;True;64;cupy;False;False;3.1179335999768227;2.0798228001222014;;;;;;;;
225;3;1000;999000;1;True;64;cupy;False;False;3.123383899917826;2.065946399932727;;;;;;;;
225;4;1000;999000;1;True;64;cupy;False;False;3.170773500110954;2.132494500139728;;;;;;;;
225;5;1000;999000;1;True;64;cupy;False;False;3.1272396999411285;2.0906581999734044;;;;;;;;
226;1;1000;999000;1;True;64;cupy;True;True;3.229778200155124;2.1460307999514043;99.09;105.9;470.655859375;476.390625;12.3;15;327.0546875;327.0546875
226;2;1000;999000;1;True;64;cupy;True;True;3.2791743997950107;2.2037484999746084;98.83;105.2;470.252734375;475.97265625;12.8;14;327.0546875;327.0546875
226;3;1000;999000;1;True;64;cupy;True;True;3.215684900060296;2.159266500035301;99.93;105.5;470.0578125;475.74609375;13.8;15;327.0546875;327.0546875
226;4;1000;999000;1;True;64;cupy;True;True;3.2150028999894857;2.1413730001077056;98.21;105.6;470.073828125;475.76171875;14.8;15;327.0546875;327.0546875
226;5;1000;999000;1;True;64;cupy;True;True;3.223090099869296;2.1652248001191765;99.06;104.0;470.325390625;475.94140625;12.6;14;327.0546875;327.0546875
227;1;10000;0;0;False;32;numpy;False;False;1.2779878000728786;0.11765890009701252;;;;;;;;
227;2;10000;0;0;False;32;numpy;False;False;1.231702599907294;0.11794300004839897;;;;;;;;
227;3;10000;0;0;False;32;numpy;False;False;1.2178179000038654;0.11475210008211434;;;;;;;;
227;4;10000;0;0;False;32;numpy;False;False;1.225917899981141;0.11784860002808273;;;;;;;;
227;5;10000;0;0;False;32;numpy;False;False;1.2435705000534654;0.11711169988848269;;;;;;;;
228;1;10000;0;0;False;32;numpy;True;True;1.2482694999780506;0.13423730013892055;94.08000000000001;123.0;867.408984375;923.1171875;;;;
228;2;10000;0;0;False;32;numpy;True;True;1.2374023001175374;0.13630720018409193;92.08;118.5;867.540625;923.28515625;;;;
228;3;10000;0;0;False;32;numpy;True;True;1.2532160999253392;0.13577419985085726;104.33000000000001;127.0;867.00703125;922.7421875;;;;
228;4;10000;0;0;False;32;numpy;True;True;1.288129499880597;0.14624600019305944;98.37000000000002;122.0;867.2953125;923.03125;;;;
228;5;10000;0;0;False;32;numpy;True;True;1.2483059000223875;0.13301459979265928;83.17;122.5;867.49375;923.203125;;;;
229;1;10000;0;0;False;32;cupy;False;False;2.9678879000712186;1.953516999958083;;;;;;;;
229;2;10000;0;0;False;32;cupy;False;False;3.006040900014341;1.9628095000516623;;;;;;;;
229;3;10000;0;0;False;32;cupy;False;False;3.016194799914956;1.997584099881351;;;;;;;;
229;4;10000;0;0;False;32;cupy;False;False;2.9542390999849886;1.9452970002312213;;;;;;;;
229;5;10000;0;0;False;32;cupy;False;False;2.9831455999519676;1.9644190999679267;;;;;;;;
230;1;10000;0;0;False;32;cupy;True;True;3.072508000070229;2.0258207998704165;99.91;105.7;586.928125;642.7890625;10.7;13;735.0546875;735.0546875
230;2;10000;0;0;False;32;cupy;True;True;3.090289399959147;2.0054487998131663;98.77;103.7;586.631640625;642.48046875;12.2;13;735.0546875;735.0546875
230;3;10000;0;0;False;32;cupy;True;True;3.0487285000272095;2.0103410000447184;99.18;104.1;586.4421875;642.359375;11.7;13;735.0546875;735.0546875
230;4;10000;0;0;False;32;cupy;True;True;3.0530475000850856;2.0009308999869972;97.49999999999999;104.9;586.869921875;642.76953125;12.0;14;735.0546875;735.0546875
230;5;10000;0;0;False;32;cupy;True;True;3.118916899897158;2.0730574000626802;98.08000000000001;104.7;586.518359375;642.40234375;11.6;12;735.0546875;735.0546875
231;1;10000;0;0;False;64;numpy;False;False;1.3566155000589788;0.11576840002089739;;;;;;;;
231;2;10000;0;0;False;64;numpy;False;False;1.3553555000107735;0.11464220006018877;;;;;;;;
231;3;10000;0;0;False;64;numpy;False;False;1.3759794000070542;0.11809909995645285;;;;;;;;
231;4;10000;0;0;False;64;numpy;False;False;1.3461776999756694;0.11584270000457764;;;;;;;;
231;5;10000;0;0;False;64;numpy;False;False;1.3426833001431078;0.11584600014612079;;;;;;;;
232;1;10000;0;0;False;64;numpy;True;True;1.3668106000404805;0.12863510008901358;97.85;132.4;1249.077734375;1304.79296875;;;;
232;2;10000;0;0;False;64;numpy;True;True;1.4234492001123726;0.12986329989507794;85.11999999999999;127.7;1249.18125;1304.8671875;;;;
232;3;10000;0;0;False;64;numpy;True;True;1.3691256998572499;0.13051290018483996;95.92;124.1;1249.333203125;1305.03125;;;;
232;4;10000;0;0;False;64;numpy;True;True;1.3752063000574708;0.13142400002107024;97.44999999999999;129.9;1249.27421875;1305.0;;;;
232;5;10000;0;0;False;64;numpy;True;True;1.3663468000013381;0.13014929997734725;95.75999999999999;121.5;1249.552734375;1305.29296875;;;;
233;1;10000;0;0;False;64;cupy;False;False;3.0728591000661254;2.010416799923405;;;;;;;;
233;2;10000;0;0;False;64;cupy;False;False;3.0751078999601305;2.0460480998735875;;;;;;;;
233;3;10000;0;0;False;64;cupy;False;False;3.0323586999438703;2.0028051999397576;;;;;;;;
233;4;10000;0;0;False;64;cupy;False;False;3.2909571998752654;2.253091200022027;;;;;;;;
233;5;10000;0;0;False;64;cupy;False;False;3.025476999813691;1.9889293999876827;;;;;;;;
234;1;10000;0;0;False;64;cupy;True;True;3.1434165998362005;2.044482900062576;97.38;102.1;650.47265625;706.37109375;13.2;15;1169.0546875;1169.0546875
234;2;10000;0;0;False;64;cupy;True;True;3.1519235998857766;2.078628799878061;98.83000000000001;102.5;650.276171875;706.14453125;14.7;21;1169.0546875;1169.0546875
234;3;10000;0;0;False;64;cupy;True;True;3.1198553000576794;2.066488099982962;97.85;102.5;650.842578125;706.70703125;14.8;35;1169.0546875;1169.0546875
234;4;10000;0;0;False;64;cupy;True;True;3.159236599924043;2.0723798000253737;98.36999999999999;102.8;650.890625;706.7734375;10.3;14;1169.0546875;1169.0546875
234;5;10000;0;0;False;64;cupy;True;True;3.115011000074446;2.0528077001217753;99.38000000000001;106.7;650.683203125;706.6171875;14.8;24;1169.0546875;1169.0546875
235;1;10000;0;0;True;32;numpy;False;False;0.9495940997730941;0.11994400015100837;;;;;;;;
235;2;10000;0;0;True;32;numpy;False;False;0.937802999978885;0.11849759984761477;;;;;;;;
235;3;10000;0;0;True;32;numpy;False;False;0.9440771001391113;0.1214412001427263;;;;;;;;
235;4;10000;0;0;True;32;numpy;False;False;0.94641979993321;0.11936390004120767;;;;;;;;
235;5;10000;0;0;True;32;numpy;False;False;0.9456114999484271;0.12224770011380315;;;;;;;;
236;1;10000;0;0;True;32;numpy;True;True;0.952040100004524;0.13236700021661818;107.23000000000002;133.4;485.5484375;541.30078125;;;;
236;2;10000;0;0;True;32;numpy;True;True;0.9444517001975328;0.13256220007315278;94.52;124.1;486.03671875;541.77734375;;;;
236;3;10000;0;0;True;32;numpy;True;True;0.94004140002653;0.13013419997878373;108.35;126.4;485.812890625;541.53125;;;;
236;4;10000;0;0;True;32;numpy;True;True;0.9694804002065212;0.14481800002977252;105.18000000000002;184.5;486.21796875;541.9296875;;;;
236;5;10000;0;0;True;32;numpy;True;True;0.9438151998911053;0.13051069993525743;97.08;131.4;485.877734375;541.61328125;;;;
237;1;10000;0;0;True;32;cupy;False;False;2.9513763000722975;1.9898471999913454;;;;;;;;
237;2;10000;0;0;True;32;cupy;False;False;2.9483461000490934;1.983427400002256;;;;;;;;
237;3;10000;0;0;True;32;cupy;False;False;2.99373700004071;1.9942854999098927;;;;;;;;
237;4;10000;0;0;True;32;cupy;False;False;2.9500023000873625;1.9805958999786526;;;;;;;;
237;5;10000;0;0;True;32;cupy;False;False;2.953362900065258;1.9825462000444531;;;;;;;;
238;1;10000;0;0;True;32;cupy;True;True;3.0311040999367833;2.030190700199455;98.88999999999999;104.9;589.4734375;645.4140625;10.5;13;353.0546875;353.0546875
238;2;10000;0;0;True;32;cupy;True;True;2.9925742000341415;2.014958000043407;98.99000000000002;104.6;589.744921875;645.59765625;10.9;13;353.0546875;353.0546875
238;3;10000;0;0;True;32;cupy;True;True;3.033757499884814;2.0380418999120593;98.25000000000001;103.6;589.423828125;645.296875;11.3;13;353.0546875;353.0546875
238;4;10000;0;0;True;32;cupy;True;True;3.0334121000487357;2.017901899991557;98.52;104.1;589.7609375;645.65625;11.6;13;353.0546875;353.0546875
238;5;10000;0;0;True;32;cupy;True;True;3.0357495001517236;1.9988548001274467;99.59;104.3;589.85625;645.73046875;14.1;18;353.0546875;353.0546875
239;1;10000;0;0;True;64;numpy;False;False;0.9518911999184638;0.11912459996528924;;;;;;;;
239;2;10000;0;0;True;64;numpy;False;False;0.9341227998957038;0.11573429987765849;;;;;;;;
239;3;10000;0;0;True;64;numpy;False;False;0.9314095999579877;0.11317429994232953;;;;;;;;
239;4;10000;0;0;True;64;numpy;False;False;0.9348701999988407;0.11403260007500648;;;;;;;;
239;5;10000;0;0;True;64;numpy;False;False;0.9264376999344677;0.11721520009450614;;;;;;;;
240;1;10000;0;0;True;64;numpy;True;True;0.9548838001210243;0.1317975998390466;107.33999999999999;123.8;486.530859375;542.25;;;;
240;2;10000;0;0;True;64;numpy;True;True;0.9433173998259008;0.1304087999742478;97.57;129.0;486.2625;541.98828125;;;;
240;3;10000;0;0;True;64;numpy;True;True;0.9534936000127345;0.1357512001413852;104.75999999999999;135.5;486.2859375;541.984375;;;;
240;4;10000;0;0;True;64;numpy;True;True;0.9470424000173807;0.1290965999942273;96.16;122.8;486.407421875;542.1015625;;;;
240;5;10000;0;0;True;64;numpy;True;True;0.9429291000124067;0.12835659994743764;85.9;130.9;486.1953125;541.92578125;;;;
241;1;10000;0;0;True;64;cupy;False;False;3.1441194000653923;2.173349600052461;;;;;;;;
241;2;10000;0;0;True;64;cupy;False;False;2.996531300013885;2.026952899992466;;;;;;;;
241;3;10000;0;0;True;64;cupy;False;False;3.009713700041175;2.0038744998164475;;;;;;;;
241;4;10000;0;0;True;64;cupy;False;False;3.1614880999550223;2.176612200215459;;;;;;;;
241;5;10000;0;0;True;64;cupy;False;False;3.0533996999729425;2.065582999959588;;;;;;;;
242;1;10000;0;0;True;64;cupy;True;True;3.104807199910283;2.095567800104618;98.92999999999998;102.3;654.0015625;709.9140625;11.9;15;405.0546875;405.0546875
242;2;10000;0;0;True;64;cupy;True;True;3.119660599855706;2.1071493001654744;98.78000000000002;102.0;653.476953125;709.42578125;13.0;14;405.0546875;405.0546875
242;3;10000;0;0;True;64;cupy;True;True;3.0963384001515806;2.057815100066364;98.63;102.2;653.80625;709.71484375;14.6;19;405.0546875;405.0546875
242;4;10000;0;0;True;64;cupy;True;True;3.088888800004497;2.078083199914545;100.37;102.1;654.257421875;710.1796875;11.0;14;405.0546875;405.0546875
242;5;10000;0;0;True;64;cupy;True;True;3.3350087001454085;2.32137559982948;92.1;102.2;653.93359375;709.80859375;12.0;14;405.0546875;405.0546875
243;1;10000;9999000;0.1;False;32;numpy;False;False;22.28347529983148;15.191425299970433;;;;;;;;
243;2;10000;9999000;0.1;False;32;numpy;False;False;22.236659799935296;15.240126800024882;;;;;;;;
243;3;10000;9999000;0.1;False;32;numpy;False;False;22.258370300056413;15.242154800100252;;;;;;;;
243;4;10000;9999000;0.1;False;32;numpy;False;False;22.212824400048703;15.21419159998186;;;;;;;;
243;5;10000;9999000;0.1;False;32;numpy;False;False;22.115395600209013;15.199117599986494;;;;;;;;
244;1;10000;9999000;0.1;False;32;numpy;True;True;22.44837970007211;15.480730099836364;1177.52;1338.0;867.8125;923.5546875;;;;
244;2;10000;9999000;0.1;False;32;numpy;True;True;22.427964099915698;15.49592459993437;1189.2199999999998;1250.6;867.742578125;923.46875;;;;
244;3;10000;9999000;0.1;False;32;numpy;True;True;22.58248100010678;15.53809139993973;1166.76;1368.7;867.975390625;923.73046875;;;;
244;4;10000;9999000;0.1;False;32;numpy;True;True;22.519411499844864;15.512091400101781;1143.24;1289.3;868.164453125;923.9140625;;;;
244;5;10000;9999000;0.1;False;32;numpy;True;True;22.488283399958163;15.51072289980948;1161.59;1282.7;867.809765625;923.55859375;;;;
245;1;10000;9999000;0.1;False;32;cupy;False;False;4.884579099947587;3.782086099963635;;;;;;;;
245;2;10000;9999000;0.1;False;32;cupy;False;False;4.886095999972895;3.8058700999245048;;;;;;;;
245;3;10000;9999000;0.1;False;32;cupy;False;False;4.895039499970153;3.8059666000772268;;;;;;;;
245;4;10000;9999000;0.1;False;32;cupy;False;False;4.907917900010943;3.8134587998501956;;;;;;;;
245;5;10000;9999000;0.1;False;32;cupy;False;False;4.876561100129038;3.7827195001300424;;;;;;;;
246;1;10000;9999000;0.1;False;32;cupy;True;True;4.987789100036025;3.8653885999228805;99.10999999999999;101.1;717.26796875;773.16015625;55.9;63;743.0546875;743.0546875
246;2;10000;9999000;0.1;False;32;cupy;True;True;4.977408999809995;3.855602700030431;99.91;102.9;717.73203125;773.625;57.5;64;743.0546875;743.0546875
246;3;10000;9999000;0.1;False;32;cupy;True;True;4.975587599910796;3.835147400153801;99.64;101.2;717.755859375;773.64453125;57.2;64;743.0546875;743.0546875
246;4;10000;9999000;0.1;False;32;cupy;True;True;4.963954200036824;3.85608599986881;99.71000000000001;100.8;717.451171875;773.375;57.6;63;743.0546875;743.0546875
246;5;10000;9999000;0.1;False;32;cupy;True;True;4.962088200030848;3.848535999888554;98.13999999999999;102.9;717.92265625;773.8203125;56.8;64;743.0546875;743.0546875
247;1;10000;9999000;0.1;False;64;numpy;False;False;37.351649900199845;30.277989799855277;;;;;;;;
247;2;10000;9999000;0.1;False;64;numpy;False;False;37.341006099944934;30.252445499878377;;;;;;;;
247;3;10000;9999000;0.1;False;64;numpy;False;False;37.394459299976006;30.26320180017501;;;;;;;;
247;4;10000;9999000;0.1;False;64;numpy;False;False;37.250324100023136;30.211380599997938;;;;;;;;
247;5;10000;9999000;0.1;False;64;numpy;False;False;37.25114339985885;30.208517499966547;;;;;;;;
248;1;10000;9999000;0.1;False;64;numpy;True;True;37.83474859991111;30.77397139999084;1183.31;1248.7;1249.758984375;1305.5;;;;
248;2;10000;9999000;0.1;False;64;numpy;True;True;37.80281069991179;30.774591899942607;1203.56;1273.6;1249.86328125;1305.6171875;;;;
248;3;10000;9999000;0.1;False;64;numpy;True;True;37.837595500051975;30.76387850008905;1192.9;1253.4;1249.77734375;1305.54296875;;;;
248;4;10000;9999000;0.1;False;64;numpy;True;True;37.817080499837175;30.786278799874708;1186.43;1225.4;1249.705078125;1305.4140625;;;;
248;5;10000;9999000;0.1;False;64;numpy;True;True;37.88306519994512;30.825770299881697;1187.91;1261.7;1249.88671875;1305.625;;;;
249;1;10000;9999000;0.1;False;64;cupy;False;False;7.159861899912357;6.020148899871856;;;;;;;;
249;2;10000;9999000;0.1;False;64;cupy;False;False;7.116321200039238;6.008132500108331;;;;;;;;
249;3;10000;9999000;0.1;False;64;cupy;False;False;7.296962799970061;6.18711099983193;;;;;;;;
249;4;10000;9999000;0.1;False;64;cupy;False;False;7.154615700012073;6.030898800119758;;;;;;;;
249;5;10000;9999000;0.1;False;64;cupy;False;False;7.169273899868131;6.029391499934718;;;;;;;;
250;1;10000;9999000;0.1;False;64;cupy;True;True;7.300730099901557;6.1517115999013186;99.08;101.2;746.04140625;801.88671875;74.0;76;1177.0546875;1177.0546875
250;2;10000;9999000;0.1;False;64;cupy;True;True;7.275705399923027;6.092252400005236;99.44;101.6;746.06640625;801.8984375;74.8;77;1177.0546875;1177.0546875
250;3;10000;9999000;0.1;False;64;cupy;True;True;7.291688499972224;6.117159500019625;99.85;102.2;745.962109375;801.87890625;73.6;76;1177.0546875;1177.0546875
250;4;10000;9999000;0.1;False;64;cupy;True;True;7.294421500060707;6.149295300012454;98.47999999999999;101.7;745.999609375;801.84765625;74.3;76;1177.0546875;1177.0546875
250;5;10000;9999000;0.1;False;64;cupy;True;True;7.290456499904394;6.132473200093955;99.88000000000002;101.7;745.79921875;801.66796875;74.4;76;1177.0546875;1177.0546875
251;1;10000;9999000;0.1;True;32;numpy;False;False;14.220471900189295;7.534094300121069;;;;;;;;
251;2;10000;9999000;0.1;True;32;numpy;False;False;14.120348599972203;7.452832699986175;;;;;;;;
251;3;10000;9999000;0.1;True;32;numpy;False;False;14.263275699922815;7.569724299944937;;;;;;;;
251;4;10000;9999000;0.1;True;32;numpy;False;False;14.183390199905261;7.459678800078109;;;;;;;;
251;5;10000;9999000;0.1;True;32;numpy;False;False;14.006044799927622;7.3576080000493675;;;;;;;;
252;1;10000;9999000;0.1;True;32;numpy;True;True;14.575148399919271;7.773977200035006;99.61;101.1;562.811328125;618.5546875;;;;
252;2;10000;9999000;0.1;True;32;numpy;True;True;14.389266799902543;7.737213100073859;99.67999999999999;101.8;562.609375;618.34375;;;;
252;3;10000;9999000;0.1;True;32;numpy;True;True;14.371665599988773;7.7369335000403225;98.47;101.6;562.489453125;618.24609375;;;;
252;4;10000;9999000;0.1;True;32;numpy;True;True;14.394225700059906;7.711923700058833;99.19;100.3;562.6015625;618.3359375;;;;
252;5;10000;9999000;0.1;True;32;numpy;True;True;14.363868999993429;7.704464999958873;99.28999999999999;101.5;562.834765625;618.58984375;;;;
253;1;10000;9999000;0.1;True;32;cupy;False;False;3.2101370999589562;2.1082464000210166;;;;;;;;
253;2;10000;9999000;0.1;True;32;cupy;False;False;3.1626170999370515;2.0561966001987457;;;;;;;;
253;3;10000;9999000;0.1;True;32;cupy;False;False;3.206514799967408;2.1013850001618266;;;;;;;;
253;4;10000;9999000;0.1;True;32;cupy;False;False;3.227176900021732;2.1497192999813706;;;;;;;;
253;5;10000;9999000;0.1;True;32;cupy;False;False;3.2282218001782894;2.1430102998856455;;;;;;;;
254;1;10000;9999000;0.1;True;32;cupy;True;True;3.3250444000586867;2.2045406999532133;98.34;103.9;691.66953125;747.52734375;30.8;32;499.0546875;499.0546875
254;2;10000;9999000;0.1;True;32;cupy;True;True;3.40570480003953;2.1937286001630127;98.61999999999999;103.0;691.387890625;747.21484375;26.8;32;499.0546875;499.0546875
254;3;10000;9999000;0.1;True;32;cupy;True;True;3.275983300060034;2.1680298999417573;99.25;104.6;691.24375;747.09375;28.7;32;499.0546875;499.0546875
254;4;10000;9999000;0.1;True;32;cupy;True;True;3.302369700046256;2.1670492000412196;99.67;105.1;691.41015625;747.30859375;31.2;33;499.0546875;499.0546875
254;5;10000;9999000;0.1;True;32;cupy;True;True;3.2793415000196546;2.1592699999455363;99.58000000000001;104.6;691.740234375;747.62890625;31.4;33;499.0546875;499.0546875
255;1;10000;9999000;0.1;True;64;numpy;False;False;14.804089499870315;8.045357099967077;;;;;;;;
255;2;10000;9999000;0.1;True;64;numpy;False;False;14.394445500103757;7.739194199908525;;;;;;;;
255;3;10000;9999000;0.1;True;64;numpy;False;False;14.622416800120845;7.9284240999259055;;;;;;;;
255;4;10000;9999000;0.1;True;64;numpy;False;False;14.619936299975961;7.943485700059682;;;;;;;;
255;5;10000;9999000;0.1;True;64;numpy;False;False;14.55491860001348;7.946200400125235;;;;;;;;
256;1;10000;9999000;0.1;True;64;numpy;True;True;14.78428820008412;8.140130399959162;99.53;100.8;601.15703125;656.90625;;;;
256;2;10000;9999000;0.1;True;64;numpy;True;True;14.838368199998513;8.196203999919817;99.63;101.4;601.271875;656.9921875;;;;
256;3;10000;9999000;0.1;True;64;numpy;True;True;14.745056899962947;8.099826500052586;100.03999999999999;101.2;601.4484375;657.1875;;;;
256;4;10000;9999000;0.1;True;64;numpy;True;True;14.775962600018829;8.137410399969667;99.19999999999999;100.7;601.1203125;656.8515625;;;;
256;5;10000;9999000;0.1;True;64;numpy;True;True;14.792330899974331;8.14665440004319;99.27000000000001;100.5;600.93125;656.765625;;;;
257;1;10000;9999000;0.1;True;64;cupy;False;False;3.4630581000819802;2.3657315999735147;;;;;;;;
257;2;10000;9999000;0.1;True;64;cupy;False;False;3.4313033998478204;2.335684500169009;;;;;;;;
257;3;10000;9999000;0.1;True;64;cupy;False;False;3.456183800008148;2.363725900184363;;;;;;;;
257;4;10000;9999000;0.1;True;64;cupy;False;False;3.4494192998390645;2.3563918001018465;;;;;;;;
257;5;10000;9999000;0.1;True;64;cupy;False;False;3.39628789993003;2.3057649999391288;;;;;;;;
258;1;10000;9999000;0.1;True;64;cupy;True;True;3.5146114001981914;2.3640201999805868;98.76;106.1;755.27109375;811.15234375;37.1;42;537.0546875;537.0546875
258;2;10000;9999000;0.1;True;64;cupy;True;True;3.50066260015592;2.389905799878761;99.82000000000002;104.7;755.762109375;811.671875;36.0;40;537.0546875;537.0546875
258;3;10000;9999000;0.1;True;64;cupy;True;True;3.509750199969858;2.396078299963847;99.51;102.9;755.32890625;811.22265625;35.1;40;537.0546875;537.0546875
258;4;10000;9999000;0.1;True;64;cupy;True;True;3.5170662999153137;2.3965741998981684;100.14;105.3;755.450390625;811.3125;39.7;40;537.0546875;537.0546875
258;5;10000;9999000;0.1;True;64;cupy;True;True;3.5057637998834252;2.3800187001470476;98.30999999999999;101.9;755.551171875;811.43359375;39.5;40;537.0546875;537.0546875
259;1;10000;49995000;0.5;False;32;numpy;False;False;23.90825690003112;15.275767900049686;;;;;;;;
259;2;10000;49995000;0.5;False;32;numpy;False;False;23.749192399904132;15.266672000056133;;;;;;;;
259;3;10000;49995000;0.5;False;32;numpy;False;False;23.683785500004888;15.24490649998188;;;;;;;;
259;4;10000;49995000;0.5;False;32;numpy;False;False;23.72209590021521;15.265570600051433;;;;;;;;
259;5;10000;49995000;0.5;False;32;numpy;False;False;23.64769689994864;15.264399100095034;;;;;;;;
260;1;10000;49995000;0.5;False;32;numpy;True;True;23.95440679998137;15.523999000201002;1219.9899999999998;1318.7;867.88125;923.6015625;;;;
260;2;10000;49995000;0.5;False;32;numpy;True;True;23.94661350012757;15.517319299979135;1208.8300000000002;1356.6;867.728125;923.41796875;;;;
260;3;10000;49995000;0.5;False;32;numpy;True;True;24.16540139983408;15.544709800044075;1217.0;1393.3;867.675390625;923.40625;;;;
260;4;10000;49995000;0.5;False;32;numpy;True;True;24.056405699811876;15.54279619990848;1182.1000000000001;1389.2;867.924609375;923.65234375;;;;
260;5;10000;49995000;0.5;False;32;numpy;True;True;24.0720541998744;15.533928299788386;1217.11;1354.6;867.798046875;923.5390625;;;;
261;1;10000;49995000;0.5;False;32;cupy;False;False;5.008590300101787;3.7862615999765694;;;;;;;;
261;2;10000;49995000;0.5;False;32;cupy;False;False;4.9940427001565695;3.814361099852249;;;;;;;;
261;3;10000;49995000;0.5;False;32;cupy;False;False;5.0075874999165535;3.812225600006059;;;;;;;;
261;4;10000;49995000;0.5;False;32;cupy;False;False;4.986592800123617;3.788855600170791;;;;;;;;
261;5;10000;49995000;0.5;False;32;cupy;False;False;5.005279500037432;3.7955131998751312;;;;;;;;
262;1;10000;49995000;0.5;False;32;cupy;True;True;5.067073100013658;3.8495270998682827;99.18999999999998;101.5;717.240625;773.078125;61.6;63;743.0546875;743.0546875
262;2;10000;49995000;0.5;False;32;cupy;True;True;5.0866092999931425;3.8727704000193626;100.18000000000002;102.7;717.586328125;773.51953125;60.4;64;743.0546875;743.0546875
262;3;10000;49995000;0.5;False;32;cupy;True;True;5.068963499972597;3.849092499818653;99.27;102.1;717.266796875;773.2109375;57.0;63;743.0546875;743.0546875
262;4;10000;49995000;0.5;False;32;cupy;True;True;5.075492999982089;3.842188199982047;98.86;103.5;717.349609375;773.25;56.9;64;743.0546875;743.0546875
262;5;10000;49995000;0.5;False;32;cupy;True;True;5.09517930005677;3.8614292999263853;98.16;102.7;717.29296875;773.1796875;62.4;63;743.0546875;743.0546875
263;1;10000;49995000;0.5;False;64;numpy;False;False;39.05907929991372;30.357633200008422;;;;;;;;
263;2;10000;49995000;0.5;False;64;numpy;False;False;39.03364759986289;30.4294980999548;;;;;;;;
263;3;10000;49995000;0.5;False;64;numpy;False;False;39.10272580012679;30.290707000065595;;;;;;;;
263;4;10000;49995000;0.5;False;64;numpy;False;False;38.94087520008907;30.380637200083584;;;;;;;;
263;5;10000;49995000;0.5;False;64;numpy;False;False;38.86539489985444;30.25460259988904;;;;;;;;
264;1;10000;49995000;0.5;False;64;numpy;True;True;39.35659099998884;30.810045799938962;1179.8400000000001;1231.1;1249.837109375;1305.57421875;;;;
264;2;10000;49995000;0.5;False;64;numpy;True;True;39.4607361999806;30.851224599871784;1170.72;1244.7;1249.5265625;1305.21484375;;;;
264;3;10000;49995000;0.5;False;64;numpy;True;True;39.38765160017647;30.772089699981734;1190.75;1248.1;1249.616796875;1305.359375;;;;
264;4;10000;49995000;0.5;False;64;numpy;True;True;39.40864369994961;30.81820650002919;1193.02;1236.4;1249.896875;1305.60546875;;;;
264;5;10000;49995000;0.5;False;64;numpy;True;True;39.403507800074294;30.80541619984433;1197.94;1275.5;1249.396875;1305.1015625;;;;
265;1;10000;49995000;0.5;False;64;cupy;False;False;7.291948999976739;5.998002000153065;;;;;;;;
265;2;10000;49995000;0.5;False;64;cupy;False;False;7.200342899886891;5.9868725000415;;;;;;;;
265;3;10000;49995000;0.5;False;64;cupy;False;False;7.237245399970561;6.016802500002086;;;;;;;;
265;4;10000;49995000;0.5;False;64;cupy;False;False;7.248259499901906;6.026263799984008;;;;;;;;
265;5;10000;49995000;0.5;False;64;cupy;False;False;7.273207699880004;6.033104100031778;;;;;;;;
266;1;10000;49995000;0.5;False;64;cupy;True;True;7.410490199923515;6.154076799983159;98.21000000000001;101.5;746.351171875;802.20703125;73.3;76;1177.0546875;1177.0546875
266;2;10000;49995000;0.5;False;64;cupy;True;True;7.364655599929392;6.099075800040737;99.9;102.2;746.461328125;802.36328125;74.6;77;1177.0546875;1177.0546875
266;3;10000;49995000;0.5;False;64;cupy;True;True;7.430645100073889;6.173486900050193;98.78999999999999;101.1;746.213671875;802.11328125;75.5;76;1177.0546875;1177.0546875
266;4;10000;49995000;0.5;False;64;cupy;True;True;7.426926800049841;6.167079199803993;99.57;101.5;746.515234375;802.40625;70.8;76;1177.0546875;1177.0546875
266;5;10000;49995000;0.5;False;64;cupy;True;True;7.4302195000927895;6.172025199979544;99.3;101.2;745.852734375;801.71875;74.9;76;1177.0546875;1177.0546875
267;1;10000;49995000;0.5;True;32;numpy;False;False;44.67653200007044;36.91410479997285;;;;;;;;
267;2;10000;49995000;0.5;True;32;numpy;False;False;43.90756949991919;36.167720099911094;;;;;;;;
267;3;10000;49995000;0.5;True;32;numpy;False;False;44.063993599964306;36.44059159979224;;;;;;;;
267;4;10000;49995000;0.5;True;32;numpy;False;False;44.0969326000195;36.03654669993557;;;;;;;;
267;5;10000;49995000;0.5;True;32;numpy;False;False;44.17211000015959;36.511887800181285;;;;;;;;
268;1;10000;49995000;0.5;True;32;numpy;True;True;45.171108399983495;37.51051639998332;99.54;100.2;867.61796875;923.3515625;;;;
268;2;10000;49995000;0.5;True;32;numpy;True;True;45.16113259992562;37.471831100061536;99.47;100.1;867.636328125;923.3671875;;;;
268;3;10000;49995000;0.5;True;32;numpy;True;True;45.30078610009514;37.71916119987145;99.61999999999999;100.5;867.601953125;923.28515625;;;;
268;4;10000;49995000;0.5;True;32;numpy;True;True;45.316979499999434;37.67138249985874;99.55;100.2;867.94609375;923.6640625;;;;
268;5;10000;49995000;0.5;True;32;numpy;True;True;45.19721100013703;37.515716599998996;99.50999999999999;100.3;867.6375;923.3828125;;;;
269;1;10000;49995000;0.5;True;32;cupy;False;False;5.026215099962428;3.8040907999966294;;;;;;;;
269;2;10000;49995000;0.5;True;32;cupy;False;False;4.991314500104636;3.801860800012946;;;;;;;;
269;3;10000;49995000;0.5;True;32;cupy;False;False;4.9880068998318166;3.8013832001015544;;;;;;;;
269;4;10000;49995000;0.5;True;32;cupy;False;False;5.009298200020567;3.80939060007222;;;;;;;;
269;5;10000;49995000;0.5;True;32;cupy;False;False;5.000842800131068;3.80270510003902;;;;;;;;
270;1;10000;49995000;0.5;True;32;cupy;True;True;5.109778400044888;3.864064200082794;99.29999999999998;103.0;691.488671875;747.46484375;63.6;81;739.0546875;739.0546875
270;2;10000;49995000;0.5;True;32;cupy;True;True;5.078955299919471;3.8599560998845845;100.18000000000002;103.0;691.8734375;747.74609375;62.0;63;739.0546875;739.0546875
270;3;10000;49995000;0.5;True;32;cupy;True;True;5.157599300146103;3.9387095998972654;98.34;103.1;691.275;747.125;59.9;63;739.0546875;739.0546875
270;4;10000;49995000;0.5;True;32;cupy;True;True;5.117993999971077;3.895780500024557;97.76;102.2;692.091796875;747.94140625;55.6;61;739.0546875;739.0546875
270;5;10000;49995000;0.5;True;32;cupy;True;True;5.133792500011623;3.8860440000426024;99.46000000000001;102.7;691.12578125;746.9921875;62.9;71;739.0546875;739.0546875
271;1;10000;49995000;0.5;True;64;numpy;False;False;47.99235179997049;40.21357150003314;;;;;;;;
271;2;10000;49995000;0.5;True;64;numpy;False;False;46.913388799875975;38.795652699889615;;;;;;;;
271;3;10000;49995000;0.5;True;64;numpy;False;False;46.35059629986063;38.59071510005742;;;;;;;;
271;4;10000;49995000;0.5;True;64;numpy;False;False;45.798076200066134;38.056659100111574;;;;;;;;
271;5;10000;49995000;0.5;True;64;numpy;False;False;45.87640880001709;38.182023300090805;;;;;;;;
272;1;10000;49995000;0.5;True;64;numpy;True;True;47.35674429987557;39.63026750017889;99.53999999999999;100.1;1058.819921875;1114.5703125;;;;
272;2;10000;49995000;0.5;True;64;numpy;True;True;47.583327300148085;39.79038399993442;99.41;99.9;1058.583984375;1114.30078125;;;;
272;3;10000;49995000;0.5;True;64;numpy;True;True;47.74035029998049;39.89563160017133;98.89;99.8;1058.746875;1114.46875;;;;
272;4;10000;49995000;0.5;True;64;numpy;True;True;47.85369469993748;39.87601520004682;98.74;99.5;1050.80625;1106.54296875;;;;
272;5;10000;49995000;0.5;True;64;numpy;True;True;47.59828329994343;39.80548850004561;99.13000000000001;100.2;1059.051171875;1114.78515625;;;;
273;1;10000;49995000;0.5;True;64;cupy;False;False;6.20602329983376;4.968994399998337;;;;;;;;
273;2;10000;49995000;0.5;True;64;cupy;False;False;6.820372499991208;5.607376399915665;;;;;;;;
273;3;10000;49995000;0.5;True;64;cupy;False;False;6.174791200086474;4.965816400013864;;;;;;;;
273;4;10000;49995000;0.5;True;64;cupy;False;False;6.162798000033945;4.953095400007442;;;;;;;;
273;5;10000;49995000;0.5;True;64;cupy;False;False;6.176303399959579;4.972481099888682;;;;;;;;
274;1;10000;49995000;0.5;True;64;cupy;True;True;6.260907700052485;5.019206400029361;99.88;101.3;755.36171875;811.2265625;70.3;71;1067.0546875;1067.0546875
274;2;10000;49995000;0.5;True;64;cupy;True;True;6.25486130011268;5.019083599792793;99.32000000000001;101.0;755.2328125;811.12890625;65.3;71;1067.0546875;1067.0546875
274;3;10000;49995000;0.5;True;64;cupy;True;True;6.224675199948251;5.001379700144753;99.92;101.4;755.53125;811.45703125;69.8;71;1067.0546875;1067.0546875
274;4;10000;49995000;0.5;True;64;cupy;True;True;6.262052900157869;5.030090600019321;99.28;102.2;754.716796875;810.61328125;65.2;71;1067.0546875;1067.0546875
274;5;10000;49995000;0.5;True;64;cupy;True;True;6.251483199885115;5.010349899996072;99.47;103.1;755.73125;811.6015625;70.1;71;1067.0546875;1067.0546875
275;1;10000;74992500;0.75;False;32;numpy;False;False;24.29612040007487;15.212659199954942;;;;;;;;
275;2;10000;74992500;0.75;False;32;numpy;False;False;24.39781410014257;15.216891499934718;;;;;;;;
275;3;10000;74992500;0.75;False;32;numpy;False;False;24.558815399883315;15.249771399889141;;;;;;;;
275;4;10000;74992500;0.75;False;32;numpy;False;False;24.30047250003554;15.179153299890459;;;;;;;;
275;5;10000;74992500;0.75;False;32;numpy;False;False;24.307489900151268;15.20932270004414;;;;;;;;
276;1;10000;74992500;0.75;False;32;numpy;True;True;24.61785320006311;15.554217100143433;1231.1599999999999;1364.8;867.745703125;923.484375;;;;
276;2;10000;74992500;0.75;False;32;numpy;True;True;24.631380599923432;15.518109500175342;1177.86;1312.0;867.72421875;923.44921875;;;;
276;3;10000;74992500;0.75;False;32;numpy;True;True;24.52930419985205;15.520732099888846;1184.08;1360.7;867.459375;923.19921875;;;;
276;4;10000;74992500;0.75;False;32;numpy;True;True;24.52804120001383;15.53531219996512;1132.8999999999999;1296.5;867.6453125;923.375;;;;
276;5;10000;74992500;0.75;False;32;numpy;True;True;24.7465037999209;15.62134680012241;1026.59;1335.7;867.8546875;923.55078125;;;;
277;1;10000;74992500;0.75;False;32;cupy;False;False;6.026355100097135;4.616807000013068;;;;;;;;
277;2;10000;74992500;0.75;False;32;cupy;False;False;5.2035810998640954;3.8292605001479387;;;;;;;;
277;3;10000;74992500;0.75;False;32;cupy;False;False;5.171307499986142;3.8043786000926048;;;;;;;;
277;4;10000;74992500;0.75;False;32;cupy;False;False;5.16994610009715;3.7973867000546306;;;;;;;;
277;5;10000;74992500;0.75;False;32;cupy;False;False;5.15199700021185;3.7755815000273287;;;;;;;;
278;1;10000;74992500;0.75;False;32;cupy;True;True;5.2405115000437945;3.8354705998208374;99.12999999999998;102.7;843.46796875;899.34375;62.7;64;883.0546875;883.0546875
278;2;10000;74992500;0.75;False;32;cupy;True;True;5.292195599991828;3.8852049000561237;98.39;100.7;843.407421875;899.27734375;56.3;63;883.0546875;883.0546875
278;3;10000;74992500;0.75;False;32;cupy;True;True;5.259393300162628;3.8590322001837194;99.59;101.0;843.5015625;899.328125;61.4;63;883.0546875;883.0546875
278;4;10000;74992500;0.75;False;32;cupy;True;True;5.285426799906418;3.884605700150132;99.53999999999999;101.0;843.534765625;899.39453125;60.8;63;883.0546875;883.0546875
278;5;10000;74992500;0.75;False;32;cupy;True;True;5.323395500192419;3.875616100151092;99.38;103.4;843.796484375;899.65625;57.9;63;883.0546875;883.0546875
279;1;10000;74992500;0.75;False;64;numpy;False;False;39.76261180010624;30.51752470014617;;;;;;;;
279;2;10000;74992500;0.75;False;64;numpy;False;False;39.66500559984706;30.50180730014108;;;;;;;;
279;3;10000;74992500;0.75;False;64;numpy;False;False;39.757802499923855;30.56611599982716;;;;;;;;
279;4;10000;74992500;0.75;False;64;numpy;False;False;39.58747350005433;30.255103799980134;;;;;;;;
279;5;10000;74992500;0.75;False;64;numpy;False;False;39.62781069986522;30.45012230006978;;;;;;;;
280;1;10000;74992500;0.75;False;64;numpy;True;True;39.95588349993341;30.833895100047812;1194.28;1245.8;1250.0859375;1305.83203125;;;;
280;2;10000;74992500;0.75;False;64;numpy;True;True;39.986214299919084;30.799498799955472;1198.75;1241.4;1249.246484375;1304.9609375;;;;
280;3;10000;74992500;0.75;False;64;numpy;True;True;40.01366840000264;30.85674349986948;1131.19;1213.2;1250.002734375;1305.7265625;;;;
280;4;10000;74992500;0.75;False;64;numpy;True;True;39.959466399857774;30.82328570005484;1179.6499999999999;1241.1;1249.57109375;1305.3046875;;;;
280;5;10000;74992500;0.75;False;64;numpy;True;True;39.895489800022915;30.747141500003636;1208.3;1243.5;1249.830859375;1305.51953125;;;;
281;1;10000;74992500;0.75;False;64;cupy;False;False;12.12737589981407;10.416223499923944;;;;;;;;
281;2;10000;74992500;0.75;False;64;cupy;False;False;12.34252049983479;10.687787699978799;;;;;;;;
281;3;10000;74992500;0.75;False;64;cupy;False;False;12.100146099925041;10.442223299993202;;;;;;;;
281;4;10000;74992500;0.75;False;64;cupy;False;False;12.098899999866262;10.44067749986425;;;;;;;;
281;5;10000;74992500;0.75;False;64;cupy;False;False;12.126019299961627;10.460106800077483;;;;;;;;
282;1;10000;74992500;0.75;False;64;cupy;True;True;12.248889999929816;10.561338200001046;99.71000000000001;101.9;1062.725390625;1118.58984375;77.9;97;1151.8546875;1177.0546875
282;2;10000;74992500;0.75;False;64;cupy;True;True;12.232365700183436;10.539923999924213;100.01;102.2;1062.45390625;1118.33203125;79.2;96;1151.8546875;1177.0546875
282;3;10000;74992500;0.75;False;64;cupy;True;True;12.334407099988312;10.610169899882749;98.83;101.0;1062.639453125;1118.48828125;76.6;94;1151.8546875;1177.0546875
282;4;10000;74992500;0.75;False;64;cupy;True;True;12.312020600074902;10.604330700123683;98.95000000000002;102.3;1063.12890625;1118.96875;77.4;96;1151.8546875;1177.0546875
282;5;10000;74992500;0.75;False;64;cupy;True;True;12.26437189988792;10.552639199886471;99.92;102.1;1063.08125;1118.97265625;77.5;97;1151.8546875;1177.0546875
283;1;10000;74992500;0.75;True;32;numpy;False;False;63.8616286998149;55.47091680020094;;;;;;;;
283;2;10000;74992500;0.75;True;32;numpy;False;False;62.92460129992105;54.58420779998414;;;;;;;;
283;3;10000;74992500;0.75;True;32;numpy;False;False;63.35434619989246;55.00618189992383;;;;;;;;
283;4;10000;74992500;0.75;True;32;numpy;False;False;62.522472500102594;54.2258029000368;;;;;;;;
283;5;10000;74992500;0.75;True;32;numpy;False;False;62.10988550004549;53.82932550017722;;;;;;;;
284;1;10000;74992500;0.75;True;32;numpy;True;True;64.9046714999713;56.602608599932864;99.53;100.1;1058.517578125;1114.1875;;;;
284;2;10000;74992500;0.75;True;32;numpy;True;True;64.71721229981631;56.43863089988008;99.6;100.1;1058.131640625;1113.78125;;;;
284;3;10000;74992500;0.75;True;32;numpy;True;True;65.12352370005101;56.66294199996628;99.47;100.2;1058.312109375;1114.00390625;;;;
284;4;10000;74992500;0.75;True;32;numpy;True;True;65.32686290005222;56.8742919000797;99.5;100.0;1058.490625;1114.1484375;;;;
284;5;10000;74992500;0.75;True;32;numpy;True;True;65.18870529998094;56.83486080006696;99.32000000000001;100.1;1058.509765625;1114.20703125;;;;
285;1;10000;74992500;0.75;True;32;cupy;False;False;6.220019100001082;4.896257200045511;;;;;;;;
285;2;10000;74992500;0.75;True;32;cupy;False;False;6.165563100017607;4.903268900001422;;;;;;;;
285;3;10000;74992500;0.75;True;32;cupy;False;False;6.207025700015947;4.9125526999123394;;;;;;;;
285;4;10000;74992500;0.75;True;32;cupy;False;False;6.188412599964067;4.919768900144845;;;;;;;;
285;5;10000;74992500;0.75;True;32;cupy;False;False;6.1948063999880105;4.928147200029343;;;;;;;;
286;1;10000;74992500;0.75;True;32;cupy;True;True;6.356692099943757;5.05924899992533;99.55;101.4;691.435546875;747.37109375;62.7;70;931.0546875;931.0546875
286;2;10000;74992500;0.75;True;32;cupy;True;True;6.308185599977151;5.002301099942997;99.26000000000002;101.2;691.872265625;747.7421875;70.6;71;931.0546875;931.0546875
286;3;10000;74992500;0.75;True;32;cupy;True;True;6.377882800064981;5.073037900030613;99.09;101.1;691.492578125;747.4296875;69.9;71;931.0546875;931.0546875
286;4;10000;74992500;0.75;True;32;cupy;True;True;6.309201200027019;5.006703200051561;99.70000000000002;101.2;691.45390625;747.3125;64.8;71;931.0546875;931.0546875
286;5;10000;74992500;0.75;True;32;cupy;True;True;6.350739700021222;5.027706600027159;99.30999999999999;102.1;691.716796875;747.58984375;70.6;71;931.0546875;931.0546875
287;1;10000;74992500;0.75;True;64;numpy;False;False;67.17456530011259;58.54824819997884;;;;;;;;
287;2;10000;74992500;0.75;True;64;numpy;False;False;66.17663629981689;57.68160200002603;;;;;;;;
287;3;10000;74992500;0.75;True;64;numpy;False;False;66.2643011000473;57.741399199934676;;;;;;;;
287;4;10000;74992500;0.75;True;64;numpy;False;False;65.85773889999837;57.41184019995853;;;;;;;;
287;5;10000;74992500;0.75;True;64;numpy;False;False;66.30194570007734;57.901559700025246;;;;;;;;
288;1;10000;74992500;0.75;True;64;numpy;True;True;67.79400329990312;59.199255499988794;99.31;99.9;1344.571875;1400.24609375;;;;
288;2;10000;74992500;0.75;True;64;numpy;True;True;67.50147249992006;58.93914399994537;99.49;100.0;1344.8796875;1400.5625;;;;
288;3;10000;74992500;0.75;True;64;numpy;True;True;67.59214530000463;59.13982680020854;99.48;99.9;1345.069140625;1400.74609375;;;;
288;4;10000;74992500;0.75;True;64;numpy;True;True;67.70530639984645;59.19852460012771;99.57999999999997;99.9;1344.896875;1400.578125;;;;
288;5;10000;74992500;0.75;True;64;numpy;True;True;67.6626968998462;59.221199200022966;99.5;99.9;1344.80625;1400.44921875;;;;
289;1;10000;74992500;0.75;True;64;cupy;False;False;7.960035800002515;6.613913800101727;;;;;;;;
289;2;10000;74992500;0.75;True;64;cupy;False;False;8.216003199806437;6.923142999876291;;;;;;;;
289;3;10000;74992500;0.75;True;64;cupy;False;False;7.862801000010222;6.573389100143686;;;;;;;;
289;4;10000;74992500;0.75;True;64;cupy;False;False;8.09958150004968;6.810607200022787;;;;;;;;
289;5;10000;74992500;0.75;True;64;cupy;False;False;7.9089158999267966;6.615838100202382;;;;;;;;
290;1;10000;74992500;0.75;True;64;cupy;True;True;7.975171500118449;6.657831999938935;99.73;101.8;756.06875;811.953125;77.3;79;1451.0546875;1451.0546875
290;2;10000;74992500;0.75;True;64;cupy;True;True;8.018677999963984;6.689536300022155;99.53;101.6;755.98515625;811.8515625;77.2;78;1451.0546875;1451.0546875
290;3;10000;74992500;0.75;True;64;cupy;True;True;8.090934199979529;6.730382800102234;99.57000000000001;101.8;755.5015625;811.41015625;76.4;78;1451.0546875;1451.0546875
290;4;10000;74992500;0.75;True;64;cupy;True;True;7.999964199960232;6.680055500008166;99.85;101.6;755.439453125;811.32421875;77.0;78;1451.0546875;1451.0546875
290;5;10000;74992500;0.75;True;64;cupy;True;True;8.004520099842921;6.685777600156143;99.79;101.8;755.81484375;811.703125;76.1;78;1451.0546875;1451.0546875
291;1;10000;99990000;1;False;32;numpy;False;False;18.996786499861628;15.210874099982902;;;;;;;;
291;2;10000;99990000;1;False;32;numpy;False;False;19.030057199997827;15.196702999994159;;;;;;;;
291;3;10000;99990000;1;False;32;numpy;False;False;19.00268239993602;15.225549999857321;;;;;;;;
291;4;10000;99990000;1;False;32;numpy;False;False;19.005318799987435;15.209103599889204;;;;;;;;
291;5;10000;99990000;1;False;32;numpy;False;False;18.927967800060287;15.203849600162357;;;;;;;;
292;1;10000;99990000;1;False;32;numpy;True;True;19.248973299982026;15.527182299876586;1189.22;1295.5;867.478125;923.21484375;;;;
292;2;10000;99990000;1;False;32;numpy;True;True;19.206421399954706;15.499539899872616;1178.12;1262.7;867.396875;923.140625;;;;
292;3;10000;99990000;1;False;32;numpy;True;True;19.212201700080186;15.479140599956736;1201.73;1279.3;867.54765625;923.21484375;;;;
292;4;10000;99990000;1;False;32;numpy;True;True;19.340121200075373;15.608488199999556;1041.38;1288.6;867.291796875;923.01953125;;;;
292;5;10000;99990000;1;False;32;numpy;True;True;19.24077959987335;15.492936599999666;1191.66;1277.3;867.3171875;923.05859375;;;;
293;1;10000;99990000;1;False;32;cupy;False;False;5.263164199888706;3.8136418000794947;;;;;;;;
293;2;10000;99990000;1;False;32;cupy;False;False;5.181863899808377;3.776690599974245;;;;;;;;
293;3;10000;99990000;1;False;32;cupy;False;False;5.205865999916568;3.820609699934721;;;;;;;;
293;4;10000;99990000;1;False;32;cupy;False;False;5.223266600165516;3.8225298000033945;;;;;;;;
293;5;10000;99990000;1;False;32;cupy;False;False;5.1946851999964565;3.780275800032541;;;;;;;;
294;1;10000;99990000;1;False;32;cupy;True;True;5.276936100097373;3.854507700074464;99.18;101.1;856.794921875;912.703125;57.5;64;1073.0546875;1073.0546875
294;2;10000;99990000;1;False;32;cupy;True;True;5.287739699939266;3.8478155999910086;98.53999999999999;100.9;856.83359375;912.70703125;61.7;63;1073.0546875;1073.0546875
294;3;10000;99990000;1;False;32;cupy;True;True;5.314316600095481;3.8866794002242386;99.16999999999999;100.8;856.62265625;912.515625;62.2;64;1073.0546875;1073.0546875
294;4;10000;99990000;1;False;32;cupy;True;True;5.250915599986911;3.8308603998739272;99.34;101.1;857.287109375;913.21484375;57.4;63;1073.0546875;1073.0546875
294;5;10000;99990000;1;False;32;cupy;True;True;5.300051300087944;3.86010570009239;99.42;100.6;856.627734375;912.53515625;62.5;64;1073.0546875;1073.0546875
295;1;10000;99990000;1;False;64;numpy;False;False;34.31024429993704;30.337672000052407;;;;;;;;
295;2;10000;99990000;1;False;64;numpy;False;False;34.46253859996796;30.478408599970862;;;;;;;;
295;3;10000;99990000;1;False;64;numpy;False;False;34.22556980000809;30.223184099886566;;;;;;;;
295;4;10000;99990000;1;False;64;numpy;False;False;34.182261999929324;30.246475899824873;;;;;;;;
295;5;10000;99990000;1;False;64;numpy;False;False;34.130802700063214;30.22769260010682;;;;;;;;
296;1;10000;99990000;1;False;64;numpy;True;True;34.75827779993415;30.821310100145638;1198.3700000000001;1238.9;1249.78359375;1305.4609375;;;;
296;2;10000;99990000;1;False;64;numpy;True;True;35.09626040002331;31.109863699879497;1057.84;1187.0;1249.262109375;1304.984375;;;;
296;3;10000;99990000;1;False;64;numpy;True;True;34.79626729991287;30.69593619997613;1232.9;1278.2;1249.77421875;1305.51171875;;;;
296;4;10000;99990000;1;False;64;numpy;True;True;34.72635079990141;30.760697099845856;1162.86;1264.8;1249.501171875;1305.23828125;;;;
296;5;10000;99990000;1;False;64;numpy;True;True;34.69876060006209;30.72797580016777;1210.3500000000001;1266.1;1249.558984375;1305.2734375;;;;
297;1;10000;99990000;1;False;64;cupy;False;False;35.97947819996625;34.49353040009737;;;;;;;;
297;2;10000;99990000;1;False;64;cupy;False;False;11.300305900163949;9.844747300026938;;;;;;;;
297;3;10000;99990000;1;False;64;cupy;False;False;26.351638899883255;24.866162799997255;;;;;;;;
297;4;10000;99990000;1;False;64;cupy;False;False;11.292424699990079;9.832464799983427;;;;;;;;
297;5;10000;99990000;1;False;64;cupy;False;False;11.327434299979359;9.834429899929091;;;;;;;;
298;1;10000;99990000;1;False;64;cupy;True;True;11.36531909997575;9.877807900076732;99.96000000000001;102.0;885.29609375;941.15625;78.8;93;1158.6546875;1177.0546875
298;2;10000;99990000;1;False;64;cupy;True;True;11.342024900019169;9.86788020003587;100.03999999999999;101.4;885.058203125;940.90625;78.6;94;1158.6546875;1177.0546875
298;3;10000;99990000;1;False;64;cupy;True;True;11.378906500060111;9.904500599950552;99.83;102.3;885.651171875;941.5390625;79.2;94;1158.6546875;1177.0546875
298;4;10000;99990000;1;False;64;cupy;True;True;11.389187700115144;9.903222299879417;99.08;101.9;885.61796875;941.5078125;79.3;94;1158.6546875;1177.0546875
298;5;10000;99990000;1;False;64;cupy;True;True;11.375661300029606;9.89305099984631;99.62;101.9;885.402734375;941.29296875;79.5;93;1158.6546875;1177.0546875
299;1;10000;99990000;1;True;32;numpy;False;False;77.60971960006282;74.39450749987736;;;;;;;;
299;2;10000;99990000;1;True;32;numpy;False;False;76.60294099990278;73.404210699955;;;;;;;;
299;3;10000;99990000;1;True;32;numpy;False;False;76.25283870007843;73.13260669982992;;;;;;;;
299;4;10000;99990000;1;True;32;numpy;False;False;76.28964280011132;73.14412959991023;;;;;;;;
299;5;10000;99990000;1;True;32;numpy;False;False;75.32551330002025;72.13699240004644;;;;;;;;
300;1;10000;99990000;1;True;32;numpy;True;True;77.7926770998165;74.64956389996223;99.48;99.7;1248.007421875;1296.359375;;;;
300;2;10000;99990000;1;True;32;numpy;True;True;78.1343202998396;74.86599539988674;99.47;99.9;1248.9015625;1304.5859375;;;;
300;3;10000;99990000;1;True;32;numpy;True;True;77.34498350019567;74.14418009994552;99.47;100.0;1249.14921875;1304.82421875;;;;
300;4;10000;99990000;1;True;32;numpy;True;True;77.78801540005952;74.68436839990318;99.4;99.7;1248.7421875;1304.41796875;;;;
300;5;10000;99990000;1;True;32;numpy;True;True;77.95005810004659;74.74344639992341;99.52;100.2;1248.6703125;1304.34765625;;;;
301;1;10000;99990000;1;True;32;cupy;False;False;7.291970300022513;6.039362600073218;;;;;;;;
301;2;10000;99990000;1;True;32;cupy;False;False;7.26058640005067;6.002713699825108;;;;;;;;
301;3;10000;99990000;1;True;32;cupy;False;False;7.287972299847752;6.0624041999690235;;;;;;;;
301;4;10000;99990000;1;True;32;cupy;False;False;7.244308999972418;6.0282914999406785;;;;;;;;
301;5;10000;99990000;1;True;32;cupy;False;False;7.35041689989157;6.126336999936029;;;;;;;;
302;1;10000;99990000;1;True;32;cupy;True;True;7.39235690003261;6.122854900080711;99.93;103.0;642.1609375;698.078125;75.0;77;1121.0546875;1121.0546875
302;2;10000;99990000;1;True;32;cupy;True;True;7.37892990000546;6.115692000137642;99.79;101.0;642.51640625;698.35546875;75.1;77;1121.0546875;1121.0546875
302;3;10000;99990000;1;True;32;cupy;True;True;7.413082200102508;6.1644632001407444;98.88000000000001;100.9;642.666796875;698.59375;75.1;76;1121.0546875;1121.0546875
302;4;10000;99990000;1;True;32;cupy;True;True;7.400205500191078;6.153684599790722;98.96;100.9;642.1703125;697.9921875;74.1;77;1121.0546875;1121.0546875
302;5;10000;99990000;1;True;32;cupy;True;True;7.434355800040066;6.16378020006232;98.14;100.4;642.534375;698.3984375;70.6;76;1121.0546875;1121.0546875
303;1;10000;99990000;1;True;64;numpy;False;False;80.72859559999779;77.38272919994779;;;;;;;;
303;2;10000;99990000;1;True;64;numpy;False;False;79.66388709982857;76.38947039982304;;;;;;;;
303;3;10000;99990000;1;True;64;numpy;False;False;79.79013029998168;76.52028300007805;;;;;;;;
303;4;10000;99990000;1;True;64;numpy;False;False;79.2420129000675;75.90620120009407;;;;;;;;
303;5;10000;99990000;1;True;64;numpy;False;False;79.17845420003869;75.95367550011724;;;;;;;;
304;1;10000;99990000;1;True;64;numpy;True;True;82.05285899993032;78.71890809992328;99.49999999999999;100.1;1630.778125;1686.453125;;;;
304;2;10000;99990000;1;True;64;numpy;True;True;82.94548029988073;79.59813469997607;99.61000000000001;100.1;1625.27421875;1678.53515625;;;;
304;3;10000;99990000;1;True;64;numpy;True;True;84.2850172999315;78.3746040998958;99.59;100.0;1630.65859375;1686.3671875;;;;
304;4;10000;99990000;1;True;64;numpy;True;True;81.80679770000279;78.34105479996651;99.47;100.1;1630.641015625;1686.33984375;;;;
304;5;10000;99990000;1;True;64;numpy;True;True;82.40696139982902;79.02066359994933;99.71000000000001;100.2;1630.8828125;1686.578125;;;;
305;1;10000;99990000;1;True;64;cupy;False;False;10.217932799831033;8.329216400161386;;;;;;;;
305;2;10000;99990000;1;True;64;cupy;False;False;9.437670400133356;8.203851599944755;;;;;;;;
305;3;10000;99990000;1;True;64;cupy;False;False;9.447778699919581;8.222158499993384;;;;;;;;
305;4;10000;99990000;1;True;64;cupy;False;False;9.504893699893728;8.264928000047803;;;;;;;;
305;5;10000;99990000;1;True;64;cupy;False;False;9.502992399968207;8.25375850009732;;;;;;;;
306;1;10000;99990000;1;True;64;cupy;True;True;9.631688799941912;8.348618499934673;99.15;101.5;705.569921875;761.41015625;81.7;82;1831.0546875;1831.0546875
306;2;10000;99990000;1;True;64;cupy;True;True;9.625239200191572;8.333842199994251;99.61999999999999;100.3;706.189453125;762.12890625;81.4;82;1831.0546875;1831.0546875
306;3;10000;99990000;1;True;64;cupy;True;True;9.635118799982592;8.355897099943832;99.83999999999999;101.9;706.105078125;762.0;81.0;82;1831.0546875;1831.0546875
306;4;10000;99990000;1;True;64;cupy;True;True;9.608500499976799;8.353073800215498;99.92999999999999;101.2;706.628125;762.52734375;80.8;82;1831.0546875;1831.0546875
306;5;10000;99990000;1;True;64;cupy;True;True;9.620686099864542;8.345174900023267;99.61;101.7;707.027734375;762.94140625;81.5;82;1831.0546875;1831.0546875
