id;repeticion;neuronas;conexiones;densidad_conexiones;sparse;precision;backend;mostrar_progreso;medir_rendimiento;tiempo;cpu_media;cpu_maxima;ram_media;ram_maxima;gpu_media;gpu_maxima;vram_media;vram_maxima
1;1;1;;;;;;False;False;0.002512600040063262;;;;;;;;
1;2;1;;;;;;False;False;0.0025228001177310944;;;;;;;;
1;3;1;;;;;;False;False;0.0025519998744130135;;;;;;;;
1;4;1;;;;;;False;False;0.002509199781343341;;;;;;;;
1;5;1;;;;;;False;False;0.002508500125259161;;;;;;;;
1;6;1;;;;;;False;False;0.002557900035753846;;;;;;;;
1;7;1;;;;;;False;False;0.002494500018656254;;;;;;;;
1;8;1;;;;;;False;False;0.002652699826285243;;;;;;;;
1;9;1;;;;;;False;False;0.002564400201663375;;;;;;;;
1;10;1;;;;;;False;False;0.0024810999166220427;;;;;;;;
2;1;1;;;;;;True;True;0.0052904998883605;0.0;0;340.30703125;340.30859375;;;;
2;2;1;;;;;;True;True;0.005454200087115169;0.0;0;340.603515625;340.60546875;;;;
2;3;1;;;;;;True;True;0.0051073001231998205;0.0;0;340.67421875;340.67578125;;;;
2;4;1;;;;;;True;True;0.005391699960455298;297.39;2973.9;340.725;340.7265625;;;;
2;5;1;;;;;;True;True;0.005146300187334418;0.0;0;340.365625;340.3671875;;;;
2;6;1;;;;;;True;True;0.005586199928075075;0.0;0;340.791015625;340.79296875;;;;
2;7;1;;;;;;True;True;0.005255100084468722;0.0;0;340.803515625;340.80859375;;;;
2;8;1;;;;;;True;True;0.005759000079706311;0.0;0;340.4828125;340.484375;;;;
2;9;1;;;;;;True;True;0.005329000065103173;0.0;0;340.68984375;340.69140625;;;;
2;10;1;;;;;;True;True;0.00526420003734529;0.0;0;340.423828125;340.42578125;;;;
3;1;1;0;0;False;32;numpy;False;False;0.025167300133034587;;;;;;;;
3;2;1;0;0;False;32;numpy;False;False;0.02432939992286265;;;;;;;;
3;3;1;0;0;False;32;numpy;False;False;0.02401939989067614;;;;;;;;
3;4;1;0;0;False;32;numpy;False;False;0.024232399882748723;;;;;;;;
3;5;1;0;0;False;32;numpy;False;False;0.02422000002115965;;;;;;;;
3;6;1;0;0;False;32;numpy;False;False;0.024349199840798974;;;;;;;;
3;7;1;0;0;False;32;numpy;False;False;0.025074099889025092;;;;;;;;
3;8;1;0;0;False;32;numpy;False;False;0.02478379989042878;;;;;;;;
3;9;1;0;0;False;32;numpy;False;False;0.024087199941277504;;;;;;;;
3;10;1;0;0;False;32;numpy;False;False;0.02499169996008277;;;;;;;;
4;1;1;0;0;False;32;numpy;True;True;0.030179499881342053;51.779999999999994;517.8;340.865234375;340.8671875;;;;
4;2;1;0;0;False;32;numpy;True;True;0.030563200125470757;105.30999999999999;547.0;340.373046875;340.375;;;;
4;3;1;0;0;False;32;numpy;True;True;0.029757600044831634;109.80999999999999;567.7;340.68984375;340.69140625;;;;
4;4;1;0;0;False;32;numpy;True;True;0.029455200070515275;106.85;536.1;340.638671875;340.640625;;;;
4;5;1;0;0;False;32;numpy;True;True;0.0291639999486506;109.25;584.4;340.46328125;340.46484375;;;;
4;6;1;0;0;False;32;numpy;True;True;0.03021709993481636;100.88000000000001;524.7;340.67734375;340.6796875;;;;
4;7;1;0;0;False;32;numpy;True;True;0.028978800168260932;113.45;567.8;340.7796875;340.78515625;;;;
4;8;1;0;0;False;32;numpy;True;True;0.029160700039938092;107.72999999999999;544.4;340.428125;340.4296875;;;;
4;9;1;0;0;False;32;numpy;True;True;0.029230999993160367;103.78;521.4;340.58046875;340.58203125;;;;
4;10;1;0;0;False;32;numpy;True;True;0.02904980001039803;106.1;574.8;340.283203125;340.28515625;;;;
5;1;1;0;0;False;32;cupy;False;False;1.2078569000586867;;;;;;;;
5;2;1;0;0;False;32;cupy;False;False;1.2038334000390023;;;;;;;;
5;3;1;0;0;False;32;cupy;False;False;1.214046400040388;;;;;;;;
5;4;1;0;0;False;32;cupy;False;False;1.224940599873662;;;;;;;;
5;5;1;0;0;False;32;cupy;False;False;1.2177649999503046;;;;;;;;
5;6;1;0;0;False;32;cupy;False;False;1.245173699920997;;;;;;;;
5;7;1;0;0;False;32;cupy;False;False;1.2102620999794453;;;;;;;;
5;8;1;0;0;False;32;cupy;False;False;1.199551499914378;;;;;;;;
5;9;1;0;0;False;32;cupy;False;False;1.201181499985978;;;;;;;;
5;10;1;0;0;False;32;cupy;False;False;1.1846626999322325;;;;;;;;
6;1;1;0;0;False;32;cupy;True;True;1.2334725998807698;99.25999999999998;106.8;432.266015625;432.2734375;11.0;11;303.0546875;303.0546875
6;2;1;0;0;False;32;cupy;True;True;1.2383562999311835;99.03999999999999;107.3;432.122265625;432.12890625;8.4;11;303.0546875;303.0546875
6;3;1;0;0;False;32;cupy;True;True;1.2686651998665184;98.59;107.5;432.19609375;432.203125;10.6;11;303.0546875;303.0546875
6;4;1;0;0;False;32;cupy;True;True;1.2145932000130415;96.80999999999999;106.8;432.262890625;432.26953125;8.4;11;303.0546875;303.0546875
6;5;1;0;0;False;32;cupy;True;True;1.256563600152731;97.74999999999999;105.9;432.446484375;432.453125;10.7;11;303.0546875;303.0546875
6;6;1;0;0;False;32;cupy;True;True;1.2368286999408156;98.05000000000001;108.1;431.634765625;431.64453125;8.7;11;303.0546875;303.0546875
6;7;1;0;0;False;32;cupy;True;True;1.3703683000057936;94.03;106.0;431.76953125;431.77734375;8.3;11;303.0546875;303.0546875
6;8;1;0;0;False;32;cupy;True;True;1.2226400000508875;98.75;107.0;432.315625;432.32421875;11.0;11;303.0546875;303.0546875
6;9;1;0;0;False;32;cupy;True;True;1.2166905000340194;99.30000000000001;106.9;431.88359375;431.890625;8.8;11;303.0546875;303.0546875
6;10;1;0;0;False;32;cupy;True;True;1.2111163998488337;98.2;107.7;432.5125;432.51953125;10.2;11;303.0546875;303.0546875
7;1;1;0;0;False;64;numpy;False;False;0.02355480007827282;;;;;;;;
7;2;1;0;0;False;64;numpy;False;False;0.022727200062945485;;;;;;;;
7;3;1;0;0;False;64;numpy;False;False;0.023052100092172623;;;;;;;;
7;4;1;0;0;False;64;numpy;False;False;0.023122400045394897;;;;;;;;
7;5;1;0;0;False;64;numpy;False;False;0.02285970002412796;;;;;;;;
7;6;1;0;0;False;64;numpy;False;False;0.02320960001088679;;;;;;;;
7;7;1;0;0;False;64;numpy;False;False;0.023280099965631962;;;;;;;;
7;8;1;0;0;False;64;numpy;False;False;0.022882299963384867;;;;;;;;
7;9;1;0;0;False;64;numpy;False;False;0.02257189992815256;;;;;;;;
7;10;1;0;0;False;64;numpy;False;False;0.022675800137221813;;;;;;;;
8;1;1;0;0;False;64;numpy;True;True;0.028258899925276637;113.80999999999999;573.8;340.658203125;340.66015625;;;;
8;2;1;0;0;False;64;numpy;True;True;0.028793799923732877;116.7;591.1;340.9125;340.9140625;;;;
8;3;1;0;0;False;64;numpy;True;True;0.02829389995895326;112.35999999999999;567.3;340.712890625;340.71484375;;;;
8;4;1;0;0;False;64;numpy;True;True;0.028294800082221627;111.35999999999999;562.3;340.712890625;340.71484375;;;;
8;5;1;0;0;False;64;numpy;True;True;0.02912959991954267;106.08;536.8;340.369140625;340.37109375;;;;
8;6;1;0;0;False;64;numpy;True;True;0.028889700071886182;52.160000000000004;521.6;340.36953125;340.375;;;;
8;7;1;0;0;False;64;numpy;True;True;0.028981100069358945;108.97;550.5;340.095703125;340.09765625;;;;
8;8;1;0;0;False;64;numpy;True;True;0.02846599998883903;102.9;536.0;340.58828125;340.58984375;;;;
8;9;1;0;0;False;64;numpy;True;True;0.035007899859920144;102.28999999999999;568.5;340.6109375;340.61328125;;;;
8;10;1;0;0;False;64;numpy;True;True;0.02831749990582466;117.34;591.2;340.34609375;340.34765625;;;;
9;1;1;0;0;False;64;cupy;False;False;1.1863841998856515;;;;;;;;
9;2;1;0;0;False;64;cupy;False;False;1.2040242000948638;;;;;;;;
9;3;1;0;0;False;64;cupy;False;False;1.1968191000632942;;;;;;;;
9;4;1;0;0;False;64;cupy;False;False;1.2105008999351412;;;;;;;;
9;5;1;0;0;False;64;cupy;False;False;1.1765244998969138;;;;;;;;
9;6;1;0;0;False;64;cupy;False;False;1.1899045000318438;;;;;;;;
9;7;1;0;0;False;64;cupy;False;False;1.1806745000649244;;;;;;;;
9;8;1;0;0;False;64;cupy;False;False;1.2034017001278698;;;;;;;;
9;9;1;0;0;False;64;cupy;False;False;1.1961795000825077;;;;;;;;
9;10;1;0;0;False;64;cupy;False;False;1.1747997999191284;;;;;;;;
10;1;1;0;0;False;64;cupy;True;True;1.2323068000841886;99.83;106.8;432.1765625;432.18359375;9.6;11;303.0546875;303.0546875
10;2;1;0;0;False;64;cupy;True;True;1.1994274000171572;99.32000000000002;109.1;432.109375;432.1171875;10.5;11;303.0546875;303.0546875
10;3;1;0;0;False;64;cupy;True;True;1.2037257999181747;98.48;108.1;431.91484375;431.921875;9.2;11;303.0546875;303.0546875
10;4;1;0;0;False;64;cupy;True;True;1.212878700112924;100.57;106.9;432.205078125;432.21484375;11.0;11;303.0546875;303.0546875
10;5;1;0;0;False;64;cupy;True;True;1.2137413998134434;97.16;107.3;432.318359375;432.328125;8.9;11;303.0546875;303.0546875
10;6;1;0;0;False;64;cupy;True;True;1.2529178999830037;98.25999999999999;107.6;432.32109375;432.328125;9.0;11;303.0546875;303.0546875
10;7;1;0;0;False;64;cupy;True;True;1.2031400999985635;99.1;107.7;432.066796875;432.07421875;10.2;11;303.0546875;303.0546875
10;8;1;0;0;False;64;cupy;True;True;1.2163406999316067;96.85;106.9;432.3796875;432.38671875;10.2;11;303.0546875;303.0546875
10;9;1;0;0;False;64;cupy;True;True;1.1956535000354052;98.19;108.2;432.285546875;432.29296875;10.1;11;303.0546875;303.0546875
10;10;1;0;0;False;64;cupy;True;True;1.2286266000010073;99.52999999999999;109.2;432.30625;432.31640625;9.9;11;303.0546875;303.0546875
11;1;1;0;0;True;32;numpy;False;False;0.02915790001861751;;;;;;;;
11;2;1;0;0;True;32;numpy;False;False;0.027568200137466192;;;;;;;;
11;3;1;0;0;True;32;numpy;False;False;0.027875799918547273;;;;;;;;
11;4;1;0;0;True;32;numpy;False;False;0.02852230006828904;;;;;;;;
11;5;1;0;0;True;32;numpy;False;False;0.02857409999705851;;;;;;;;
11;6;1;0;0;True;32;numpy;False;False;0.027779500000178814;;;;;;;;
11;7;1;0;0;True;32;numpy;False;False;0.027735400013625622;;;;;;;;
11;8;1;0;0;True;32;numpy;False;False;0.02773400000296533;;;;;;;;
11;9;1;0;0;True;32;numpy;False;False;0.027990999864414334;;;;;;;;
11;10;1;0;0;True;32;numpy;False;False;0.02821999997831881;;;;;;;;
12;1;1;0;0;True;32;numpy;True;True;0.03356440016068518;88.94;464.7;340.712890625;340.71484375;;;;
12;2;1;0;0;True;32;numpy;True;True;0.03359080012887716;93.92999999999999;479.3;340.66953125;340.671875;;;;
12;3;1;0;0;True;32;numpy;True;True;0.03318710019811988;94.83;480.6;340.455078125;340.45703125;;;;
12;4;1;0;0;True;32;numpy;True;True;0.03310210001654923;95.32000000000001;478.4;340.513671875;340.515625;;;;
12;5;1;0;0;True;32;numpy;True;True;0.033299800008535385;95.97999999999999;500.5;340.52578125;340.53125;;;;
12;6;1;0;0;True;32;numpy;True;True;0.032980899792164564;97.87;502.9;340.632421875;340.63671875;;;;
12;7;1;0;0;True;32;numpy;True;True;0.03419080004096031;88.49000000000001;457.6;340.60703125;340.609375;;;;
12;8;1;0;0;True;32;numpy;True;True;0.03386220009997487;96.7;484.4;340.4;340.40234375;;;;
12;9;1;0;0;True;32;numpy;True;True;0.033737100195139647;92.21;470.2;340.603515625;340.60546875;;;;
12;10;1;0;0;True;32;numpy;True;True;0.03288610000163317;99.47999999999999;501.7;340.466796875;340.46875;;;;
13;1;1;0;0;True;32;cupy;False;False;1.1475132000632584;;;;;;;;
13;2;1;0;0;True;32;cupy;False;False;1.1366329998709261;;;;;;;;
13;3;1;0;0;True;32;cupy;False;False;1.1494563999585807;;;;;;;;
13;4;1;0;0;True;32;cupy;False;False;1.1380845999810845;;;;;;;;
13;5;1;0;0;True;32;cupy;False;False;1.1508271000348032;;;;;;;;
13;6;1;0;0;True;32;cupy;False;False;1.1531597999855876;;;;;;;;
13;7;1;0;0;True;32;cupy;False;False;1.1452640001662076;;;;;;;;
13;8;1;0;0;True;32;cupy;False;False;1.1522426998708397;;;;;;;;
13;9;1;0;0;True;32;cupy;False;False;1.1607133999932557;;;;;;;;
13;10;1;0;0;True;32;cupy;False;False;1.1365147000178695;;;;;;;;
14;1;1;0;0;True;32;cupy;True;True;1.1842064999509603;100.05;109.3;394.50078125;394.5078125;9.1;11;301.0546875;301.0546875
14;2;1;0;0;True;32;cupy;True;True;1.1755653999280185;98.55999999999999;110.8;394.582421875;394.58984375;8.4;11;301.0546875;301.0546875
14;3;1;0;0;True;32;cupy;True;True;1.2167116000782698;99.04999999999998;109.9;394.661328125;394.66796875;8.6;11;301.0546875;301.0546875
14;4;1;0;0;True;32;cupy;True;True;1.1605465000029653;99.19;112.5;394.196484375;394.20703125;9.5;11;301.0546875;301.0546875
14;5;1;0;0;True;32;cupy;True;True;1.1751652997918427;98.24;109.9;394.523046875;394.53125;9.9;11;301.0546875;301.0546875
14;6;1;0;0;True;32;cupy;True;True;1.1785601999145001;98.46;109.7;393.973046875;393.98046875;9.4;11;301.0546875;301.0546875
14;7;1;0;0;True;32;cupy;True;True;1.1632203001063317;97.88;111.0;394.412109375;394.421875;9.5;11;301.0546875;301.0546875
14;8;1;0;0;True;32;cupy;True;True;1.1849173000082374;99.47999999999999;111.7;394.48359375;394.4921875;8.8;11;301.0546875;301.0546875
14;9;1;0;0;True;32;cupy;True;True;1.1747824000194669;99.03999999999999;111.1;393.996875;394.00390625;11.0;11;301.0546875;301.0546875
14;10;1;0;0;True;32;cupy;True;True;1.1888367999345064;97.22;111.1;394.43671875;394.4453125;9.0;11;301.0546875;301.0546875
15;1;1;0;0;True;64;numpy;False;False;0.02671350003220141;;;;;;;;
15;2;1;0;0;True;64;numpy;False;False;0.026205100119113922;;;;;;;;
15;3;1;0;0;True;64;numpy;False;False;0.02725709998048842;;;;;;;;
15;4;1;0;0;True;64;numpy;False;False;0.027169799897819757;;;;;;;;
15;5;1;0;0;True;64;numpy;False;False;0.026805900037288666;;;;;;;;
15;6;1;0;0;True;64;numpy;False;False;0.026933100074529648;;;;;;;;
15;7;1;0;0;True;64;numpy;False;False;0.02737239981070161;;;;;;;;
15;8;1;0;0;True;64;numpy;False;False;0.02624820009805262;;;;;;;;
15;9;1;0;0;True;64;numpy;False;False;0.02747080009430647;;;;;;;;
15;10;1;0;0;True;64;numpy;False;False;0.026859299978241324;;;;;;;;
16;1;1;0;0;True;64;numpy;True;True;0.032057799864560366;100.75999999999999;515.4;340.337109375;340.33984375;;;;
16;2;1;0;0;True;64;numpy;True;True;0.032202200032770634;96.62;502.7;340.587890625;340.58984375;;;;
16;3;1;0;0;True;64;numpy;True;True;0.030824700137600303;103.11999999999998;521.3;340.571875;340.57421875;;;;
16;4;1;0;0;True;64;numpy;True;True;0.03288610000163317;94.97999999999999;483.7;340.794921875;340.796875;;;;
16;5;1;0;0;True;64;numpy;True;True;0.03168209991417825;96.12;516.5;340.617578125;340.62109375;;;;
16;6;1;0;0;True;64;numpy;True;True;0.031757500022649765;97.49;492.0;340.77109375;340.7734375;;;;
16;7;1;0;0;True;64;numpy;True;True;0.03233739989809692;101.87;511.8;340.650390625;340.65234375;;;;
16;8;1;0;0;True;64;numpy;True;True;0.03261340013705194;94.03999999999999;503.7;340.693359375;340.6953125;;;;
16;9;1;0;0;True;64;numpy;True;True;0.03178790002129972;99.05;509.1;340.348046875;340.3515625;;;;
16;10;1;0;0;True;64;numpy;True;True;0.03196210018359125;98.52000000000001;512.5;340.9859375;340.98828125;;;;
17;1;1;0;0;True;64;cupy;False;False;1.2010194999165833;;;;;;;;
17;2;1;0;0;True;64;cupy;False;False;1.1271625999361277;;;;;;;;
17;3;1;0;0;True;64;cupy;False;False;1.1356889999005944;;;;;;;;
17;4;1;0;0;True;64;cupy;False;False;1.144756400026381;;;;;;;;
17;5;1;0;0;True;64;cupy;False;False;1.1444738002028316;;;;;;;;
17;6;1;0;0;True;64;cupy;False;False;1.149896200047806;;;;;;;;
17;7;1;0;0;True;64;cupy;False;False;1.140433100052178;;;;;;;;
17;8;1;0;0;True;64;cupy;False;False;1.1330909000243992;;;;;;;;
17;9;1;0;0;True;64;cupy;False;False;1.1512381001375616;;;;;;;;
17;10;1;0;0;True;64;cupy;False;False;1.136671899817884;;;;;;;;
18;1;1;0;0;True;64;cupy;True;True;1.2515259000938386;97.81;109.6;394.129296875;394.13671875;8.8;11;301.0546875;301.0546875
18;2;1;0;0;True;64;cupy;True;True;1.1418790998868644;96.89;113.5;394.109765625;394.1171875;9.0;11;301.0546875;301.0546875
18;3;1;0;0;True;64;cupy;True;True;1.1784567998256534;100.44999999999999;110.8;394.241796875;394.25;9.7;11;301.0546875;301.0546875
18;4;1;0;0;True;64;cupy;True;True;1.1680896000470966;100.44999999999999;110.2;394.180078125;394.1875;8.8;11;301.0546875;301.0546875
18;5;1;0;0;True;64;cupy;True;True;1.1670685999561101;100.52;112.2;393.984765625;393.9921875;9.9;11;301.0546875;301.0546875
18;6;1;0;0;True;64;cupy;True;True;1.1601199000142515;99.52;111.3;394.132421875;394.140625;8.2;11;301.0546875;301.0546875
18;7;1;0;0;True;64;cupy;True;True;1.2031797000672668;98.43999999999998;111.5;393.906640625;393.9140625;9.5;11;301.0546875;301.0546875
18;8;1;0;0;True;64;cupy;True;True;1.1677256999537349;100.50999999999999;110.9;394.013671875;394.0234375;9.4;11;301.0546875;301.0546875
18;9;1;0;0;True;64;cupy;True;True;1.1710773000959307;99.05;111.4;394.013671875;394.0234375;10.0;11;301.0546875;301.0546875
18;10;1;0;0;True;64;cupy;True;True;1.2139975999016315;97.35;111.7;394.35625;394.36328125;10.7;11;301.0546875;301.0546875
19;1;10;0;0;False;32;numpy;False;False;0.02557830000296235;;;;;;;;
19;2;10;0;0;False;32;numpy;False;False;0.025091599905863404;;;;;;;;
19;3;10;0;0;False;32;numpy;False;False;0.026651800144463778;;;;;;;;
19;4;10;0;0;False;32;numpy;False;False;0.026001199847087264;;;;;;;;
19;5;10;0;0;False;32;numpy;False;False;0.024739500135183334;;;;;;;;
19;6;10;0;0;False;32;numpy;False;False;0.024268600158393383;;;;;;;;
19;7;10;0;0;False;32;numpy;False;False;0.024900099961087108;;;;;;;;
19;8;10;0;0;False;32;numpy;False;False;0.02493229997344315;;;;;;;;
19;9;10;0;0;False;32;numpy;False;False;0.025569699937477708;;;;;;;;
19;10;10;0;0;False;32;numpy;False;False;0.024591000052168965;;;;;;;;
20;1;10;0;0;False;32;numpy;True;True;0.030533600132912397;106.69000000000001;556.5;341.05703125;341.05859375;;;;
20;2;10;0;0;False;32;numpy;True;True;0.030629200162366033;106.87;545.6;341.08046875;341.08203125;;;;
20;3;10;0;0;False;32;numpy;True;True;0.02951240004040301;107.5;557.4;340.869140625;340.87109375;;;;
20;4;10;0;0;False;32;numpy;True;True;0.030355700058862567;98.69;521.0;340.734765625;340.75;;;;
20;5;10;0;0;False;32;numpy;True;True;0.03106289985589683;103.1;522.2;341.003515625;341.01953125;;;;
20;6;10;0;0;False;32;numpy;True;True;0.030066499952226877;101.69;534.8;340.808984375;340.8125;;;;
20;7;10;0;0;False;32;numpy;True;True;0.030535600148141384;50.36;503.6;340.7328125;340.75;;;;
20;8;10;0;0;False;32;numpy;True;True;0.0301726998295635;105.44000000000001;549.3;340.73671875;340.73828125;;;;
20;9;10;0;0;False;32;numpy;True;True;0.03020519996061921;101.64;508.2;340.86171875;340.8671875;;;;
20;10;10;0;0;False;32;numpy;True;True;0.03186200000345707;97.81;492.5;340.718359375;340.734375;;;;
21;1;10;0;0;False;32;cupy;False;False;1.1148226999212056;;;;;;;;
21;2;10;0;0;False;32;cupy;False;False;1.1103541001211852;;;;;;;;
21;3;10;0;0;False;32;cupy;False;False;1.107932100072503;;;;;;;;
21;4;10;0;0;False;32;cupy;False;False;1.2819699000101537;;;;;;;;
21;5;10;0;0;False;32;cupy;False;False;1.0988628999330103;;;;;;;;
21;6;10;0;0;False;32;cupy;False;False;1.112754800124094;;;;;;;;
21;7;10;0;0;False;32;cupy;False;False;1.1092667998746037;;;;;;;;
21;8;10;0;0;False;32;cupy;False;False;1.1411179001443088;;;;;;;;
21;9;10;0;0;False;32;cupy;False;False;1.1334370002150536;;;;;;;;
21;10;10;0;0;False;32;cupy;False;False;1.105231299996376;;;;;;;;
22;1;10;0;0;False;32;cupy;True;True;1.1449553000275046;99.78;107.4;472.8078125;472.81640625;7.8;11;309.0546875;309.0546875
22;2;10;0;0;False;32;cupy;True;True;1.1249985999893397;99.22;105.3;472.905859375;472.9140625;9.3;12;309.0546875;309.0546875
22;3;10;0;0;False;32;cupy;True;True;1.1542728000786155;99.63000000000001;104.7;472.65703125;472.73046875;7.0;10;309.0546875;309.0546875
22;4;10;0;0;False;32;cupy;True;True;1.1499501001089811;97.75;106.9;473.35546875;473.36328125;7.5;12;309.0546875;309.0546875
22;5;10;0;0;False;32;cupy;True;True;1.1890847999602556;97.47;104.5;472.91484375;472.98828125;8.4;12;309.0546875;309.0546875
22;6;10;0;0;False;32;cupy;True;True;1.1369854998774827;99.45000000000002;105.7;472.552734375;472.62890625;9.5;11;309.0546875;309.0546875
22;7;10;0;0;False;32;cupy;True;True;1.1329773999750614;98.60000000000001;114.5;473.0109375;473.1015625;10.0;12;309.0546875;309.0546875
22;8;10;0;0;False;32;cupy;True;True;1.1455822999123484;98.51000000000002;105.1;472.51953125;472.52734375;8.8;11;309.0546875;309.0546875
22;9;10;0;0;False;32;cupy;True;True;1.1497279999312013;97.07;104.7;473.0;473.0078125;7.5;11;309.0546875;309.0546875
22;10;10;0;0;False;32;cupy;True;True;1.131184000056237;97.36999999999999;106.0;472.6890625;472.6953125;8.8;12;309.0546875;309.0546875
23;1;10;0;0;False;64;numpy;False;False;0.020949100144207478;;;;;;;;
23;2;10;0;0;False;64;numpy;False;False;0.020384799921885133;;;;;;;;
23;3;10;0;0;False;64;numpy;False;False;0.020534500014036894;;;;;;;;
23;4;10;0;0;False;64;numpy;False;False;0.02068610000424087;;;;;;;;
23;5;10;0;0;False;64;numpy;False;False;0.02083140006288886;;;;;;;;
23;6;10;0;0;False;64;numpy;False;False;0.021065999986603856;;;;;;;;
23;7;10;0;0;False;64;numpy;False;False;0.0203899999614805;;;;;;;;
23;8;10;0;0;False;64;numpy;False;False;0.020395100116729736;;;;;;;;
23;9;10;0;0;False;64;numpy;False;False;0.02054519997909665;;;;;;;;
23;10;10;0;0;False;64;numpy;False;False;0.020457300124689937;;;;;;;;
24;1;10;0;0;False;64;numpy;True;True;0.025026600109413266;65.92999999999999;659.3;340.873046875;340.875;;;;
24;2;10;0;0;False;64;numpy;True;True;0.025216500042006373;65.92;659.2;340.71875;340.734375;;;;
24;3;10;0;0;False;64;numpy;True;True;0.026707899989560246;123.66;701.6;340.800390625;340.8046875;;;;
24;4;10;0;0;False;64;numpy;True;True;0.02774279983714223;108.42999999999999;580.0;340.820703125;340.82421875;;;;
24;5;10;0;0;False;64;numpy;True;True;0.02642589993774891;58.379999999999995;583.8;341.02578125;341.0390625;;;;
24;6;10;0;0;False;64;numpy;True;True;0.025725399842485785;117.64000000000001;599.3;340.9734375;340.9765625;;;;
24;7;10;0;0;False;64;numpy;True;True;0.0258625999558717;122.94000000000001;620.6;340.904296875;340.90625;;;;
24;8;10;0;0;False;64;numpy;True;True;0.026208100141957402;65.51;655.1;341.3140625;341.31640625;;;;
24;9;10;0;0;False;64;numpy;True;True;0.02538720006123185;124.11999999999998;639.3;340.947265625;340.94921875;;;;
24;10;10;0;0;False;64;numpy;True;True;0.025298899970948696;58.279999999999994;582.8;340.96953125;340.97265625;;;;
25;1;10;0;0;False;64;cupy;False;False;1.125770399812609;;;;;;;;
25;2;10;0;0;False;64;cupy;False;False;1.0984365998301655;;;;;;;;
25;3;10;0;0;False;64;cupy;False;False;1.0949496999382973;;;;;;;;
25;4;10;0;0;False;64;cupy;False;False;2.159050799906254;;;;;;;;
25;5;10;0;0;False;64;cupy;False;False;1.1099956999532878;;;;;;;;
25;6;10;0;0;False;64;cupy;False;False;1.0896604000590742;;;;;;;;
25;7;10;0;0;False;64;cupy;False;False;1.0922115999273956;;;;;;;;
25;8;10;0;0;False;64;cupy;False;False;1.1014729999005795;;;;;;;;
25;9;10;0;0;False;64;cupy;False;False;1.103429100010544;;;;;;;;
25;10;10;0;0;False;64;cupy;False;False;1.0962059998419136;;;;;;;;
26;1;10;0;0;False;64;cupy;True;True;1.1125113000161946;99.00000000000001;105.7;432.655078125;432.66796875;10.6;13;309.0546875;309.0546875
26;2;10;0;0;False;64;cupy;True;True;1.1267937999218702;99.20999999999998;106.2;433.1734375;433.234375;11.3;13;309.0546875;309.0546875
26;3;10;0;0;False;64;cupy;True;True;1.1502751000225544;100.78999999999999;104.1;432.79296875;432.83203125;10.4;12;309.0546875;309.0546875
26;4;10;0;0;False;64;cupy;True;True;1.1193515001796186;99.18;105.9;432.6109375;432.62109375;11.8;13;309.0546875;309.0546875
26;5;10;0;0;False;64;cupy;True;True;1.1266350001096725;99.1;105.5;433.0484375;433.05859375;11.1;12;309.0546875;309.0546875
26;6;10;0;0;False;64;cupy;True;True;1.2352058999240398;96.16;105.5;432.715625;432.7265625;10.8;12;309.0546875;309.0546875
26;7;10;0;0;False;64;cupy;True;True;1.1354904999025166;96.79;111.7;432.68125;432.6875;10.2;12;309.0546875;309.0546875
26;8;10;0;0;False;64;cupy;True;True;1.1123895000200719;98.78;106.1;432.846875;432.87109375;11.2;13;309.0546875;309.0546875
26;9;10;0;0;False;64;cupy;True;True;1.132931699976325;99.53999999999999;104.8;432.64140625;432.65234375;10.8;12;309.0546875;309.0546875
26;10;10;0;0;False;64;cupy;True;True;1.1365618000272661;99.44;105.6;432.946484375;432.9921875;9.6;12;309.0546875;309.0546875
27;1;10;0;0;True;32;numpy;False;False;0.028790300013497472;;;;;;;;
27;2;10;0;0;True;32;numpy;False;False;0.029281800147145987;;;;;;;;
27;3;10;0;0;True;32;numpy;False;False;0.02882409980520606;;;;;;;;
27;4;10;0;0;True;32;numpy;False;False;0.028528899885714054;;;;;;;;
27;5;10;0;0;True;32;numpy;False;False;0.02973589999601245;;;;;;;;
27;6;10;0;0;True;32;numpy;False;False;0.029657200211659074;;;;;;;;
27;7;10;0;0;True;32;numpy;False;False;0.02951200003735721;;;;;;;;
27;8;10;0;0;True;32;numpy;False;False;0.029470199951902032;;;;;;;;
27;9;10;0;0;True;32;numpy;False;False;0.029062099987640977;;;;;;;;
27;10;10;0;0;True;32;numpy;False;False;0.029337599873542786;;;;;;;;
28;1;10;0;0;True;32;numpy;True;True;0.034388799918815494;94.2;488.3;341.22421875;341.2265625;;;;
28;2;10;0;0;True;32;numpy;True;True;0.03466309979557991;43.87;438.7;340.9671875;340.96875;;;;
28;3;10;0;0;True;32;numpy;True;True;0.03417019988410175;92.17999999999999;467.4;340.81796875;340.8203125;;;;
28;4;10;0;0;True;32;numpy;True;True;0.0336712000425905;93.1;486.2;340.560546875;340.5625;;;;
28;5;10;0;0;True;32;numpy;True;True;0.03406070009805262;88.97999999999999;474.1;340.767578125;340.76953125;;;;
28;6;10;0;0;True;32;numpy;True;True;0.03408689983189106;93.35999999999999;481.4;340.71640625;340.71875;;;;
28;7;10;0;0;True;32;numpy;True;True;0.03406929993070662;96.9;490.2;340.9234375;340.92578125;;;;
28;8;10;0;0;True;32;numpy;True;True;0.034298500046133995;87.52000000000001;444.2;340.987890625;340.9921875;;;;
28;9;10;0;0;True;32;numpy;True;True;0.034376899944618344;95.77000000000001;495.4;340.84296875;340.859375;;;;
28;10;10;0;0;True;32;numpy;True;True;0.03428859985433519;89.77000000000001;455.8;340.599609375;340.6015625;;;;
29;1;10;0;0;True;32;cupy;False;False;1.3560935000423342;;;;;;;;
29;2;10;0;0;True;32;cupy;False;False;1.0541517999954522;;;;;;;;
29;3;10;0;0;True;32;cupy;False;False;1.070042199920863;;;;;;;;
29;4;10;0;0;True;32;cupy;False;False;1.0509698002133518;;;;;;;;
29;5;10;0;0;True;32;cupy;False;False;1.0496785999275744;;;;;;;;
29;6;10;0;0;True;32;cupy;False;False;1.0855202998500317;;;;;;;;
29;7;10;0;0;True;32;cupy;False;False;1.0634381999261677;;;;;;;;
29;8;10;0;0;True;32;cupy;False;False;1.0602162999566644;;;;;;;;
29;9;10;0;0;True;32;cupy;False;False;1.076793499989435;;;;;;;;
29;10;10;0;0;True;32;cupy;False;False;1.080347599927336;;;;;;;;
30;1;10;0;0;True;32;cupy;True;True;1.1142654998693615;96.83;104.3;394.63828125;394.64453125;10.1;12;301.0546875;301.0546875
30;2;10;0;0;True;32;cupy;True;True;1.0795704999472946;97.74;105.3;394.80234375;394.921875;9.6;12;301.0546875;301.0546875
30;3;10;0;0;True;32;cupy;True;True;1.0816716998815536;99.1;105.1;394.433984375;394.4609375;8.8;11;301.0546875;301.0546875
30;4;10;0;0;True;32;cupy;True;True;1.0859509999863803;98.47;104.8;394.855859375;394.86328125;10.3;12;301.0546875;301.0546875
30;5;10;0;0;True;32;cupy;True;True;1.0937627998646349;98.89999999999999;105.7;394.41796875;394.5546875;10.4;12;301.0546875;301.0546875
30;6;10;0;0;True;32;cupy;True;True;1.0924753998406231;100.16999999999999;105.3;394.55625;394.5625;10.0;12;301.0546875;301.0546875
30;7;10;0;0;True;32;cupy;True;True;1.0749723999761045;98.05;106.1;394.28671875;394.29296875;9.2;12;301.0546875;301.0546875
30;8;10;0;0;True;32;cupy;True;True;1.1016142000444233;100.47;109.7;394.633984375;394.640625;8.2;11;301.0546875;301.0546875
30;9;10;0;0;True;32;cupy;True;True;1.0735828999895602;98.66;106.1;395.01875;395.09375;10.5;12;301.0546875;301.0546875
30;10;10;0;0;True;32;cupy;True;True;1.0918057998642325;96.66;105.7;394.680859375;394.6875;9.1;12;301.0546875;301.0546875
31;1;10;0;0;True;64;numpy;False;False;0.024127100128680468;;;;;;;;
31;2;10;0;0;True;64;numpy;False;False;0.024819199927151203;;;;;;;;
31;3;10;0;0;True;64;numpy;False;False;0.0245195000898093;;;;;;;;
31;4;10;0;0;True;64;numpy;False;False;0.02392080007120967;;;;;;;;
31;5;10;0;0;True;64;numpy;False;False;0.024483699817210436;;;;;;;;
31;6;10;0;0;True;64;numpy;False;False;0.024233700009062886;;;;;;;;
31;7;10;0;0;True;64;numpy;False;False;0.024609400192275643;;;;;;;;
31;8;10;0;0;True;64;numpy;False;False;0.023610200034454465;;;;;;;;
31;9;10;0;0;True;64;numpy;False;False;0.02413450018502772;;;;;;;;
31;10;10;0;0;True;64;numpy;False;False;0.024716499960049987;;;;;;;;
32;1;10;0;0;True;64;numpy;True;True;0.030472599901258945;107.50999999999999;542.7;340.6859375;340.69921875;;;;
32;2;10;0;0;True;64;numpy;True;True;0.028976399917155504;54.67;546.7;340.699609375;340.703125;;;;
32;3;10;0;0;True;64;numpy;True;True;0.02986930008046329;107.46;586.2;340.560546875;340.5625;;;;
32;4;10;0;0;True;64;numpy;True;True;0.029264899902045727;114.46;579.1;340.7875;340.7890625;;;;
32;5;10;0;0;True;64;numpy;True;True;0.030536500038579106;101.31;517.7;340.7796875;340.79296875;;;;
32;6;10;0;0;True;64;numpy;True;True;0.030133400112390518;101.7;516.9;340.591796875;340.59375;;;;
32;7;10;0;0;True;64;numpy;True;True;0.029472799971699715;100.78;510.4;340.732421875;340.734375;;;;
32;8;10;0;0;True;64;numpy;True;True;0.030166999902576208;101.66;538.9;340.63828125;340.65625;;;;
32;9;10;0;0;True;64;numpy;True;True;0.03042179998010397;110.12;575.6;340.953125;340.9609375;;;;
32;10;10;0;0;True;64;numpy;True;True;0.029866999946534634;111.26999999999998;567.4;341.019140625;341.02734375;;;;
33;1;10;0;0;True;64;cupy;False;False;1.0736982999369502;;;;;;;;
33;2;10;0;0;True;64;cupy;False;False;1.0484217000193894;;;;;;;;
33;3;10;0;0;True;64;cupy;False;False;1.0761931999586523;;;;;;;;
33;4;10;0;0;True;64;cupy;False;False;1.0974804998841137;;;;;;;;
33;5;10;0;0;True;64;cupy;False;False;1.0408669000025839;;;;;;;;
33;6;10;0;0;True;64;cupy;False;False;1.0897778999060392;;;;;;;;
33;7;10;0;0;True;64;cupy;False;False;1.0652109999209642;;;;;;;;
33;8;10;0;0;True;64;cupy;False;False;1.0601977000478655;;;;;;;;
33;9;10;0;0;True;64;cupy;False;False;1.08154739998281;;;;;;;;
33;10;10;0;0;True;64;cupy;False;False;1.071611300110817;;;;;;;;
34;1;10;0;0;True;64;cupy;True;True;1.0881868000142276;100.4;105.7;394.9453125;394.953125;9.5;12;301.0546875;301.0546875
34;2;10;0;0;True;64;cupy;True;True;1.078177799936384;98.71000000000001;105.7;394.82890625;394.90234375;8.8;12;301.0546875;301.0546875
34;3;10;0;0;True;64;cupy;True;True;1.0769197000190616;100.49;106.1;395.048828125;395.05859375;10.0;12;301.0546875;301.0546875
34;4;10;0;0;True;64;cupy;True;True;1.081704700132832;98.44000000000001;107.0;394.31484375;394.390625;10.0;12;301.0546875;301.0546875
34;5;10;0;0;True;64;cupy;True;True;1.0821301999967545;99.80999999999999;105.4;394.6953125;394.8046875;8.4;12;301.0546875;301.0546875
34;6;10;0;0;True;64;cupy;True;True;1.0930616999976337;98.29;111.2;394.579296875;394.5859375;9.3;12;301.0546875;301.0546875
34;7;10;0;0;True;64;cupy;True;True;1.0813519998919219;99.96000000000001;105.6;394.672265625;394.74609375;9.9;11;301.0546875;301.0546875
34;8;10;0;0;True;64;cupy;True;True;1.0712616997770965;98.83000000000001;105.5;394.342578125;394.41796875;10.3;12;301.0546875;301.0546875
34;9;10;0;0;True;64;cupy;True;True;1.0692219999618828;98.61;106.6;394.18671875;394.296875;10.0;12;301.0546875;301.0546875
34;10;10;0;0;True;64;cupy;True;True;1.1141981000546366;97.94999999999999;108.3;394.710546875;394.8046875;9.2;12;301.0546875;301.0546875
34;1;10;45;0.5;False;32;numpy;False;False;0.025300499983131886;;;;;;;;
34;2;10;45;0.5;False;32;numpy;False;False;0.025856700027361512;;;;;;;;
34;3;10;45;0.5;False;32;numpy;False;False;0.025062800152227283;;;;;;;;
34;4;10;45;0.5;False;32;numpy;False;False;0.02545260009355843;;;;;;;;
34;5;10;45;0.5;False;32;numpy;False;False;0.02444029995240271;;;;;;;;
34;6;10;45;0.5;False;32;numpy;False;False;0.025630000047385693;;;;;;;;
34;7;10;45;0.5;False;32;numpy;False;False;0.02446290012449026;;;;;;;;
34;8;10;45;0.5;False;32;numpy;False;False;0.02425669995136559;;;;;;;;
34;9;10;45;0.5;False;32;numpy;False;False;0.025361200096085668;;;;;;;;
34;10;10;45;0.5;False;32;numpy;False;False;0.025153900031000376;;;;;;;;
35;1;10;45;0.5;False;32;numpy;True;True;0.030138600151985884;103.78;557.9;340.745703125;340.76171875;;;;
35;2;10;45;0.5;False;32;numpy;True;True;0.030282999854534864;105.97999999999999;547.0;340.7953125;340.796875;;;;
35;3;10;45;0.5;False;32;numpy;True;True;0.03089890000410378;104.19000000000001;523.4;340.857421875;340.859375;;;;
35;4;10;45;0.5;False;32;numpy;True;True;0.030831200070679188;49.92;499.2;340.5765625;340.578125;;;;
35;5;10;45;0.5;False;32;numpy;True;True;0.030160800088196993;102.75;520.5;340.642578125;340.64453125;;;;
35;6;10;45;0.5;False;32;numpy;True;True;0.030399400042369962;97.4;522.7;340.99375;340.99609375;;;;
35;7;10;45;0.5;False;32;numpy;True;True;0.030020700069144368;102.73000000000002;513.7;341.075390625;341.078125;;;;
35;8;10;45;0.5;False;32;numpy;True;True;0.030349500011652708;51.510000000000005;515.1;340.68203125;340.68359375;;;;
35;9;10;45;0.5;False;32;numpy;True;True;0.032017899909988046;85.5;508.8;340.908984375;340.921875;;;;
35;10;10;45;0.5;False;32;numpy;True;True;0.03119499981403351;97.4;503.0;341.007421875;341.0234375;;;;
36;1;10;45;0.5;False;32;cupy;False;False;1.1341150999069214;;;;;;;;
36;2;10;45;0.5;False;32;cupy;False;False;1.110988900065422;;;;;;;;
36;3;10;45;0.5;False;32;cupy;False;False;1.1008075000718236;;;;;;;;
36;4;10;45;0.5;False;32;cupy;False;False;1.1264716999139637;;;;;;;;
36;5;10;45;0.5;False;32;cupy;False;False;1.1181015998590738;;;;;;;;
36;6;10;45;0.5;False;32;cupy;False;False;1.122975500067696;;;;;;;;
36;7;10;45;0.5;False;32;cupy;False;False;1.126357499975711;;;;;;;;
36;8;10;45;0.5;False;32;cupy;False;False;1.124083000002429;;;;;;;;
36;9;10;45;0.5;False;32;cupy;False;False;1.1253110999241471;;;;;;;;
36;10;10;45;0.5;False;32;cupy;False;False;1.1276807999238372;;;;;;;;
37;1;10;45;0.5;False;32;cupy;True;True;1.1444866999518126;98.46000000000001;105.0;473.804296875;473.93359375;8.0;12;309.0546875;309.0546875
37;2;10;45;0.5;False;32;cupy;True;True;1.1431177000049502;99.15;103.9;473.275;473.43359375;10.8;12;309.0546875;309.0546875
37;3;10;45;0.5;False;32;cupy;True;True;1.1531000998802483;100.16000000000001;106.6;473.571875;473.578125;9.9;12;309.0546875;309.0546875
37;4;10;45;0.5;False;32;cupy;True;True;1.1567038998473436;99.17;104.5;473.478125;473.484375;10.4;12;309.0546875;309.0546875
37;5;10;45;0.5;False;32;cupy;True;True;1.1160664001945406;98.57000000000001;107.8;473.538671875;473.546875;10.4;12;309.0546875;309.0546875
37;6;10;45;0.5;False;32;cupy;True;True;1.1189310001209378;99.5;106.4;473.51328125;473.63671875;10.5;12;309.0546875;309.0546875
37;7;10;45;0.5;False;32;cupy;True;True;1.1488853001501411;99.31;104.0;473.36171875;473.37109375;9.9;11;309.0546875;309.0546875
37;8;10;45;0.5;False;32;cupy;True;True;1.1564228998031467;98.73;104.4;473.940234375;473.94921875;8.2;11;309.0546875;309.0546875
37;9;10;45;0.5;False;32;cupy;True;True;1.1433580999728292;99.95;104.2;474.313671875;474.3359375;9.7;12;309.0546875;309.0546875
37;10;10;45;0.5;False;32;cupy;True;True;1.1344790000002831;99.96000000000001;106.8;473.81796875;473.82421875;10.4;12;309.0546875;309.0546875
38;1;10;45;0.5;False;64;numpy;False;False;0.021172800101339817;;;;;;;;
38;2;10;45;0.5;False;64;numpy;False;False;0.021030099829658866;;;;;;;;
38;3;10;45;0.5;False;64;numpy;False;False;0.021432899869978428;;;;;;;;
38;4;10;45;0.5;False;64;numpy;False;False;0.021212999941781163;;;;;;;;
38;5;10;45;0.5;False;64;numpy;False;False;0.02073970017954707;;;;;;;;
38;6;10;45;0.5;False;64;numpy;False;False;0.020424999995157123;;;;;;;;
38;7;10;45;0.5;False;64;numpy;False;False;0.020922499941661954;;;;;;;;
38;8;10;45;0.5;False;64;numpy;False;False;0.020651200087741017;;;;;;;;
38;9;10;45;0.5;False;64;numpy;False;False;0.02027130010537803;;;;;;;;
38;10;10;45;0.5;False;64;numpy;False;False;0.021030399948358536;;;;;;;;
39;1;10;45;0.5;False;64;numpy;True;True;0.026608699932694435;61.98;619.8;340.80703125;340.80859375;;;;
39;2;10;45;0.5;False;64;numpy;True;True;0.026035199873149395;121.46999999999998;617.9;341.01015625;341.01171875;;;;
39;3;10;45;0.5;False;64;numpy;True;True;0.02529700007289648;59.71;597.1;341.146484375;341.1484375;;;;
39;4;10;45;0.5;False;64;numpy;True;True;0.025678700068965554;58.58;585.8;340.8546875;340.859375;;;;
39;5;10;45;0.5;False;64;numpy;True;True;0.02557659987360239;59.8;598.0;340.931640625;340.93359375;;;;
39;6;10;45;0.5;False;64;numpy;True;True;0.026278199860826135;113.01999999999998;598.9;340.8578125;340.859375;;;;
39;7;10;45;0.5;False;64;numpy;True;True;0.02551520010456443;124.33;623.8;340.59609375;340.59765625;;;;
39;8;10;45;0.5;False;64;numpy;True;True;0.025517100002616644;127.04;657.9;340.959765625;340.96484375;;;;
39;9;10;45;0.5;False;64;numpy;True;True;0.02508930000476539;61.120000000000005;611.2;341.018359375;341.03125;;;;
39;10;10;45;0.5;False;64;numpy;True;True;0.025737600168213248;55.85;558.5;341.0453125;341.046875;;;;
40;1;10;45;0.5;False;64;cupy;False;False;1.1194484999869019;;;;;;;;
40;2;10;45;0.5;False;64;cupy;False;False;1.1079857998993248;;;;;;;;
40;3;10;45;0.5;False;64;cupy;False;False;1.1103272999171168;;;;;;;;
40;4;10;45;0.5;False;64;cupy;False;False;1.0963523001410067;;;;;;;;
40;5;10;45;0.5;False;64;cupy;False;False;1.1058524998370558;;;;;;;;
40;6;10;45;0.5;False;64;cupy;False;False;1.1136450998019427;;;;;;;;
40;7;10;45;0.5;False;64;cupy;False;False;1.12138759996742;;;;;;;;
40;8;10;45;0.5;False;64;cupy;False;False;1.1070087000261992;;;;;;;;
40;9;10;45;0.5;False;64;cupy;False;False;1.1057717001531273;;;;;;;;
40;10;10;45;0.5;False;64;cupy;False;False;1.1058477000333369;;;;;;;;
41;1;10;45;0.5;False;64;cupy;True;True;1.142841000109911;97.83000000000001;104.4;433.276171875;433.28515625;9.4;12;309.0546875;309.0546875
41;2;10;45;0.5;False;64;cupy;True;True;1.136978399939835;100.56000000000002;113.2;433.86875;433.89453125;10.5;13;309.0546875;309.0546875
41;3;10;45;0.5;False;64;cupy;True;True;1.1371294998098165;100.59;103.5;432.986328125;433.0234375;11.6;12;309.0546875;309.0546875
41;4;10;45;0.5;False;64;cupy;True;True;1.1243964000605047;100.37;105.3;433.378515625;433.42578125;11.2;13;309.0546875;309.0546875
41;5;10;45;0.5;False;64;cupy;True;True;1.1398640000261366;98.50999999999999;111.8;433.837109375;433.86328125;11.2;13;309.0546875;309.0546875
41;6;10;45;0.5;False;64;cupy;True;True;1.1966087000910193;96.77;104.8;433.289453125;433.41796875;9.0;13;309.0546875;309.0546875
41;7;10;45;0.5;False;64;cupy;True;True;1.1074094998184592;99.64;107.0;433.598046875;433.7265625;12.6;13;309.0546875;309.0546875
41;8;10;45;0.5;False;64;cupy;True;True;1.1515733001288027;99.69999999999999;104.3;433.370703125;433.37890625;10.3;12;309.0546875;309.0546875
41;9;10;45;0.5;False;64;cupy;True;True;1.1428968999534845;99.85000000000001;105.2;433.890625;433.91796875;10.9;13;309.0546875;309.0546875
41;10;10;45;0.5;False;64;cupy;True;True;1.1195867001079023;99.14999999999999;106.3;433.4875;433.49609375;12.1;13;309.0546875;309.0546875
42;1;10;45;0.5;True;32;numpy;False;False;0.029347799951210618;;;;;;;;
42;2;10;45;0.5;True;32;numpy;False;False;0.02974179992452264;;;;;;;;
42;3;10;45;0.5;True;32;numpy;False;False;0.028614700073376298;;;;;;;;
42;4;10;45;0.5;True;32;numpy;False;False;0.029639899963513017;;;;;;;;
42;5;10;45;0.5;True;32;numpy;False;False;0.02846310008317232;;;;;;;;
42;6;10;45;0.5;True;32;numpy;False;False;0.028768499847501516;;;;;;;;
42;7;10;45;0.5;True;32;numpy;False;False;0.02943370002321899;;;;;;;;
42;8;10;45;0.5;True;32;numpy;False;False;0.029336199862882495;;;;;;;;
42;9;10;45;0.5;True;32;numpy;False;False;0.029760900186374784;;;;;;;;
42;10;10;45;0.5;True;32;numpy;False;False;0.02995690004900098;;;;;;;;
43;1;10;45;0.5;True;32;numpy;True;True;0.03453870001249015;87.0;448.6;340.976171875;340.9921875;;;;
43;2;10;45;0.5;True;32;numpy;True;True;0.03501280001364648;93.94;484.7;340.998046875;341.0;;;;
43;3;10;45;0.5;True;32;numpy;True;True;0.0346754000056535;88.35;446.2;341.238671875;341.24609375;;;;
43;4;10;45;0.5;True;32;numpy;True;True;0.0346129999961704;133.56;468.4;341.021484375;341.0234375;;;;
43;5;10;45;0.5;True;32;numpy;True;True;0.03490740014240146;89.8;460.3;341.029296875;341.03125;;;;
43;6;10;45;0.5;True;32;numpy;True;True;0.03388510015793145;90.67999999999999;495.4;340.8125;340.81640625;;;;
43;7;10;45;0.5;True;32;numpy;True;True;0.035512899979949;94.87;478.5;341.025390625;341.02734375;;;;
43;8;10;45;0.5;True;32;numpy;True;True;0.03391809994354844;141.75;480.4;341.240234375;341.2421875;;;;
43;9;10;45;0.5;True;32;numpy;True;True;0.03362330002710223;92.28;477.9;340.81328125;340.81640625;;;;
43;10;10;45;0.5;True;32;numpy;True;True;0.035271700005978346;91.77000000000001;479.7;340.978515625;340.98046875;;;;
44;1;10;45;0.5;True;32;cupy;False;False;1.2597570000216365;;;;;;;;
44;2;10;45;0.5;True;32;cupy;False;False;1.1359955000225455;;;;;;;;
44;3;10;45;0.5;True;32;cupy;False;False;1.1614176000002772;;;;;;;;
44;4;10;45;0.5;True;32;cupy;False;False;1.2784817998763174;;;;;;;;
44;5;10;45;0.5;True;32;cupy;False;False;1.2253539999946952;;;;;;;;
44;6;10;45;0.5;True;32;cupy;False;False;1.1300879998598248;;;;;;;;
44;7;10;45;0.5;True;32;cupy;False;False;1.1285996998194605;;;;;;;;
44;8;10;45;0.5;True;32;cupy;False;False;1.1445832001045346;;;;;;;;
44;9;10;45;0.5;True;32;cupy;False;False;1.1249081999994814;;;;;;;;
44;10;10;45;0.5;True;32;cupy;False;False;1.1548230000771582;;;;;;;;
45;1;10;45;0.5;True;32;cupy;True;True;1.1472469000145793;98.52000000000001;111.7;499.559765625;499.56640625;8.4;12;303.0546875;303.0546875
45;2;10;45;0.5;True;32;cupy;True;True;1.184925600187853;98.03999999999999;108.6;499.87265625;500.1171875;9.4;11;303.0546875;303.0546875
45;3;10;45;0.5;True;32;cupy;True;True;1.1668193000368774;99.19999999999999;110.4;499.88125;500.0078125;9.2;11;303.0546875;303.0546875
45;4;10;45;0.5;True;32;cupy;True;True;1.1807579998858273;99.43;111.1;499.59453125;499.60546875;9.6;11;303.0546875;303.0546875
45;5;10;45;0.5;True;32;cupy;True;True;1.1829043000470847;98.28;109.2;500.251953125;500.4609375;9.9;12;303.0546875;303.0546875
45;6;10;45;0.5;True;32;cupy;True;True;1.1515422000084072;100.56999999999998;109.8;499.901953125;500.03125;10.8;11;303.0546875;303.0546875
45;7;10;45;0.5;True;32;cupy;True;True;1.1570225998293608;95.2;109.9;499.914453125;500.0390625;9.8;11;303.0546875;303.0546875
45;8;10;45;0.5;True;32;cupy;True;True;1.167899199994281;97.23;109.2;499.958203125;499.96484375;9.9;11;303.0546875;303.0546875
45;9;10;45;0.5;True;32;cupy;True;True;1.1619901000522077;98.53999999999999;110.5;499.895703125;500.0234375;10.8;11;303.0546875;303.0546875
45;10;10;45;0.5;True;32;cupy;True;True;1.1489288001321256;98.3;110.7;500.11953125;500.24609375;12.6;15;303.0546875;303.0546875
46;1;10;45;0.5;True;64;numpy;False;False;0.0246134998742491;;;;;;;;
46;2;10;45;0.5;True;64;numpy;False;False;0.024912500055506825;;;;;;;;
46;3;10;45;0.5;True;64;numpy;False;False;0.02497550006955862;;;;;;;;
46;4;10;45;0.5;True;64;numpy;False;False;0.02486979984678328;;;;;;;;
46;5;10;45;0.5;True;64;numpy;False;False;0.024731900077313185;;;;;;;;
46;6;10;45;0.5;True;64;numpy;False;False;0.024754300015047193;;;;;;;;
46;7;10;45;0.5;True;64;numpy;False;False;0.023938599973917007;;;;;;;;
46;8;10;45;0.5;True;64;numpy;False;False;0.025338900042697787;;;;;;;;
46;9;10;45;0.5;True;64;numpy;False;False;0.024588300148025155;;;;;;;;
46;10;10;45;0.5;True;64;numpy;False;False;0.02483589993789792;;;;;;;;
47;1;10;45;0.5;True;64;numpy;True;True;0.030043800128623843;112.15;562.7;340.54921875;340.55078125;;;;
47;2;10;45;0.5;True;64;numpy;True;True;0.029461400117725134;108.05;541.3;340.9359375;340.9375;;;;
47;3;10;45;0.5;True;64;numpy;True;True;0.03003629995509982;103.65;534.5;340.880859375;340.8828125;;;;
47;4;10;45;0.5;True;64;numpy;True;True;0.02928560017608106;105.04;527.2;341.10859375;341.125;;;;
47;5;10;45;0.5;True;64;numpy;True;True;0.029765699990093708;103.05;532.4;341.220703125;341.22265625;;;;
47;6;10;45;0.5;True;64;numpy;True;True;0.029815400019288063;104.14000000000001;558.3;341.017578125;341.01953125;;;;
47;7;10;45;0.5;True;64;numpy;True;True;0.029619100037962198;105.60999999999999;558.0;341.134375;341.13671875;;;;
47;8;10;45;0.5;True;64;numpy;True;True;0.029301400063559413;51.720000000000006;517.2;341.1703125;341.171875;;;;
47;9;10;45;0.5;True;64;numpy;True;True;0.029749599983915687;51.220000000000006;512.2;340.8296875;340.83203125;;;;
47;10;10;45;0.5;True;64;numpy;True;True;0.029808300081640482;105.38;529.4;341.08046875;341.08203125;;;;
48;1;10;45;0.5;True;64;cupy;False;False;1.1352703000884503;;;;;;;;
48;2;10;45;0.5;True;64;cupy;False;False;1.141269400017336;;;;;;;;
48;3;10;45;0.5;True;64;cupy;False;False;1.1321707000024617;;;;;;;;
48;4;10;45;0.5;True;64;cupy;False;False;1.126650300109759;;;;;;;;
48;5;10;45;0.5;True;64;cupy;False;False;1.1089520999230444;;;;;;;;
48;6;10;45;0.5;True;64;cupy;False;False;1.1256496999412775;;;;;;;;
48;7;10;45;0.5;True;64;cupy;False;False;1.128719100030139;;;;;;;;
48;8;10;45;0.5;True;64;cupy;False;False;1.1285087999422103;;;;;;;;
48;9;10;45;0.5;True;64;cupy;False;False;1.1457815999165177;;;;;;;;
48;10;10;45;0.5;True;64;cupy;False;False;1.1377747999504209;;;;;;;;
49;1;10;45;0.5;True;64;cupy;True;True;1.167803999967873;96.78999999999999;108.6;499.7171875;499.7265625;9.3;12;303.0546875;303.0546875
49;2;10;45;0.5;True;64;cupy;True;True;1.1973512000404298;95.97;111.5;500.005078125;500.19140625;9.6;12;303.0546875;303.0546875
49;3;10;45;0.5;True;64;cupy;True;True;1.1488250999245793;100.54;111.1;499.958203125;499.96484375;11.0;12;303.0546875;303.0546875
49;4;10;45;0.5;True;64;cupy;True;True;1.2003011000342667;97.46000000000001;105.2;499.984375;499.9921875;8.6;11;303.0546875;303.0546875
49;5;10;45;0.5;True;64;cupy;True;True;1.2008688000496477;98.92999999999999;106.9;499.52578125;499.53515625;11.9;12;303.0546875;303.0546875
49;6;10;45;0.5;True;64;cupy;True;True;1.173501499928534;97.61;109.2;499.80859375;499.81640625;8.8;11;303.0546875;303.0546875
49;7;10;45;0.5;True;64;cupy;True;True;1.1762772998772562;102.03999999999999;117.9;499.797265625;499.8046875;10.1;12;303.0546875;303.0546875
49;8;10;45;0.5;True;64;cupy;True;True;1.1322610001079738;100.7;111.6;499.498828125;499.6171875;12.5;13;303.0546875;303.0546875
49;9;10;45;0.5;True;64;cupy;True;True;1.1462511999998242;99.61000000000001;110.2;498.891015625;498.8984375;10.5;12;303.0546875;303.0546875
49;10;10;45;0.5;True;64;cupy;True;True;1.143760500010103;98.5;110.9;499.391796875;499.3984375;13.5;15;303.0546875;303.0546875
51;1;10;90;1;False;32;numpy;False;False;0.025021599838510156;;;;;;;;
51;2;10;90;1;False;32;numpy;False;False;0.02520500007085502;;;;;;;;
51;3;10;90;1;False;32;numpy;False;False;0.026041100034490228;;;;;;;;
51;4;10;90;1;False;32;numpy;False;False;0.0250685999635607;;;;;;;;
51;5;10;90;1;False;32;numpy;False;False;0.024905500002205372;;;;;;;;
51;6;10;90;1;False;32;numpy;False;False;0.024574799928814173;;;;;;;;
51;7;10;90;1;False;32;numpy;False;False;0.025328800082206726;;;;;;;;
51;8;10;90;1;False;32;numpy;False;False;0.025134900119155645;;;;;;;;
51;9;10;90;1;False;32;numpy;False;False;0.02480489993467927;;;;;;;;
51;10;10;90;1;False;32;numpy;False;False;0.024866800056770444;;;;;;;;
52;1;10;90;1;False;32;numpy;True;True;0.030335700139403343;53.06;530.6;340.715234375;340.71875;;;;
52;2;10;90;1;False;32;numpy;True;True;0.031960600055754185;95.01;538.1;341.03984375;341.04296875;;;;
52;3;10;90;1;False;32;numpy;True;True;0.030400199815630913;104.25;529.1;340.939453125;340.94140625;;;;
52;4;10;90;1;False;32;numpy;True;True;0.030386299826204777;101.25;513.0;341.10390625;341.10546875;;;;
52;5;10;90;1;False;32;numpy;True;True;0.030659800162538886;106.39000000000001;547.8;340.728515625;340.73046875;;;;
52;6;10;90;1;False;32;numpy;True;True;0.02986139990389347;103.3;516.8;340.9359375;340.9375;;;;
52;7;10;90;1;False;32;numpy;True;True;0.029942600056529045;53.48;534.8;341.04921875;341.05078125;;;;
52;8;10;90;1;False;32;numpy;True;True;0.031361900037154555;103.04;532.6;341.169921875;341.171875;;;;
52;9;10;90;1;False;32;numpy;True;True;0.03036669990979135;52.720000000000006;527.2;340.86015625;340.86328125;;;;
52;10;10;90;1;False;32;numpy;True;True;0.03103039995767176;96.67;507.4;341.365234375;341.3671875;;;;
53;1;10;90;1;False;32;cupy;False;False;1.140063599916175;;;;;;;;
53;2;10;90;1;False;32;cupy;False;False;1.1453821000177413;;;;;;;;
53;3;10;90;1;False;32;cupy;False;False;1.2152231000363827;;;;;;;;
53;4;10;90;1;False;32;cupy;False;False;1.1352705999743193;;;;;;;;
53;5;10;90;1;False;32;cupy;False;False;1.1189785001333803;;;;;;;;
53;6;10;90;1;False;32;cupy;False;False;1.132620699936524;;;;;;;;
53;7;10;90;1;False;32;cupy;False;False;1.1644206000491977;;;;;;;;
53;8;10;90;1;False;32;cupy;False;False;1.1455554999411106;;;;;;;;
53;9;10;90;1;False;32;cupy;False;False;1.1191193000413477;;;;;;;;
53;10;10;90;1;False;32;cupy;False;False;1.1145902997814119;;;;;;;;
54;1;10;90;1;False;32;cupy;True;True;1.1532131999265403;97.32000000000001;104.6;473.44296875;473.44921875;11.0;11;309.0546875;309.0546875
54;2;10;90;1;False;32;cupy;True;True;1.1839415000285953;96.87;110.1;473.5015625;473.5078125;10.6;11;309.0546875;309.0546875
54;3;10;90;1;False;32;cupy;True;True;1.2445484001655132;100.08000000000001;103.9;473.772265625;473.78125;6.6;11;309.0546875;309.0546875
54;4;10;90;1;False;32;cupy;True;True;1.146425300044939;100.84;105.0;473.366796875;473.390625;10.8;11;309.0546875;309.0546875
54;5;10;90;1;False;32;cupy;True;True;1.1686460000928491;100.65;103.8;473.530859375;473.5390625;9.4;11;309.0546875;309.0546875
54;6;10;90;1;False;32;cupy;True;True;1.1582643000874668;99.66999999999999;110.0;473.46875;473.4921875;11.2;12;309.0546875;309.0546875
54;7;10;90;1;False;32;cupy;True;True;1.1736368001438677;97.81;103.8;473.63828125;473.64453125;10.0;11;309.0546875;309.0546875
54;8;10;90;1;False;32;cupy;True;True;1.1479959997814149;98.61999999999998;105.3;473.359375;473.37890625;8.1;12;309.0546875;309.0546875
54;9;10;90;1;False;32;cupy;True;True;1.1517830998636782;98.24;105.1;473.34140625;473.34765625;8.9;11;309.0546875;309.0546875
54;10;10;90;1;False;32;cupy;True;True;1.162603400181979;97.52;107.5;473.82421875;473.84765625;9.8;12;309.0546875;309.0546875
55;1;10;90;1;False;64;numpy;False;False;0.021006800001487136;;;;;;;;
55;2;10;90;1;False;64;numpy;False;False;0.020616899942979217;;;;;;;;
55;3;10;90;1;False;64;numpy;False;False;0.020777099998667836;;;;;;;;
55;4;10;90;1;False;64;numpy;False;False;0.020309400046244264;;;;;;;;
55;5;10;90;1;False;64;numpy;False;False;0.021364600164815784;;;;;;;;
55;6;10;90;1;False;64;numpy;False;False;0.02103089983575046;;;;;;;;
55;7;10;90;1;False;64;numpy;False;False;0.020146500086411834;;;;;;;;
55;8;10;90;1;False;64;numpy;False;False;0.021106299944221973;;;;;;;;
55;9;10;90;1;False;64;numpy;False;False;0.020979999797418714;;;;;;;;
55;10;10;90;1;False;64;numpy;False;False;0.020375799853354692;;;;;;;;
56;1;10;90;1;False;64;numpy;True;True;0.025076299905776978;126.17999999999999;635.0;340.955859375;340.96875;;;;
56;2;10;90;1;False;64;numpy;True;True;0.025666600093245506;64.22;642.2;340.965234375;340.96875;;;;
56;3;10;90;1;False;64;numpy;True;True;0.025479499949142337;116.83000000000001;634.7;341.09609375;341.09765625;;;;
56;4;10;90;1;False;64;numpy;True;True;0.025856199907138944;57.470000000000006;574.7;341.078125;341.08203125;;;;
56;5;10;90;1;False;64;numpy;True;True;0.02547579980455339;58.970000000000006;589.7;341.13046875;341.1328125;;;;
56;6;10;90;1;False;64;numpy;True;True;0.025166699895635247;120.25999999999999;604.7;340.86953125;340.87109375;;;;
56;7;10;90;1;False;64;numpy;True;True;0.025231400039047003;129.45999999999998;657.7;340.909375;340.9140625;;;;
56;8;10;90;1;False;64;numpy;True;True;0.026305099949240685;61.04;610.4;341.457421875;341.4609375;;;;
56;9;10;90;1;False;64;numpy;True;True;0.025796399917453527;58.7;587.0;341.064453125;341.06640625;;;;
56;10;10;90;1;False;64;numpy;True;True;0.02570430003106594;117.9;650.6;340.8234375;340.83203125;;;;
57;1;10;90;1;False;64;cupy;False;False;1.1498925001360476;;;;;;;;
57;2;10;90;1;False;64;cupy;False;False;1.1137769999913871;;;;;;;;
57;3;10;90;1;False;64;cupy;False;False;1.1148250999394804;;;;;;;;
57;4;10;90;1;False;64;cupy;False;False;1.142623000079766;;;;;;;;
57;5;10;90;1;False;64;cupy;False;False;1.1255081999115646;;;;;;;;
57;6;10;90;1;False;64;cupy;False;False;1.117683800170198;;;;;;;;
57;7;10;90;1;False;64;cupy;False;False;1.1290088000241667;;;;;;;;
57;8;10;90;1;False;64;cupy;False;False;1.1460410000290722;;;;;;;;
57;9;10;90;1;False;64;cupy;False;False;1.11967259994708;;;;;;;;
57;10;10;90;1;False;64;cupy;False;False;1.0993099000770599;;;;;;;;
58;1;10;90;1;False;64;cupy;True;True;1.153193100122735;98.46000000000001;103.4;433.438671875;433.4453125;9.6;12;309.0546875;309.0546875
58;2;10;90;1;False;64;cupy;True;True;1.137976799858734;99.41999999999999;104.5;433.5203125;433.53125;11.2;13;309.0546875;309.0546875
58;3;10;90;1;False;64;cupy;True;True;1.133454800117761;97.72;106.1;433.6609375;433.671875;10.5;13;309.0546875;309.0546875
58;4;10;90;1;False;64;cupy;True;True;1.1411760000046343;100.00999999999999;103.5;433.788671875;433.796875;10.2;12;309.0546875;309.0546875
58;5;10;90;1;False;64;cupy;True;True;1.1617623001802713;99.78000000000002;104.6;433.575390625;433.5859375;10.8;12;309.0546875;309.0546875
58;6;10;90;1;False;64;cupy;True;True;1.1570363999344409;98.80999999999999;104.8;433.656640625;433.6875;10.8;12;309.0546875;309.0546875
58;7;10;90;1;False;64;cupy;True;True;1.1466288000810891;99.19999999999999;103.0;433.041796875;433.0859375;11.2;12;309.0546875;309.0546875
58;8;10;90;1;False;64;cupy;True;True;1.1455893001984805;98.53;104.3;433.5203125;433.56640625;9.5;12;309.0546875;309.0546875
58;9;10;90;1;False;64;cupy;True;True;1.1439939998090267;99.35999999999999;103.6;433.3109375;433.3515625;9.6;12;309.0546875;309.0546875
58;10;10;90;1;False;64;cupy;True;True;1.156296300003305;99.26000000000002;105.2;434.005078125;434.01171875;9.8;12;309.0546875;309.0546875
59;1;10;90;1;True;32;numpy;False;False;0.02921839989721775;;;;;;;;
59;2;10;90;1;True;32;numpy;False;False;0.02849119994789362;;;;;;;;
59;3;10;90;1;True;32;numpy;False;False;0.029665900161489844;;;;;;;;
59;4;10;90;1;True;32;numpy;False;False;0.028791300021111965;;;;;;;;
59;5;10;90;1;True;32;numpy;False;False;0.029114000033587217;;;;;;;;
59;6;10;90;1;True;32;numpy;False;False;0.02868220000527799;;;;;;;;
59;7;10;90;1;True;32;numpy;False;False;0.029685799963772297;;;;;;;;
59;8;10;90;1;True;32;numpy;False;False;0.027941699838265777;;;;;;;;
59;9;10;90;1;True;32;numpy;False;False;0.029404900036752224;;;;;;;;
59;10;10;90;1;True;32;numpy;False;False;0.028187699848785996;;;;;;;;
60;1;10;90;1;True;32;numpy;True;True;0.0372163001447916;72.92999999999999;451.7;340.712890625;340.71484375;;;;
60;2;10;90;1;True;32;numpy;True;True;0.03474710020236671;91.14000000000001;468.8;340.896484375;340.8984375;;;;
60;3;10;90;1;True;32;numpy;True;True;0.03538029990158975;92.17999999999999;463.0;340.49765625;340.5;;;;
60;4;10;90;1;True;32;numpy;True;True;0.0344849000684917;84.77000000000001;453.2;340.77109375;340.7734375;;;;
60;5;10;90;1;True;32;numpy;True;True;0.035618700087070465;90.78999999999999;471.5;340.80625;340.80859375;;;;
60;6;10;90;1;True;32;numpy;True;True;0.034794599981978536;92.69;467.2;340.74453125;340.74609375;;;;
60;7;10;90;1;True;32;numpy;True;True;0.03451519994996488;91.83;464.7;341.33828125;341.33984375;;;;
60;8;10;90;1;True;32;numpy;True;True;0.03606990003027022;88.69;457.4;341.029296875;341.03125;;;;
60;9;10;90;1;True;32;numpy;True;True;0.033730699913576245;89.8;451.9;341.056640625;341.05859375;;;;
60;10;10;90;1;True;32;numpy;True;True;0.03412079997360706;134.81;466.6;340.81953125;340.8359375;;;;
61;1;10;90;1;True;32;cupy;False;False;1.1419928998220712;;;;;;;;
61;2;10;90;1;True;32;cupy;False;False;1.1196518000215292;;;;;;;;
61;3;10;90;1;True;32;cupy;False;False;1.1336336999665946;;;;;;;;
61;4;10;90;1;True;32;cupy;False;False;1.1213038000278175;;;;;;;;
61;5;10;90;1;True;32;cupy;False;False;1.1560157998465002;;;;;;;;
61;6;10;90;1;True;32;cupy;False;False;1.1792554000858217;;;;;;;;
61;7;10;90;1;True;32;cupy;False;False;1.2609969000332057;;;;;;;;
61;8;10;90;1;True;32;cupy;False;False;1.1858900000806898;;;;;;;;
61;9;10;90;1;True;32;cupy;False;False;1.174935600021854;;;;;;;;
61;10;10;90;1;True;32;cupy;False;False;1.24789739982225;;;;;;;;
62;1;10;90;1;True;32;cupy;True;True;1.420002699829638;98.67;108.8;499.737890625;499.74609375;7.3;11;303.0546875;303.0546875
62;2;10;90;1;True;32;cupy;True;True;1.3806173000484705;94.55;108.4;499.801953125;499.80859375;9.2;10;303.0546875;303.0546875
62;3;10;90;1;True;32;cupy;True;True;1.2318706999067217;98.07000000000001;109.1;499.50546875;499.51171875;12.2;15;303.0546875;303.0546875
62;4;10;90;1;True;32;cupy;True;True;1.2079628999345005;98.71;108.3;500.2671875;500.2734375;8.3;11;303.0546875;303.0546875
62;5;10;90;1;True;32;cupy;True;True;1.2019859999418259;98.80999999999999;109.3;499.993359375;500.00390625;9.2;11;303.0546875;303.0546875
62;6;10;90;1;True;32;cupy;True;True;1.2358210999518633;99.96000000000001;107.8;500.1046875;500.11328125;8.0;11;303.0546875;303.0546875
62;7;10;90;1;True;32;cupy;True;True;1.9974960999097675;91.65;108.6;497.0484375;497.0546875;6.3;11;303.0546875;303.0546875
62;8;10;90;1;True;32;cupy;True;True;1.245698899962008;97.58999999999999;110.4;500.45078125;500.4609375;10.2;11;303.0546875;303.0546875
62;9;10;90;1;True;32;cupy;True;True;1.1507846999447793;96.89999999999999;106.1;500.462109375;500.46875;8.8;12;303.0546875;303.0546875
62;10;10;90;1;True;32;cupy;True;True;1.4534714999608696;97.58000000000001;107.7;500.489453125;500.49609375;8.9;11;303.0546875;303.0546875
63;1;10;90;1;True;64;numpy;False;False;0.02714170003309846;;;;;;;;
63;2;10;90;1;True;64;numpy;False;False;0.025326699949800968;;;;;;;;
63;3;10;90;1;True;64;numpy;False;False;0.025663299951702356;;;;;;;;
63;4;10;90;1;True;64;numpy;False;False;0.026132200146093965;;;;;;;;
63;5;10;90;1;True;64;numpy;False;False;0.025171499932184815;;;;;;;;
63;6;10;90;1;True;64;numpy;False;False;0.025333099998533726;;;;;;;;
63;7;10;90;1;True;64;numpy;False;False;0.02548189996741712;;;;;;;;
63;8;10;90;1;True;64;numpy;False;False;0.024871799862012267;;;;;;;;
63;9;10;90;1;True;64;numpy;False;False;0.024596900213509798;;;;;;;;
63;10;10;90;1;True;64;numpy;False;False;0.02570770005695522;;;;;;;;
64;1;10;90;1;True;64;numpy;True;True;0.029381699860095978;101.59;531.6;341.048828125;341.05859375;;;;
64;2;10;90;1;True;64;numpy;True;True;0.030176499858498573;102.85;514.6;341.095703125;341.09765625;;;;
64;3;10;90;1;True;64;numpy;True;True;0.029538000002503395;106.91;556.8;341.095703125;341.09765625;;;;
64;4;10;90;1;True;64;numpy;True;True;0.031223699916154146;104.42999999999999;538.6;340.95078125;340.953125;;;;
64;5;10;90;1;True;64;numpy;True;True;0.02994879987090826;105.82000000000001;543.6;341.287109375;341.29296875;;;;
64;6;10;90;1;True;64;numpy;True;True;0.030936800176277757;99.6;504.0;340.8671875;340.875;;;;
64;7;10;90;1;True;64;numpy;True;True;0.030160099966451526;104.88;539.3;340.9546875;340.95703125;;;;
64;8;10;90;1;True;64;numpy;True;True;0.03091980004683137;102.09;521.2;341.244140625;341.25390625;;;;
64;9;10;90;1;True;64;numpy;True;True;0.030579800019040704;101.6;514.9;341.076171875;341.0859375;;;;
64;10;10;90;1;True;64;numpy;True;True;0.03090479993261397;99.49;519.4;340.934375;340.94140625;;;;
65;1;10;90;1;True;64;cupy;False;False;1.167553799925372;;;;;;;;
65;2;10;90;1;True;64;cupy;False;False;1.1700711001176387;;;;;;;;
65;3;10;90;1;True;64;cupy;False;False;1.1469268000219017;;;;;;;;
65;4;10;90;1;True;64;cupy;False;False;1.1956734000705183;;;;;;;;
65;5;10;90;1;True;64;cupy;False;False;1.1373136001639068;;;;;;;;
65;6;10;90;1;True;64;cupy;False;False;1.1213428999762982;;;;;;;;
65;7;10;90;1;True;64;cupy;False;False;1.1256965000648052;;;;;;;;
65;8;10;90;1;True;64;cupy;False;False;1.1321326999459416;;;;;;;;
65;9;10;90;1;True;64;cupy;False;False;1.169206399936229;;;;;;;;
65;10;10;90;1;True;64;cupy;False;False;1.142103899968788;;;;;;;;
66;1;10;90;1;True;64;cupy;True;True;1.201421600067988;98.66999999999999;109.9;499.83828125;499.84765625;10.4;11;303.0546875;303.0546875
66;2;10;90;1;True;64;cupy;True;True;1.2309801001101732;97.94;107.0;500.2125;500.21875;10.2;11;303.0546875;303.0546875
66;3;10;90;1;True;64;cupy;True;True;1.1870573998894542;100.00999999999999;107.8;499.76640625;499.7734375;10.9;11;303.0546875;303.0546875
66;4;10;90;1;True;64;cupy;True;True;1.2100267000496387;97.98;106.8;499.989453125;499.99609375;9.5;11;303.0546875;303.0546875
66;5;10;90;1;True;64;cupy;True;True;1.259054500143975;99.15;105.3;499.978125;499.984375;10.2;11;303.0546875;303.0546875
66;6;10;90;1;True;64;cupy;True;True;1.2407023999840021;99.74000000000001;110.1;500.176953125;500.18359375;9.9;11;303.0546875;303.0546875
66;7;10;90;1;True;64;cupy;True;True;1.2475995998829603;98.71000000000001;104.7;499.765625;499.7734375;10.3;11;303.0546875;303.0546875
66;8;10;90;1;True;64;cupy;True;True;1.1443806998431683;99.0;110.7;499.7671875;499.7734375;11.2;12;303.0546875;303.0546875
66;9;10;90;1;True;64;cupy;True;True;1.1783046999480575;100.96000000000001;109.2;500.33359375;500.33984375;11.8;13;303.0546875;303.0546875
66;10;10;90;1;True;64;cupy;True;True;1.2448809000197798;98.86;104.7;499.249609375;499.2578125;9.9;11;303.0546875;303.0546875
67;1;100;0;0;False;32;numpy;False;False;0.029441500082612038;;;;;;;;
67;2;100;0;0;False;32;numpy;False;False;0.02905249991454184;;;;;;;;
67;3;100;0;0;False;32;numpy;False;False;0.02799510001204908;;;;;;;;
67;4;100;0;0;False;32;numpy;False;False;0.02799029997549951;;;;;;;;
67;5;100;0;0;False;32;numpy;False;False;0.029013799969106913;;;;;;;;
67;6;100;0;0;False;32;numpy;False;False;0.027953000040724874;;;;;;;;
67;7;100;0;0;False;32;numpy;False;False;0.029159599915146828;;;;;;;;
67;8;100;0;0;False;32;numpy;False;False;0.028279300080612302;;;;;;;;
67;9;100;0;0;False;32;numpy;False;False;0.02829249994829297;;;;;;;;
67;10;100;0;0;False;32;numpy;False;False;0.027733399998396635;;;;;;;;
68;1;100;0;0;False;32;numpy;True;True;0.03307070001028478;92.9;470.7;342.34296875;342.78515625;;;;
68;2;100;0;0;False;32;numpy;True;True;0.03339260001666844;97.12;499.6;342.385546875;342.8359375;;;;
68;3;100;0;0;False;32;numpy;True;True;0.03270719991996884;97.95;495.3;342.377734375;342.83203125;;;;
68;4;100;0;0;False;32;numpy;True;True;0.03455420001409948;139.15;491.4;342.19375;342.640625;;;;
68;5;100;0;0;False;32;numpy;True;True;0.03429699991829693;92.07000000000001;463.7;342.244140625;342.69140625;;;;
68;6;100;0;0;False;32;numpy;True;True;0.034948799991980195;95.63;499.0;342.270703125;342.71484375;;;;
68;7;100;0;0;False;32;numpy;True;True;0.03387130005285144;93.27000000000001;469.0;342.17890625;342.62890625;;;;
68;8;100;0;0;False;32;numpy;True;True;0.035378900123760104;89.29;446.6;342.309765625;342.75390625;;;;
68;9;100;0;0;False;32;numpy;True;True;0.03409760002978146;92.41;492.5;342.046484375;342.4921875;;;;
68;10;100;0;0;False;32;numpy;True;True;0.04119930020533502;74.3;457.1;342.348046875;342.7890625;;;;
69;1;100;0;0;False;32;cupy;False;False;1.4092200000304729;;;;;;;;
69;2;100;0;0;False;32;cupy;False;False;1.4090301000978798;;;;;;;;
69;3;100;0;0;False;32;cupy;False;False;1.4163430000189692;;;;;;;;
69;4;100;0;0;False;32;cupy;False;False;1.3922240999527276;;;;;;;;
69;5;100;0;0;False;32;cupy;False;False;1.3926870999857783;;;;;;;;
69;6;100;0;0;False;32;cupy;False;False;1.3949621999636292;;;;;;;;
69;7;100;0;0;False;32;cupy;False;False;1.3938909999560565;;;;;;;;
69;8;100;0;0;False;32;cupy;False;False;1.3729083999060094;;;;;;;;
69;9;100;0;0;False;32;cupy;False;False;1.4006537001114339;;;;;;;;
69;10;100;0;0;False;32;cupy;False;False;1.4096894999966025;;;;;;;;
70;1;100;0;0;False;32;cupy;True;True;1.436968500027433;99.63;106.3;476.16171875;476.6875;9.0;11;311.0546875;311.0546875
70;2;100;0;0;False;32;cupy;True;True;1.4285954001825303;100.74;108.0;476.167578125;476.71875;9.3;11;311.0546875;311.0546875
70;3;100;0;0;False;32;cupy;True;True;1.4332575001753867;95.91999999999999;104.4;475.896484375;476.35546875;9.4;11;311.0546875;311.0546875
70;4;100;0;0;False;32;cupy;True;True;1.4145440999418497;96.67;108.1;476.46171875;477.03515625;10.0;11;311.0546875;311.0546875
70;5;100;0;0;False;32;cupy;True;True;1.4136979999020696;99.31;109.2;476.16328125;476.66796875;10.2;11;311.0546875;311.0546875
70;6;100;0;0;False;32;cupy;True;True;1.3924754997715354;99.24999999999999;108.9;475.809765625;476.28125;9.6;11;311.0546875;311.0546875
70;7;100;0;0;False;32;cupy;True;True;1.4268789000343531;99.89;108.6;476.01484375;476.5546875;10.6;11;311.0546875;311.0546875
70;8;100;0;0;False;32;cupy;True;True;1.4180125000420958;100.50000000000001;106.8;475.81640625;476.296875;10.1;11;311.0546875;311.0546875
70;9;100;0;0;False;32;cupy;True;True;1.4540129997767508;97.75999999999999;106.3;475.679296875;476.1875;8.2;11;311.0546875;311.0546875
70;10;100;0;0;False;32;cupy;True;True;1.4148440000135452;98.51;111.6;476.06875;476.55078125;8.6;11;311.0546875;311.0546875
71;1;100;0;0;False;64;numpy;False;False;0.02429059986025095;;;;;;;;
71;2;100;0;0;False;64;numpy;False;False;0.024338100105524063;;;;;;;;
71;3;100;0;0;False;64;numpy;False;False;0.02407729998230934;;;;;;;;
71;4;100;0;0;False;64;numpy;False;False;0.024335599970072508;;;;;;;;
71;5;100;0;0;False;64;numpy;False;False;0.023612899938598275;;;;;;;;
71;6;100;0;0;False;64;numpy;False;False;0.02476690011098981;;;;;;;;
71;7;100;0;0;False;64;numpy;False;False;0.02387220016680658;;;;;;;;
71;8;100;0;0;False;64;numpy;False;False;0.024055499816313386;;;;;;;;
71;9;100;0;0;False;64;numpy;False;False;0.023983800085261464;;;;;;;;
71;10;100;0;0;False;64;numpy;False;False;0.02436260017566383;;;;;;;;
72;1;100;0;0;False;64;numpy;True;True;0.0293890000320971;51.61;516.1;342.46953125;342.9140625;;;;
72;2;100;0;0;False;64;numpy;True;True;0.02971639996394515;56.77;567.7;342.62734375;343.06640625;;;;
72;3;100;0;0;False;64;numpy;True;True;0.028190799988806248;109.55999999999999;574.7;342.229296875;342.671875;;;;
72;4;100;0;0;False;64;numpy;True;True;0.028662600088864565;105.58;539.0;342.515234375;342.95703125;;;;
72;5;100;0;0;False;64;numpy;True;True;0.02977150003425777;108.47999999999999;565.5;342.319921875;342.76171875;;;;
72;6;100;0;0;False;64;numpy;True;True;0.029467200161889195;103.28;561.9;342.3140625;342.75390625;;;;
72;7;100;0;0;False;64;numpy;True;True;0.029345700051635504;57.77;577.7;342.36796875;342.81640625;;;;
72;8;100;0;0;False;64;numpy;True;True;0.029422699939459562;55.81;558.1;342.416796875;342.859375;;;;
72;9;100;0;0;False;64;numpy;True;True;0.03837370011024177;135.45999999999998;569.3;342.213671875;342.65625;;;;
72;10;100;0;0;False;64;numpy;True;True;0.029499399941414595;110.21;567.8;342.401171875;342.85546875;;;;
73;1;100;0;0;False;64;cupy;False;False;1.3738013999536633;;;;;;;;
73;2;100;0;0;False;64;cupy;False;False;1.374074700055644;;;;;;;;
73;3;100;0;0;False;64;cupy;False;False;1.4005865000654012;;;;;;;;
73;4;100;0;0;False;64;cupy;False;False;1.367779100080952;;;;;;;;
73;5;100;0;0;False;64;cupy;False;False;1.3644365000072867;;;;;;;;
73;6;100;0;0;False;64;cupy;False;False;1.3718904999550432;;;;;;;;
73;7;100;0;0;False;64;cupy;False;False;1.3830202999524772;;;;;;;;
73;8;100;0;0;False;64;cupy;False;False;1.3708854999858886;;;;;;;;
73;9;100;0;0;False;64;cupy;False;False;1.385753700044006;;;;;;;;
73;10;100;0;0;False;64;cupy;False;False;1.3715789001435041;;;;;;;;
74;1;100;0;0;False;64;cupy;True;True;1.3816945001017302;99.39000000000001;107.9;440.516796875;441.015625;10.1;11;311.0546875;311.0546875
74;2;100;0;0;False;64;cupy;True;True;1.40888089989312;99.05;106.0;440.570703125;441.06640625;10.6;11;311.0546875;311.0546875
74;3;100;0;0;False;64;cupy;True;True;1.4073385000228882;99.73;110.2;440.5515625;441.08203125;9.4;11;311.0546875;311.0546875
74;4;100;0;0;False;64;cupy;True;True;1.4197499000001699;98.42999999999999;106.6;440.881640625;441.3828125;9.5;11;311.0546875;311.0546875
74;5;100;0;0;False;64;cupy;True;True;1.4297946998849511;99.61999999999999;110.4;440.72421875;441.20703125;9.1;11;311.0546875;311.0546875
74;6;100;0;0;False;64;cupy;True;True;1.3993067999836057;99.11;108.6;440.309375;440.828125;9.3;11;311.0546875;311.0546875
74;7;100;0;0;False;64;cupy;True;True;1.4070564000867307;99.58;104.3;440.533203125;441.05078125;9.5;11;311.0546875;311.0546875
74;8;100;0;0;False;64;cupy;True;True;1.426865299930796;97.2;104.7;440.38046875;440.87109375;10.4;11;311.0546875;311.0546875
74;9;100;0;0;False;64;cupy;True;True;1.38147440017201;99.69000000000001;109.0;440.775;441.296875;10.6;11;311.0546875;311.0546875
74;10;100;0;0;False;64;cupy;True;True;1.403842099942267;98.75;104.6;440.7;441.2109375;9.0;11;311.0546875;311.0546875
75;1;100;0;0;True;32;numpy;False;False;0.031501200050115585;;;;;;;;
75;2;100;0;0;True;32;numpy;False;False;0.031560400035232306;;;;;;;;
75;3;100;0;0;True;32;numpy;False;False;0.03189500002190471;;;;;;;;
75;4;100;0;0;True;32;numpy;False;False;0.03161310008727014;;;;;;;;
75;5;100;0;0;True;32;numpy;False;False;0.03200270002707839;;;;;;;;
75;6;100;0;0;True;32;numpy;False;False;0.031539499992504716;;;;;;;;
75;7;100;0;0;True;32;numpy;False;False;0.034232999896630645;;;;;;;;
75;8;100;0;0;True;32;numpy;False;False;0.03151030000299215;;;;;;;;
75;9;100;0;0;True;32;numpy;False;False;0.03151589981280267;;;;;;;;
75;10;100;0;0;True;32;numpy;False;False;0.031966299982741475;;;;;;;;
76;1;100;0;0;True;32;numpy;True;True;0.03750530001707375;80.17999999999999;411.5;342.30234375;342.74609375;;;;
76;2;100;0;0;True;32;numpy;True;True;0.03635310009121895;87.95;440.2;342.168359375;342.6171875;;;;
76;3;100;0;0;True;32;numpy;True;True;0.03714730008505285;82.82000000000001;414.8;342.171484375;342.61328125;;;;
76;4;100;0;0;True;32;numpy;True;True;0.03782700002193451;78.36;404.6;342.355859375;342.796875;;;;
76;5;100;0;0;True;32;numpy;True;True;0.039655799977481365;76.63;411.4;342.430078125;342.89453125;;;;
76;6;100;0;0;True;32;numpy;True;True;0.03862509992904961;76.12;387.2;342.4234375;342.87109375;;;;
76;7;100;0;0;True;32;numpy;True;True;0.03775040013715625;125.09;435.4;342.377734375;342.82421875;;;;
76;8;100;0;0;True;32;numpy;True;True;0.03789809998124838;82.45;419.2;342.555078125;343.0;;;;
76;9;100;0;0;True;32;numpy;True;True;0.03728600009344518;43.480000000000004;434.8;342.297265625;342.73828125;;;;
76;10;100;0;0;True;32;numpy;True;True;0.03959559998475015;70.22;389.1;342.31875;342.76171875;;;;
77;1;100;0;0;True;32;cupy;False;False;1.6721123000606894;;;;;;;;
77;2;100;0;0;True;32;cupy;False;False;1.3095168999861926;;;;;;;;
77;3;100;0;0;True;32;cupy;False;False;1.3463705000467598;;;;;;;;
77;4;100;0;0;True;32;cupy;False;False;1.3303969998378307;;;;;;;;
77;5;100;0;0;True;32;cupy;False;False;1.3538373000919819;;;;;;;;
77;6;100;0;0;True;32;cupy;False;False;1.3310831000562757;;;;;;;;
77;7;100;0;0;True;32;cupy;False;False;1.3318222998641431;;;;;;;;
77;8;100;0;0;True;32;cupy;False;False;1.3306106999516487;;;;;;;;
77;9;100;0;0;True;32;cupy;False;False;1.3290349000599235;;;;;;;;
77;10;100;0;0;True;32;cupy;False;False;1.6054082999471575;;;;;;;;
78;1;100;0;0;True;32;cupy;True;True;1.3509483998641372;98.58;105.7;396.018359375;396.57421875;9.9;11;301.0546875;301.0546875
78;2;100;0;0;True;32;cupy;True;True;1.3751586999278516;100.16;106.1;395.674609375;396.140625;8.4;11;301.0546875;301.0546875
78;3;100;0;0;True;32;cupy;True;True;1.3632086000870913;99.16999999999999;106.1;396.1109375;396.53125;8.9;11;301.0546875;301.0546875
78;4;100;0;0;True;32;cupy;True;True;1.3739903001114726;99.77;107.9;396.372265625;396.73046875;9.6;11;301.0546875;301.0546875
78;5;100;0;0;True;32;cupy;True;True;1.3499012000393122;98.97;107.7;396.163671875;396.6484375;10.6;13;301.0546875;301.0546875
78;6;100;0;0;True;32;cupy;True;True;1.354055600007996;98.38;106.7;395.916796875;396.37890625;10.4;11;301.0546875;301.0546875
78;7;100;0;0;True;32;cupy;True;True;1.3530884999781847;98.52000000000001;107.3;396.375;396.83203125;9.9;11;301.0546875;301.0546875
78;8;100;0;0;True;32;cupy;True;True;1.3573996999766678;99.71000000000001;108.4;396.01875;396.54296875;10.2;11;301.0546875;301.0546875
78;9;100;0;0;True;32;cupy;True;True;1.3442663999740034;98.24;109.0;395.6359375;396.109375;10.1;11;301.0546875;301.0546875
78;10;100;0;0;True;32;cupy;True;True;1.3497937000356615;98.69;108.5;395.19609375;395.6640625;9.9;11;301.0546875;301.0546875
79;1;100;0;0;True;64;numpy;False;False;0.026854599826037884;;;;;;;;
79;2;100;0;0;True;64;numpy;False;False;0.026474700076505542;;;;;;;;
79;3;100;0;0;True;64;numpy;False;False;0.02631899993866682;;;;;;;;
79;4;100;0;0;True;64;numpy;False;False;0.026598199969157577;;;;;;;;
79;5;100;0;0;True;64;numpy;False;False;0.027680000057443976;;;;;;;;
79;6;100;0;0;True;64;numpy;False;False;0.034806399838998914;;;;;;;;
79;7;100;0;0;True;64;numpy;False;False;0.027994199888780713;;;;;;;;
79;8;100;0;0;True;64;numpy;False;False;0.026359499897807837;;;;;;;;
79;9;100;0;0;True;64;numpy;False;False;0.02697440003976226;;;;;;;;
79;10;100;0;0;True;64;numpy;False;False;0.027491699904203415;;;;;;;;
80;1;100;0;0;True;64;numpy;True;True;0.03198889992199838;101.21000000000001;510.8;342.290625;342.7421875;;;;
80;2;100;0;0;True;64;numpy;True;True;0.03213700000196695;98.03;538.3;342.059765625;342.515625;;;;
80;3;100;0;0;True;64;numpy;True;True;0.0327245001681149;95.17999999999999;488.1;342.409765625;342.8671875;;;;
80;4;100;0;0;True;64;numpy;True;True;0.03312819986604154;96.66;513.5;342.07578125;342.52734375;;;;
80;5;100;0;0;True;64;numpy;True;True;0.033588899997994304;143.82;505.2;342.25078125;342.6953125;;;;
80;6;100;0;0;True;64;numpy;True;True;0.03251540008932352;96.75;487.8;342.052734375;342.51953125;;;;
80;7;100;0;0;True;64;numpy;True;True;0.032209499971941113;100.05999999999999;507.9;342.327734375;342.78125;;;;
80;8;100;0;0;True;64;numpy;True;True;0.03235370013862848;97.52000000000001;501.2;342.475390625;342.91796875;;;;
80;9;100;0;0;True;64;numpy;True;True;0.03237750008702278;98.56;502.3;342.366015625;342.81640625;;;;
80;10;100;0;0;True;64;numpy;True;True;0.03196030016988516;93.32000000000001;477.0;342.123828125;342.58203125;;;;
81;1;100;0;0;True;64;cupy;False;False;1.330131100025028;;;;;;;;
81;2;100;0;0;True;64;cupy;False;False;1.3113830001093447;;;;;;;;
81;3;100;0;0;True;64;cupy;False;False;1.321773299947381;;;;;;;;
81;4;100;0;0;True;64;cupy;False;False;1.342370399972424;;;;;;;;
81;5;100;0;0;True;64;cupy;False;False;1.3228951999917626;;;;;;;;
81;6;100;0;0;True;64;cupy;False;False;1.3376091001555324;;;;;;;;
81;7;100;0;0;True;64;cupy;False;False;1.3234116998501122;;;;;;;;
81;8;100;0;0;True;64;cupy;False;False;1.3173475000075996;;;;;;;;
81;9;100;0;0;True;64;cupy;False;False;1.3256798000074923;;;;;;;;
81;10;100;0;0;True;64;cupy;False;False;1.3521049001719803;;;;;;;;
82;1;100;0;0;True;64;cupy;True;True;1.348117500077933;97.39999999999999;107.3;395.80078125;396.296875;10.2;11;301.0546875;301.0546875
82;2;100;0;0;True;64;cupy;True;True;1.3654450001195073;100.27999999999999;106.9;396.194921875;396.55078125;9.8;11;301.0546875;301.0546875
82;3;100;0;0;True;64;cupy;True;True;1.35718289995566;98.33000000000001;107.3;395.983203125;396.48046875;9.9;11;301.0546875;301.0546875
82;4;100;0;0;True;64;cupy;True;True;1.359573199879378;98.55;105.8;395.681640625;396.1796875;10.0;11;301.0546875;301.0546875
82;5;100;0;0;True;64;cupy;True;True;1.3510034999344498;98.4;108.0;395.88203125;396.36328125;9.8;11;301.0546875;301.0546875
82;6;100;0;0;True;64;cupy;True;True;1.353819000069052;100.52000000000001;107.6;396.292578125;396.81640625;9.9;11;301.0546875;301.0546875
82;7;100;0;0;True;64;cupy;True;True;1.3622049998957664;100.82000000000001;109.1;395.71796875;396.1796875;9.5;11;301.0546875;301.0546875
82;8;100;0;0;True;64;cupy;True;True;1.3245741999708116;100.39;109.4;395.834765625;396.32421875;9.8;11;301.0546875;301.0546875
82;9;100;0;0;True;64;cupy;True;True;1.3575425001326948;98.8;109.0;396.0609375;396.50390625;9.9;11;301.0546875;301.0546875
82;10;100;0;0;True;64;cupy;True;True;1.366035900078714;98.97;106.5;396.38125;396.83984375;8.9;11;301.0546875;301.0546875
83;1;100;990;0.1;False;32;numpy;False;False;0.0279016001150012;;;;;;;;
83;2;100;990;0.1;False;32;numpy;False;False;0.02928570006042719;;;;;;;;
83;3;100;990;0.1;False;32;numpy;False;False;0.028063299832865596;;;;;;;;
83;4;100;990;0.1;False;32;numpy;False;False;0.02801140001975;;;;;;;;
83;5;100;990;0.1;False;32;numpy;False;False;0.02855059993453324;;;;;;;;
83;6;100;990;0.1;False;32;numpy;False;False;0.028703700052574277;;;;;;;;
83;7;100;990;0.1;False;32;numpy;False;False;0.027889700140804052;;;;;;;;
83;8;100;990;0.1;False;32;numpy;False;False;0.02811520011164248;;;;;;;;
83;9;100;990;0.1;False;32;numpy;False;False;0.02932369988411665;;;;;;;;
83;10;100;990;0.1;False;32;numpy;False;False;0.02866139984689653;;;;;;;;
84;1;100;990;0.1;False;32;numpy;True;True;0.033874700078740716;96.7;492.1;342.3984375;342.8515625;;;;
84;2;100;990;0.1;False;32;numpy;True;True;0.03380740014836192;93.21;467.7;342.501171875;342.94140625;;;;
84;3;100;990;0.1;False;32;numpy;True;True;0.032815299928188324;97.9;493.8;342.34375;342.78515625;;;;
84;4;100;990;0.1;False;32;numpy;True;True;0.03576500015333295;93.97999999999999;473.7;342.5171875;342.9609375;;;;
84;5;100;990;0.1;False;32;numpy;True;True;0.034476100001484156;90.85;470.3;342.71328125;343.15625;;;;
84;6;100;990;0.1;False;32;numpy;True;True;0.0341105000115931;93.59;479.3;342.401953125;342.85546875;;;;
84;7;100;990;0.1;False;32;numpy;True;True;0.03335579996928573;91.92;459.8;342.526171875;342.96875;;;;
84;8;100;990;0.1;False;32;numpy;True;True;0.03341510007157922;96.28;485.1;342.415234375;342.87109375;;;;
84;9;100;990;0.1;False;32;numpy;True;True;0.03327209991402924;93.42999999999999;476.6;342.373828125;342.82421875;;;;
84;10;100;990;0.1;False;32;numpy;True;True;0.033323599956929684;95.88;488.5;342.453125;342.890625;;;;
85;1;100;990;0.1;False;32;cupy;False;False;1.408335299929604;;;;;;;;
85;2;100;990;0.1;False;32;cupy;False;False;1.3893918998073786;;;;;;;;
85;3;100;990;0.1;False;32;cupy;False;False;1.4338229999411851;;;;;;;;
85;4;100;990;0.1;False;32;cupy;False;False;1.379113500006497;;;;;;;;
85;5;100;990;0.1;False;32;cupy;False;False;1.3948892001062632;;;;;;;;
85;6;100;990;0.1;False;32;cupy;False;False;1.3867659999523312;;;;;;;;
85;7;100;990;0.1;False;32;cupy;False;False;1.388384799938649;;;;;;;;
85;8;100;990;0.1;False;32;cupy;False;False;1.5689889998175204;;;;;;;;
85;9;100;990;0.1;False;32;cupy;False;False;1.3975029001012444;;;;;;;;
85;10;100;990;0.1;False;32;cupy;False;False;1.3732980000786483;;;;;;;;
86;1;100;990;0.1;False;32;cupy;True;True;1.4439965998753905;98.95;104.4;476.75859375;477.21484375;10.1;11;311.0546875;311.0546875
86;2;100;990;0.1;False;32;cupy;True;True;1.4202962000854313;100.13;108.7;476.951953125;477.44921875;9.9;11;311.0546875;311.0546875
86;3;100;990;0.1;False;32;cupy;True;True;1.4380461000837386;100.48;107.8;476.753515625;477.3359375;9.2;10;311.0546875;311.0546875
86;4;100;990;0.1;False;32;cupy;True;True;1.4252213998697698;99.91;108.0;476.86640625;477.40625;10.2;11;311.0546875;311.0546875
86;5;100;990;0.1;False;32;cupy;True;True;1.4687916999682784;97.78;107.5;476.7515625;477.265625;8.3;11;311.0546875;311.0546875
86;6;100;990;0.1;False;32;cupy;True;True;1.536965699866414;95.05;107.8;477.003125;477.515625;8.2;11;311.0546875;311.0546875
86;7;100;990;0.1;False;32;cupy;True;True;1.4094730000942945;98.38;107.7;476.30390625;476.77734375;10.2;11;311.0546875;311.0546875
86;8;100;990;0.1;False;32;cupy;True;True;1.4079193000216037;99.12;107.6;476.95;477.4453125;8.6;11;311.0546875;311.0546875
86;9;100;990;0.1;False;32;cupy;True;True;1.4074409001041204;98.92999999999999;107.5;476.75703125;477.26953125;10.4;11;311.0546875;311.0546875
86;10;100;990;0.1;False;32;cupy;True;True;1.4431282998993993;98.30999999999999;107.4;476.7875;477.27734375;9.2;11;311.0546875;311.0546875
87;1;100;990;0.1;False;64;numpy;False;False;0.023858800064772367;;;;;;;;
87;2;100;990;0.1;False;64;numpy;False;False;0.023898700019344687;;;;;;;;
87;3;100;990;0.1;False;64;numpy;False;False;0.024166000075638294;;;;;;;;
87;4;100;990;0.1;False;64;numpy;False;False;0.02421489986591041;;;;;;;;
87;5;100;990;0.1;False;64;numpy;False;False;0.02467149985022843;;;;;;;;
87;6;100;990;0.1;False;64;numpy;False;False;0.024509700015187263;;;;;;;;
87;7;100;990;0.1;False;64;numpy;False;False;0.024210399948060513;;;;;;;;
87;8;100;990;0.1;False;64;numpy;False;False;0.023233699845150113;;;;;;;;
87;9;100;990;0.1;False;64;numpy;False;False;0.024255200056359172;;;;;;;;
87;10;100;990;0.1;False;64;numpy;False;False;0.02354880003258586;;;;;;;;
88;1;100;990;0.1;False;64;numpy;True;True;0.028566299937665462;108.15;563.3;342.5078125;342.953125;;;;
88;2;100;990;0.1;False;64;numpy;True;True;0.031415200093761086;104.14000000000001;525.7;342.41875;342.87109375;;;;
88;3;100;990;0.1;False;64;numpy;True;True;0.028926200000569224;57.92999999999999;579.3;342.35703125;342.796875;;;;
88;4;100;990;0.1;False;64;numpy;True;True;0.029010300058871508;110.35999999999999;589.2;342.65;343.09765625;;;;
88;5;100;990;0.1;False;64;numpy;True;True;0.02953849988989532;109.65;549.4;342.519140625;342.96875;;;;
88;6;100;990;0.1;False;64;numpy;True;True;0.029970099916681647;55.339999999999996;553.4;342.598046875;343.0546875;;;;
88;7;100;990;0.1;False;64;numpy;True;True;0.04165949998423457;107.30999999999999;387.3;342.484765625;342.93359375;;;;
88;8;100;990;0.1;False;64;numpy;True;True;0.029715900076553226;103.39000000000001;526.7;342.467578125;342.9140625;;;;
88;9;100;990;0.1;False;64;numpy;True;True;0.02995050000026822;104.07000000000001;566.5;342.332421875;342.7734375;;;;
88;10;100;990;0.1;False;64;numpy;True;True;0.029542099917307496;57.58;575.8;342.64921875;343.09375;;;;
89;1;100;990;0.1;False;64;cupy;False;False;1.3957408000715077;;;;;;;;
89;2;100;990;0.1;False;64;cupy;False;False;1.386978699825704;;;;;;;;
89;3;100;990;0.1;False;64;cupy;False;False;1.9115006998181343;;;;;;;;
89;4;100;990;0.1;False;64;cupy;False;False;1.3860255000181496;;;;;;;;
89;5;100;990;0.1;False;64;cupy;False;False;1.3942166999913752;;;;;;;;
89;6;100;990;0.1;False;64;cupy;False;False;1.36964219994843;;;;;;;;
89;7;100;990;0.1;False;64;cupy;False;False;1.3855174998752773;;;;;;;;
89;8;100;990;0.1;False;64;cupy;False;False;1.367826099973172;;;;;;;;
89;9;100;990;0.1;False;64;cupy;False;False;1.3988703000359237;;;;;;;;
89;10;100;990;0.1;False;64;cupy;False;False;1.3793909000232816;;;;;;;;
90;1;100;990;0.1;False;64;cupy;True;True;1.5450881000142545;95.39;107.1;441.2796875;441.80859375;8.4;11;311.0546875;311.0546875
90;2;100;990;0.1;False;64;cupy;True;True;1.5663076001219451;93.12;107.2;441.13125;441.64453125;9.6;11;311.0546875;311.0546875
90;3;100;990;0.1;False;64;cupy;True;True;1.3912035999819636;98.1;105.9;441.787890625;442.3046875;8.3;11;311.0546875;311.0546875
90;4;100;990;0.1;False;64;cupy;True;True;1.4086857999209315;99.01000000000002;108.6;440.646875;441.10546875;9.9;11;311.0546875;311.0546875
90;5;100;990;0.1;False;64;cupy;True;True;1.408740800106898;99.13;108.4;441.603515625;442.1328125;8.2;11;311.0546875;311.0546875
90;6;100;990;0.1;False;64;cupy;True;True;1.4163671000860631;100.44999999999999;108.4;441.14765625;441.6171875;10.0;11;311.0546875;311.0546875
90;7;100;990;0.1;False;64;cupy;True;True;1.429031000006944;98.67;111.5;441.42734375;441.97265625;10.1;11;311.0546875;311.0546875
90;8;100;990;0.1;False;64;cupy;True;True;1.4026919000316411;99.84;108.5;441.4125;441.90625;9.5;11;311.0546875;311.0546875
90;9;100;990;0.1;False;64;cupy;True;True;1.4356307000853121;97.99;107.2;441.53046875;442.07421875;9.8;11;311.0546875;311.0546875
90;10;100;990;0.1;False;64;cupy;True;True;1.420658899936825;99.17;109.1;441.048828125;441.5234375;10.7;11;311.0546875;311.0546875
91;1;100;990;0.1;True;32;numpy;False;False;0.032373599940910935;;;;;;;;
91;2;100;990;0.1;True;32;numpy;False;False;0.03213339997455478;;;;;;;;
91;3;100;990;0.1;True;32;numpy;False;False;0.03289859998039901;;;;;;;;
91;4;100;990;0.1;True;32;numpy;False;False;0.0328302001580596;;;;;;;;
91;5;100;990;0.1;True;32;numpy;False;False;0.032932099886238575;;;;;;;;
91;6;100;990;0.1;True;32;numpy;False;False;0.033406800124794245;;;;;;;;
91;7;100;990;0.1;True;32;numpy;False;False;0.0330678999889642;;;;;;;;
91;8;100;990;0.1;True;32;numpy;False;False;0.03212940017692745;;;;;;;;
91;9;100;990;0.1;True;32;numpy;False;False;0.0329199000261724;;;;;;;;
91;10;100;990;0.1;True;32;numpy;False;False;0.03250900004059076;;;;;;;;
92;1;100;990;0.1;True;32;numpy;True;True;0.04713359987363219;103.30999999999999;410.2;342.384375;342.828125;;;;
92;2;100;990;0.1;True;32;numpy;True;True;0.0418030999135226;66.31;389.1;341.983203125;342.4296875;;;;
92;3;100;990;0.1;True;32;numpy;True;True;0.03949569980613887;115.63;401.9;342.371875;342.81640625;;;;
92;4;100;990;0.1;True;32;numpy;True;True;0.03881229995749891;122.45;419.4;342.576953125;343.03125;;;;
92;5;100;990;0.1;True;32;numpy;True;True;0.039981599897146225;121.1;424.7;342.49765625;342.9375;;;;
92;6;100;990;0.1;True;32;numpy;True;True;0.039171600015833974;78.7;409.1;342.601953125;343.046875;;;;
92;7;100;990;0.1;True;32;numpy;True;True;0.03892339998856187;83.17999999999999;418.3;342.2984375;342.73828125;;;;
92;8;100;990;0.1;True;32;numpy;True;True;0.041092799976468086;79.07000000000001;396.3;342.76953125;343.21875;;;;
92;9;100;990;0.1;True;32;numpy;True;True;0.03906260011717677;82.51;433.8;342.58671875;343.03515625;;;;
92;10;100;990;0.1;True;32;numpy;True;True;0.03815079992637038;79.7;398.5;342.621875;343.06640625;;;;
93;1;100;990;0.1;True;32;cupy;False;False;1.4420043998397887;;;;;;;;
93;2;100;990;0.1;True;32;cupy;False;False;1.4038702000398189;;;;;;;;
93;3;100;990;0.1;True;32;cupy;False;False;1.445956900017336;;;;;;;;
93;4;100;990;0.1;True;32;cupy;False;False;1.4010383000131696;;;;;;;;
93;5;100;990;0.1;True;32;cupy;False;False;1.432916099904105;;;;;;;;
93;6;100;990;0.1;True;32;cupy;False;False;1.397332499967888;;;;;;;;
93;7;100;990;0.1;True;32;cupy;False;False;1.4266109000891447;;;;;;;;
93;8;100;990;0.1;True;32;cupy;False;False;1.4197136999573559;;;;;;;;
93;9;100;990;0.1;True;32;cupy;False;False;1.4205370999407023;;;;;;;;
93;10;100;990;0.1;True;32;cupy;False;False;1.416995600098744;;;;;;;;
94;1;100;990;0.1;True;32;cupy;True;True;1.4445076000411063;97.84;104.2;504.613671875;505.08203125;10.1;11;303.0546875;303.0546875
94;2;100;990;0.1;True;32;cupy;True;True;1.4497674000449479;99.42999999999999;106.2;504.90390625;505.3828125;10.3;11;303.0546875;303.0546875
94;3;100;990;0.1;True;32;cupy;True;True;1.4557595001533628;99.57999999999998;105.7;504.84453125;505.33984375;10.6;11;303.0546875;303.0546875
94;4;100;990;0.1;True;32;cupy;True;True;1.4328328999690711;100.42;110.3;504.98515625;505.5234375;11.6;13;303.0546875;303.0546875
94;5;100;990;0.1;True;32;cupy;True;True;1.472243499942124;97.58000000000001;103.6;504.751953125;505.28515625;9.0;11;303.0546875;303.0546875
94;6;100;990;0.1;True;32;cupy;True;True;1.5743505000136793;89.99999999999999;101.0;504.53203125;505.00390625;9.9;11;303.0546875;303.0546875
94;7;100;990;0.1;True;32;cupy;True;True;1.466345600085333;96.41;106.4;505.0171875;505.4921875;10.3;11;303.0546875;303.0546875
94;8;100;990;0.1;True;32;cupy;True;True;1.57591040013358;96.45;103.1;505.469921875;506.0078125;11.9;14;303.0546875;303.0546875
94;9;100;990;0.1;True;32;cupy;True;True;1.456515199970454;100.94;110.0;504.4296875;504.93359375;10.2;11;303.0546875;303.0546875
94;10;100;990;0.1;True;32;cupy;True;True;1.4503026998136193;98.64;106.2;504.658984375;505.15625;9.6;11;303.0546875;303.0546875
95;1;100;990;0.1;True;64;numpy;False;False;0.02778500015847385;;;;;;;;
95;2;100;990;0.1;True;64;numpy;False;False;0.030785300070419908;;;;;;;;
95;3;100;990;0.1;True;64;numpy;False;False;0.027023500064387918;;;;;;;;
95;4;100;990;0.1;True;64;numpy;False;False;0.02793079987168312;;;;;;;;
95;5;100;990;0.1;True;64;numpy;False;False;0.02779889991506934;;;;;;;;
95;6;100;990;0.1;True;64;numpy;False;False;0.0281746000982821;;;;;;;;
95;7;100;990;0.1;True;64;numpy;False;False;0.028201399836689234;;;;;;;;
95;8;100;990;0.1;True;64;numpy;False;False;0.03399239992722869;;;;;;;;
95;9;100;990;0.1;True;64;numpy;False;False;0.02843210007995367;;;;;;;;
95;10;100;990;0.1;True;64;numpy;False;False;0.027843500021845102;;;;;;;;
96;1;100;990;0.1;True;64;numpy;True;True;0.03194510005414486;98.8;519.9;342.142578125;342.5859375;;;;
96;2;100;990;0.1;True;64;numpy;True;True;0.03297439985908568;97.89;501.7;342.71953125;343.1640625;;;;
96;3;100;990;0.1;True;64;numpy;True;True;0.03235860005952418;98.12;505.5;342.1921875;342.63671875;;;;
96;4;100;990;0.1;True;64;numpy;True;True;0.032314099837094545;99.17999999999999;496.3;342.680859375;343.12890625;;;;
96;5;100;990;0.1;True;64;numpy;True;True;0.039301499957218766;121.01999999999998;474.7;342.482421875;342.93359375;;;;
96;6;100;990;0.1;True;64;numpy;True;True;0.03272969997487962;96.02000000000001;480.5;342.297265625;342.7265625;;;;
96;7;100;990;0.1;True;64;numpy;True;True;0.03259119996801019;95.69;505.9;342.212890625;342.6640625;;;;
96;8;100;990;0.1;True;64;numpy;True;True;0.03313999995589256;98.12;500.4;342.7359375;343.1953125;;;;
96;9;100;990;0.1;True;64;numpy;True;True;0.03302289987914264;99.31;503.0;342.6671875;343.12109375;;;;
96;10;100;990;0.1;True;64;numpy;True;True;0.031533499946817756;99.05;503.3;342.640234375;343.08984375;;;;
97;1;100;990;0.1;True;64;cupy;False;False;1.4443265001755208;;;;;;;;
97;2;100;990;0.1;True;64;cupy;False;False;1.4061474001500756;;;;;;;;
97;3;100;990;0.1;True;64;cupy;False;False;1.5146715000737458;;;;;;;;
97;4;100;990;0.1;True;64;cupy;False;False;1.4185214000754058;;;;;;;;
97;5;100;990;0.1;True;64;cupy;False;False;1.4319186001084745;;;;;;;;
97;6;100;990;0.1;True;64;cupy;False;False;1.3999763000756502;;;;;;;;
97;7;100;990;0.1;True;64;cupy;False;False;1.4153240998275578;;;;;;;;
97;8;100;990;0.1;True;64;cupy;False;False;1.4259387999773026;;;;;;;;
97;9;100;990;0.1;True;64;cupy;False;False;1.4303107999730855;;;;;;;;
97;10;100;990;0.1;True;64;cupy;False;False;1.421519799856469;;;;;;;;
98;1;100;990;0.1;True;64;cupy;True;True;1.4687912999652326;98.4;107.7;505.049609375;505.51953125;11.0;11;303.0546875;303.0546875
98;2;100;990;0.1;True;64;cupy;True;True;1.4614311000332236;99.8;113.3;504.298046875;504.7578125;11.5;14;303.0546875;303.0546875
98;3;100;990;0.1;True;64;cupy;True;True;1.4819765998981893;98.86999999999999;101.8;504.566015625;505.09375;8.3;11;303.0546875;303.0546875
98;4;100;990;0.1;True;64;cupy;True;True;1.5300502001773566;98.38000000000001;110.2;504.440625;504.92578125;9.6;11;303.0546875;303.0546875
98;5;100;990;0.1;True;64;cupy;True;True;1.489704499952495;99.82000000000001;110.6;504.8625;505.35546875;10.4;11;303.0546875;303.0546875
98;6;100;990;0.1;True;64;cupy;True;True;1.4407818000763655;98.97999999999999;109.4;504.321484375;504.859375;10.7;11;303.0546875;303.0546875
98;7;100;990;0.1;True;64;cupy;True;True;1.48130810004659;98.66;104.4;504.8078125;505.28515625;9.0;11;303.0546875;303.0546875
98;8;100;990;0.1;True;64;cupy;True;True;1.4709008999634534;100.62;119.0;504.786328125;505.24609375;10.2;11;303.0546875;303.0546875
98;9;100;990;0.1;True;64;cupy;True;True;1.5007301000878215;99.37;104.2;504.9;505.390625;9.8;11;303.0546875;303.0546875
98;10;100;990;0.1;True;64;cupy;True;True;1.4823056999593973;96.69;102.9;504.870703125;505.3671875;10.8;11;303.0546875;303.0546875
99;1;100;4950;0.5;False;32;numpy;False;False;0.028944200137630105;;;;;;;;
99;2;100;4950;0.5;False;32;numpy;False;False;0.028981999959796667;;;;;;;;
99;3;100;4950;0.5;False;32;numpy;False;False;0.028763800160959363;;;;;;;;
99;4;100;4950;0.5;False;32;numpy;False;False;0.028701799921691418;;;;;;;;
99;5;100;4950;0.5;False;32;numpy;False;False;0.02887939987704158;;;;;;;;
99;6;100;4950;0.5;False;32;numpy;False;False;0.029088899958878756;;;;;;;;
99;7;100;4950;0.5;False;32;numpy;False;False;0.028531000018119812;;;;;;;;
99;8;100;4950;0.5;False;32;numpy;False;False;0.028828199952840805;;;;;;;;
99;9;100;4950;0.5;False;32;numpy;False;False;0.02886269986629486;;;;;;;;
99;10;100;4950;0.5;False;32;numpy;False;False;0.029320399975404143;;;;;;;;
100;1;100;4950;0.5;False;32;numpy;True;True;0.03391409991309047;92.13;475.8;342.555859375;343.0078125;;;;
100;2;100;4950;0.5;False;32;numpy;True;True;0.03455560002475977;90.47;454.8;342.44609375;342.90234375;;;;
100;3;100;4950;0.5;False;32;numpy;True;True;0.03375120018608868;93.71000000000001;496.5;342.955859375;343.3984375;;;;
100;4;100;4950;0.5;False;32;numpy;True;True;0.03480300004594028;90.33;462.6;342.58671875;343.03125;;;;
100;5;100;4950;0.5;False;32;numpy;True;True;0.034766600001603365;88.69000000000001;447.3;342.138671875;342.58203125;;;;
100;6;100;4950;0.5;False;32;numpy;True;True;0.03348729992285371;91.89;463.2;342.695703125;343.140625;;;;
100;7;100;4950;0.5;False;32;numpy;True;True;0.03326420020312071;93.4;480.3;342.705078125;343.15234375;;;;
100;8;100;4950;0.5;False;32;numpy;True;True;0.033098099986091256;94.6;493.9;342.5515625;342.9921875;;;;
100;9;100;4950;0.5;False;32;numpy;True;True;0.034422499826177955;97.03999999999999;493.2;342.210546875;342.65625;;;;
100;10;100;4950;0.5;False;32;numpy;True;True;0.034317499957978725;87.75;454.0;342.614453125;343.05859375;;;;
101;1;100;4950;0.5;False;32;cupy;False;False;1.4271086000371724;;;;;;;;
101;2;100;4950;0.5;False;32;cupy;False;False;1.3825654000975192;;;;;;;;
101;3;100;4950;0.5;False;32;cupy;False;False;1.428254900034517;;;;;;;;
101;4;100;4950;0.5;False;32;cupy;False;False;1.4053301999811083;;;;;;;;
101;5;100;4950;0.5;False;32;cupy;False;False;1.4230874998029321;;;;;;;;
101;6;100;4950;0.5;False;32;cupy;False;False;1.4530851999297738;;;;;;;;
101;7;100;4950;0.5;False;32;cupy;False;False;1.4266822000499815;;;;;;;;
101;8;100;4950;0.5;False;32;cupy;False;False;1.4183399002067745;;;;;;;;
101;9;100;4950;0.5;False;32;cupy;False;False;1.4727007998153567;;;;;;;;
101;10;100;4950;0.5;False;32;cupy;False;False;1.4115003999322653;;;;;;;;
102;1;100;4950;0.5;False;32;cupy;True;True;1.4497986999340355;100.56;106.5;476.622265625;477.08984375;7.9;11;311.0546875;311.0546875
102;2;100;4950;0.5;False;32;cupy;True;True;1.4349500997923315;99.38000000000001;108.6;476.98515625;477.4609375;11.0;11;311.0546875;311.0546875
102;3;100;4950;0.5;False;32;cupy;True;True;1.4606373000424355;99.82;107.0;477.153125;477.6328125;9.0;11;311.0546875;311.0546875
102;4;100;4950;0.5;False;32;cupy;True;True;1.4378495998680592;100.09;106.0;476.84453125;477.30078125;9.6;11;311.0546875;311.0546875
102;5;100;4950;0.5;False;32;cupy;True;True;1.4206805999856442;98.51;108.8;476.314453125;476.78125;9.8;11;311.0546875;311.0546875
102;6;100;4950;0.5;False;32;cupy;True;True;1.4766665000934154;97.28999999999999;104.0;476.964453125;477.48828125;9.3;11;311.0546875;311.0546875
102;7;100;4950;0.5;False;32;cupy;True;True;1.4518893999047577;98.52000000000001;107.6;476.785546875;477.25;9.6;10;311.0546875;311.0546875
102;8;100;4950;0.5;False;32;cupy;True;True;1.459947999799624;97.68;102.9;476.526953125;477.046875;10.5;11;311.0546875;311.0546875
102;9;100;4950;0.5;False;32;cupy;True;True;1.4398929001763463;98.39999999999999;107.9;476.487109375;476.98046875;9.8;11;311.0546875;311.0546875
102;10;100;4950;0.5;False;32;cupy;True;True;1.4997632999438792;99.98999999999998;106.8;477.19296875;477.72265625;9.1;10;311.0546875;311.0546875
103;1;100;4950;0.5;False;64;numpy;False;False;0.024617600021883845;;;;;;;;
103;2;100;4950;0.5;False;64;numpy;False;False;0.02500090003013611;;;;;;;;
103;3;100;4950;0.5;False;64;numpy;False;False;0.024709199788048863;;;;;;;;
103;4;100;4950;0.5;False;64;numpy;False;False;0.02498420001938939;;;;;;;;
103;5;100;4950;0.5;False;64;numpy;False;False;0.02499589999206364;;;;;;;;
103;6;100;4950;0.5;False;64;numpy;False;False;0.02488779998384416;;;;;;;;
103;7;100;4950;0.5;False;64;numpy;False;False;0.024689099984243512;;;;;;;;
103;8;100;4950;0.5;False;64;numpy;False;False;0.024747499963268638;;;;;;;;
103;9;100;4950;0.5;False;64;numpy;False;False;0.024521399987861514;;;;;;;;
103;10;100;4950;0.5;False;64;numpy;False;False;0.024477000115439296;;;;;;;;
104;1;100;4950;0.5;False;64;numpy;True;True;0.02951080002821982;106.69000000000001;537.0;342.499609375;342.94921875;;;;
104;2;100;4950;0.5;False;64;numpy;True;True;0.0387081999797374;79.46;438.7;342.607421875;343.0703125;;;;
104;3;100;4950;0.5;False;64;numpy;True;True;0.029801099793985486;105.75999999999999;530.6;342.14765625;342.59765625;;;;
104;4;100;4950;0.5;False;64;numpy;True;True;0.030597300035879016;103.05999999999999;526.8;342.27578125;342.71484375;;;;
104;5;100;4950;0.5;False;64;numpy;True;True;0.030813700053840876;106.49000000000001;547.9;342.45546875;342.90234375;;;;
104;6;100;4950;0.5;False;64;numpy;True;True;0.03005689987912774;54.04;540.4;342.483984375;342.9375;;;;
104;7;100;4950;0.5;False;64;numpy;True;True;0.02963949996046722;53.089999999999996;530.9;342.56484375;343.015625;;;;
104;8;100;4950;0.5;False;64;numpy;True;True;0.03136959997937083;110.31999999999998;560.8;342.338671875;342.78125;;;;
104;9;100;4950;0.5;False;64;numpy;True;True;0.029460000107064843;50.989999999999995;509.9;342.541015625;342.984375;;;;
104;10;100;4950;0.5;False;64;numpy;True;True;0.03022299986332655;53.910000000000004;539.1;342.354296875;342.796875;;;;
105;1;100;4950;0.5;False;64;cupy;False;False;1.4417809001170099;;;;;;;;
105;2;100;4950;0.5;False;64;cupy;False;False;1.4012590001802891;;;;;;;;
105;3;100;4950;0.5;False;64;cupy;False;False;1.4316171000245959;;;;;;;;
105;4;100;4950;0.5;False;64;cupy;False;False;1.4184175999835134;;;;;;;;
105;5;100;4950;0.5;False;64;cupy;False;False;1.4123433998320252;;;;;;;;
105;6;100;4950;0.5;False;64;cupy;False;False;1.3989009999204427;;;;;;;;
105;7;100;4950;0.5;False;64;cupy;False;False;1.4170435001142323;;;;;;;;
105;8;100;4950;0.5;False;64;cupy;False;False;1.4156329000834376;;;;;;;;
105;9;100;4950;0.5;False;64;cupy;False;False;1.4119043999817222;;;;;;;;
105;10;100;4950;0.5;False;64;cupy;False;False;1.4190959001425654;;;;;;;;
106;1;100;4950;0.5;False;64;cupy;True;True;1.3870922999922186;100.21;107.1;441.82265625;442.3125;10.4;11;311.0546875;311.0546875
106;2;100;4950;0.5;False;64;cupy;True;True;1.4051222999114543;99.57;107.4;441.403125;441.92578125;9.4;11;311.0546875;311.0546875
106;3;100;4950;0.5;False;64;cupy;True;True;1.446605599950999;98.09;106.9;441.394140625;441.90625;9.8;11;311.0546875;311.0546875
106;4;100;4950;0.5;False;64;cupy;True;True;1.4182206001132727;100.3;109.6;441.60390625;442.1640625;10.6;11;311.0546875;311.0546875
106;5;100;4950;0.5;False;64;cupy;True;True;1.4142281000968069;99.21000000000001;109.1;441.387109375;441.88671875;9.8;11;311.0546875;311.0546875
106;6;100;4950;0.5;False;64;cupy;True;True;1.4079925001133233;99.36999999999999;104.8;441.399609375;441.859375;10.6;11;311.0546875;311.0546875
106;7;100;4950;0.5;False;64;cupy;True;True;1.410320800030604;98.12999999999998;108.0;441.078515625;441.6328125;9.9;11;311.0546875;311.0546875
106;8;100;4950;0.5;False;64;cupy;True;True;1.4612714999821037;100.53;110.5;441.467578125;441.953125;9.7;11;311.0546875;311.0546875
106;9;100;4950;0.5;False;64;cupy;True;True;1.4119218999985605;98.89999999999999;107.8;441.414453125;441.87109375;9.9;11;311.0546875;311.0546875
106;10;100;4950;0.5;False;64;cupy;True;True;1.405926999868825;98.6;108.9;441.3078125;441.796875;9.9;11;311.0546875;311.0546875
107;1;100;4950;0.5;True;32;numpy;False;False;0.035146300215274096;;;;;;;;
107;2;100;4950;0.5;True;32;numpy;False;False;0.036297300131991506;;;;;;;;
107;3;100;4950;0.5;True;32;numpy;False;False;0.03504300001077354;;;;;;;;
107;4;100;4950;0.5;True;32;numpy;False;False;0.035962400026619434;;;;;;;;
107;5;100;4950;0.5;True;32;numpy;False;False;0.035993299912661314;;;;;;;;
107;6;100;4950;0.5;True;32;numpy;False;False;0.03515199990943074;;;;;;;;
107;7;100;4950;0.5;True;32;numpy;False;False;0.03590819984674454;;;;;;;;
107;8;100;4950;0.5;True;32;numpy;False;False;0.035237699979916215;;;;;;;;
107;9;100;4950;0.5;True;32;numpy;False;False;0.035688400035724044;;;;;;;;
107;10;100;4950;0.5;True;32;numpy;False;False;0.03557049995288253;;;;;;;;
108;1;100;4950;0.5;True;32;numpy;True;True;0.040481800213456154;77.22;390.4;342.5328125;342.98828125;;;;
108;2;100;4950;0.5;True;32;numpy;True;True;0.04093479993753135;74.9;378.5;342.4390625;342.90234375;;;;
108;3;100;4950;0.5;True;32;numpy;True;True;0.03991629998199642;117.39000000000001;404.5;342.142578125;342.58984375;;;;
108;4;100;4950;0.5;True;32;numpy;True;True;0.04145559994503856;74.02000000000001;372.2;342.47890625;342.921875;;;;
108;5;100;4950;0.5;True;32;numpy;True;True;0.04219920001924038;116.55;406.5;342.6796875;343.125;;;;
108;6;100;4950;0.5;True;32;numpy;True;True;0.042096600169315934;110.10999999999999;377.5;342.312890625;342.7578125;;;;
108;7;100;4950;0.5;True;32;numpy;True;True;0.0409810000564903;75.27000000000001;393.8;342.196484375;342.65625;;;;
108;8;100;4950;0.5;True;32;numpy;True;True;0.04136579995974898;112.16;378.6;342.238671875;342.69140625;;;;
108;9;100;4950;0.5;True;32;numpy;True;True;0.04015389992855489;80.27000000000001;408.0;342.85078125;343.296875;;;;
108;10;100;4950;0.5;True;32;numpy;True;True;0.0504402001388371;97.13000000000001;378.4;342.62890625;343.08984375;;;;
109;1;100;4950;0.5;True;32;cupy;False;False;1.4852676999289542;;;;;;;;
109;2;100;4950;0.5;True;32;cupy;False;False;1.4028710999991745;;;;;;;;
109;3;100;4950;0.5;True;32;cupy;False;False;1.443359199911356;;;;;;;;
109;4;100;4950;0.5;True;32;cupy;False;False;1.4078539998736233;;;;;;;;
109;5;100;4950;0.5;True;32;cupy;False;False;1.443997799884528;;;;;;;;
109;6;100;4950;0.5;True;32;cupy;False;False;1.4022441999986768;;;;;;;;
109;7;100;4950;0.5;True;32;cupy;False;False;1.4200377000961453;;;;;;;;
109;8;100;4950;0.5;True;32;cupy;False;False;1.4109165000263602;;;;;;;;
109;9;100;4950;0.5;True;32;cupy;False;False;1.4445056000258774;;;;;;;;
109;10;100;4950;0.5;True;32;cupy;False;False;1.4092899998649955;;;;;;;;
110;1;100;4950;0.5;True;32;cupy;True;True;1.4494019001722336;97.86999999999998;109.5;505.478125;505.96484375;11.9;15;303.0546875;303.0546875
110;2;100;4950;0.5;True;32;cupy;True;True;1.4565946999937296;99.1;102.4;505.273828125;505.75390625;9.6;11;303.0546875;303.0546875
110;3;100;4950;0.5;True;32;cupy;True;True;1.48695610021241;98.97999999999999;103.5;505.376953125;505.84765625;8.0;11;303.0546875;303.0546875
110;4;100;4950;0.5;True;32;cupy;True;True;1.4566675999667495;99.13000000000001;103.0;504.8484375;505.328125;10.7;12;303.0546875;303.0546875
110;5;100;4950;0.5;True;32;cupy;True;True;1.4755186999682337;100.22;105.2;504.82578125;505.3046875;9.1;11;303.0546875;303.0546875
110;6;100;4950;0.5;True;32;cupy;True;True;1.4369737999513745;100.19000000000001;106.7;505.119140625;505.60546875;11.0;11;303.0546875;303.0546875
110;7;100;4950;0.5;True;32;cupy;True;True;1.4346675998531282;97.49999999999999;108.4;505.25;505.7109375;12.5;16;303.0546875;303.0546875
110;8;100;4950;0.5;True;32;cupy;True;True;1.4295923998579383;98.41;107.1;505.256640625;505.734375;9.4;11;303.0546875;303.0546875
110;9;100;4950;0.5;True;32;cupy;True;True;1.4584045000374317;99.8;108.8;505.368359375;505.859375;10.1;11;303.0546875;303.0546875
110;10;100;4950;0.5;True;32;cupy;True;True;1.5707522998563945;96.58;103.8;505.237109375;505.75;9.7;11;303.0546875;303.0546875
111;1;100;4950;0.5;True;64;numpy;False;False;0.030881299870088696;;;;;;;;
111;2;100;4950;0.5;True;64;numpy;False;False;0.031172299990430474;;;;;;;;
111;3;100;4950;0.5;True;64;numpy;False;False;0.03059670003131032;;;;;;;;
111;4;100;4950;0.5;True;64;numpy;False;False;0.030907000182196498;;;;;;;;
111;5;100;4950;0.5;True;64;numpy;False;False;0.03111359989270568;;;;;;;;
111;6;100;4950;0.5;True;64;numpy;False;False;0.030791099881753325;;;;;;;;
111;7;100;4950;0.5;True;64;numpy;False;False;0.03058769996277988;;;;;;;;
111;8;100;4950;0.5;True;64;numpy;False;False;0.03126209997572005;;;;;;;;
111;9;100;4950;0.5;True;64;numpy;False;False;0.031125500099733472;;;;;;;;
111;10;100;4950;0.5;True;64;numpy;False;False;0.030844799941405654;;;;;;;;
112;1;100;4950;0.5;True;64;numpy;True;True;0.035609400132671;85.99;435.2;342.5265625;342.97265625;;;;
112;2;100;4950;0.5;True;64;numpy;True;True;0.036478899884968996;88.28;448.3;342.60078125;343.046875;;;;
112;3;100;4950;0.5;True;64;numpy;True;True;0.03647900000214577;131.26999999999998;457.8;342.383984375;342.82421875;;;;
112;4;100;4950;0.5;True;64;numpy;True;True;0.03771399985998869;84.08;459.5;342.424609375;342.8671875;;;;
112;5;100;4950;0.5;True;64;numpy;True;True;0.03694380004890263;84.87;435.3;342.7171875;343.1640625;;;;
112;6;100;4950;0.5;True;64;numpy;True;True;0.03585499990731478;135.34;473.9;342.41484375;342.85546875;;;;
112;7;100;4950;0.5;True;64;numpy;True;True;0.03546799998730421;92.22999999999999;462.8;342.627734375;343.07421875;;;;
112;8;100;4950;0.5;True;64;numpy;True;True;0.03901650011539459;84.1;452.2;342.403125;342.84765625;;;;
112;9;100;4950;0.5;True;64;numpy;True;True;0.036732900189235806;88.19;444.9;342.4875;342.9296875;;;;
112;10;100;4950;0.5;True;64;numpy;True;True;0.036946500185877085;86.28;444.8;342.62109375;343.0625;;;;
113;1;100;4950;0.5;True;64;cupy;False;False;1.422505000140518;;;;;;;;
113;2;100;4950;0.5;True;64;cupy;False;False;1.3977596999611706;;;;;;;;
113;3;100;4950;0.5;True;64;cupy;False;False;1.4302441000472754;;;;;;;;
113;4;100;4950;0.5;True;64;cupy;False;False;1.4068394000642002;;;;;;;;
113;5;100;4950;0.5;True;64;cupy;False;False;1.4186253000516444;;;;;;;;
113;6;100;4950;0.5;True;64;cupy;False;False;1.4010511001106352;;;;;;;;
113;7;100;4950;0.5;True;64;cupy;False;False;1.4242491000331938;;;;;;;;
113;8;100;4950;0.5;True;64;cupy;False;False;1.4400983999948949;;;;;;;;
113;9;100;4950;0.5;True;64;cupy;False;False;1.4090419001877308;;;;;;;;
113;10;100;4950;0.5;True;64;cupy;False;False;1.4118805001489818;;;;;;;;
114;1;100;4950;0.5;True;64;cupy;True;True;1.4790328000672162;99.03999999999999;102.4;504.437890625;504.9453125;11.9;14;303.0546875;303.0546875
114;2;100;4950;0.5;True;64;cupy;True;True;1.5025464000646025;99.07000000000001;103.9;504.758984375;505.2578125;8.3;11;303.0546875;303.0546875
114;3;100;4950;0.5;True;64;cupy;True;True;1.4975499999709427;96.55;102.8;505.21953125;505.75390625;10.3;11;303.0546875;303.0546875
114;4;100;4950;0.5;True;64;cupy;True;True;1.4665486998856068;98.21000000000001;108.5;504.92734375;505.41796875;11.4;12;303.0546875;303.0546875
114;5;100;4950;0.5;True;64;cupy;True;True;1.509053000016138;95.94999999999999;107.1;504.781640625;505.28125;10.1;11;303.0546875;303.0546875
114;6;100;4950;0.5;True;64;cupy;True;True;1.4642904999200255;97.52;107.0;505.3015625;505.76171875;10.6;11;303.0546875;303.0546875
114;7;100;4950;0.5;True;64;cupy;True;True;1.498337599914521;99.13000000000001;103.6;504.8890625;505.359375;10.2;12;303.0546875;303.0546875
114;8;100;4950;0.5;True;64;cupy;True;True;1.4438207000494003;99.82;102.3;504.59296875;505.0703125;11.9;14;303.0546875;303.0546875
114;9;100;4950;0.5;True;64;cupy;True;True;1.4401028000283986;100.05;107.1;504.890625;505.421875;9.0;11;303.0546875;303.0546875
114;10;100;4950;0.5;True;64;cupy;True;True;1.440021000104025;98.41;110.1;504.673828125;505.140625;10.2;11;303.0546875;303.0546875
115;1;100;9900;1;False;32;numpy;False;False;0.029078399995341897;;;;;;;;
115;2;100;9900;1;False;32;numpy;False;False;0.029204700142145157;;;;;;;;
115;3;100;9900;1;False;32;numpy;False;False;0.028954199980944395;;;;;;;;
115;4;100;9900;1;False;32;numpy;False;False;0.028727900004014373;;;;;;;;
115;5;100;9900;1;False;32;numpy;False;False;0.028862399980425835;;;;;;;;
115;6;100;9900;1;False;32;numpy;False;False;0.029077300103381276;;;;;;;;
115;7;100;9900;1;False;32;numpy;False;False;0.02910310006700456;;;;;;;;
115;8;100;9900;1;False;32;numpy;False;False;0.028988700127229095;;;;;;;;
115;9;100;9900;1;False;32;numpy;False;False;0.0289531999733299;;;;;;;;
115;10;100;9900;1;False;32;numpy;False;False;0.02831510012038052;;;;;;;;
116;1;100;9900;1;False;32;numpy;True;True;0.03429510002024472;136.87;480.5;342.576953125;343.015625;;;;
116;2;100;9900;1;False;32;numpy;True;True;0.03305159998126328;94.88;498.1;342.653125;342.94921875;;;;
116;3;100;9900;1;False;32;numpy;True;True;0.03373699984513223;139.02;506.0;342.56640625;342.92578125;;;;
116;4;100;9900;1;False;32;numpy;True;True;0.034387500025331974;141.51999999999998;486.7;342.35;342.7109375;;;;
116;5;100;9900;1;False;32;numpy;True;True;0.03312909998930991;93.39;495.0;342.430078125;342.828125;;;;
116;6;100;9900;1;False;32;numpy;True;True;0.0324222999624908;98.37;495.3;342.32265625;342.734375;;;;
116;7;100;9900;1;False;32;numpy;True;True;0.03317579999566078;97.11;496.3;342.753515625;343.05078125;;;;
116;8;100;9900;1;False;32;numpy;True;True;0.03385220002382994;95.67999999999999;486.8;342.74453125;343.109375;;;;
116;9;100;9900;1;False;32;numpy;True;True;0.033963199937716126;89.19000000000001;481.1;342.37421875;342.73828125;;;;
116;10;100;9900;1;False;32;numpy;True;True;0.03347680019214749;98.91999999999999;515.3;342.71875;343.01953125;;;;
117;1;100;9900;1;False;32;cupy;False;False;1.4573848999571055;;;;;;;;
117;2;100;9900;1;False;32;cupy;False;False;1.4089520999696106;;;;;;;;
117;3;100;9900;1;False;32;cupy;False;False;1.4038327999878675;;;;;;;;
117;4;100;9900;1;False;32;cupy;False;False;1.405830099945888;;;;;;;;
117;5;100;9900;1;False;32;cupy;False;False;1.4702229001559317;;;;;;;;
117;6;100;9900;1;False;32;cupy;False;False;1.4213094001170248;;;;;;;;
117;7;100;9900;1;False;32;cupy;False;False;1.4188369999174029;;;;;;;;
117;8;100;9900;1;False;32;cupy;False;False;1.4059158000163734;;;;;;;;
117;9;100;9900;1;False;32;cupy;False;False;1.4408416000660509;;;;;;;;
117;10;100;9900;1;False;32;cupy;False;False;1.4184936999808997;;;;;;;;
118;1;100;9900;1;False;32;cupy;True;True;1.4503597000148147;97.53;105.0;476.86015625;477.3671875;10.8;11;311.0546875;311.0546875
118;2;100;9900;1;False;32;cupy;True;True;1.4285631000529975;99.26;105.7;476.829296875;477.296875;10.1;11;311.0546875;311.0546875
118;3;100;9900;1;False;32;cupy;True;True;1.4274436999112368;99.2;105.3;476.65078125;477.1484375;9.6;11;311.0546875;311.0546875
118;4;100;9900;1;False;32;cupy;True;True;1.4339292999356985;98.30000000000001;106.1;476.816796875;477.30859375;8.8;11;311.0546875;311.0546875
118;5;100;9900;1;False;32;cupy;True;True;1.4357811999507248;99.99;108.1;477.092578125;477.66796875;9.4;11;311.0546875;311.0546875
118;6;100;9900;1;False;32;cupy;True;True;1.4356537000276148;98.57;110.0;477.094140625;477.55078125;10.4;11;311.0546875;311.0546875
118;7;100;9900;1;False;32;cupy;True;True;1.4232778998557478;99.52000000000001;107.5;476.998046875;477.51171875;10.6;11;311.0546875;311.0546875
118;8;100;9900;1;False;32;cupy;True;True;1.4275203999131918;97.74;106.1;477.0953125;477.609375;10.4;11;311.0546875;311.0546875
118;9;100;9900;1;False;32;cupy;True;True;1.6743179999757558;92.51;105.1;476.32578125;476.84375;8.5;11;311.0546875;311.0546875
118;10;100;9900;1;False;32;cupy;True;True;1.4388856999576092;99.68;105.2;476.369140625;476.88671875;9.3;11;311.0546875;311.0546875
119;1;100;9900;1;False;64;numpy;False;False;0.024901000084355474;;;;;;;;
119;2;100;9900;1;False;64;numpy;False;False;0.024974199943244457;;;;;;;;
119;3;100;9900;1;False;64;numpy;False;False;0.02428200002759695;;;;;;;;
119;4;100;9900;1;False;64;numpy;False;False;0.024924800032749772;;;;;;;;
119;5;100;9900;1;False;64;numpy;False;False;0.024808100191876292;;;;;;;;
119;6;100;9900;1;False;64;numpy;False;False;0.0247726000379771;;;;;;;;
119;7;100;9900;1;False;64;numpy;False;False;0.024795799981802702;;;;;;;;
119;8;100;9900;1;False;64;numpy;False;False;0.024564299965277314;;;;;;;;
119;9;100;9900;1;False;64;numpy;False;False;0.024975300068035722;;;;;;;;
119;10;100;9900;1;False;64;numpy;False;False;0.024471200071275234;;;;;;;;
120;1;100;9900;1;False;64;numpy;True;True;0.02865860005840659;111.74000000000001;570.3;342.71796875;343.171875;;;;
120;2;100;9900;1;False;64;numpy;True;True;0.03012270014733076;101.19000000000001;541.7;342.855859375;343.30859375;;;;
120;3;100;9900;1;False;64;numpy;True;True;0.028711099876090884;104.81999999999998;530.8;342.541015625;342.98828125;;;;
120;4;100;9900;1;False;64;numpy;True;True;0.027625400107353926;111.74000000000001;563.4;342.873828125;343.31640625;;;;
120;5;100;9900;1;False;64;numpy;True;True;0.02925099991261959;109.16999999999999;547.8;342.682421875;343.12109375;;;;
120;6;100;9900;1;False;64;numpy;True;True;0.029791099950671196;102.51999999999998;513.3;342.572265625;343.01953125;;;;
120;7;100;9900;1;False;64;numpy;True;True;0.029834500048309565;57.510000000000005;575.1;342.877734375;343.33203125;;;;
120;8;100;9900;1;False;64;numpy;True;True;0.02855359995737672;112.55999999999999;563.7;342.655859375;343.09765625;;;;
120;9;100;9900;1;False;64;numpy;True;True;0.027834400068968534;56.33;563.3;342.315625;342.7109375;;;;
120;10;100;9900;1;False;64;numpy;True;True;0.028689299942925572;113.49000000000001;585.3;342.4859375;342.8359375;;;;
121;1;100;9900;1;False;64;cupy;False;False;1.3937958001624793;;;;;;;;
121;2;100;9900;1;False;64;cupy;False;False;1.5241994999814779;;;;;;;;
121;3;100;9900;1;False;64;cupy;False;False;1.40698520001024;;;;;;;;
121;4;100;9900;1;False;64;cupy;False;False;1.3874427000992;;;;;;;;
121;5;100;9900;1;False;64;cupy;False;False;1.394237499916926;;;;;;;;
121;6;100;9900;1;False;64;cupy;False;False;1.4094084000680596;;;;;;;;
121;7;100;9900;1;False;64;cupy;False;False;1.3861591001041234;;;;;;;;
121;8;100;9900;1;False;64;cupy;False;False;1.3858942000661045;;;;;;;;
121;9;100;9900;1;False;64;cupy;False;False;1.4114969000220299;;;;;;;;
121;10;100;9900;1;False;64;cupy;False;False;1.3896077000536025;;;;;;;;
122;1;100;9900;1;False;64;cupy;True;True;1.4227607001084834;97.46000000000001;106.5;441.47734375;441.94921875;9.8;11;311.0546875;311.0546875
122;2;100;9900;1;False;64;cupy;True;True;1.509649499785155;97.31;104.7;441.509375;442.0546875;9.6;11;311.0546875;311.0546875
122;3;100;9900;1;False;64;cupy;True;True;1.4216169000137597;99.97;107.9;441.272265625;441.734375;10.2;11;311.0546875;311.0546875
122;4;100;9900;1;False;64;cupy;True;True;1.4294167999178171;100.64;109.2;441.77265625;442.28515625;10.8;11;311.0546875;311.0546875
122;5;100;9900;1;False;64;cupy;True;True;1.4428671998903155;98.67999999999999;107.1;441.078125;441.55078125;11.2;12;311.0546875;311.0546875
122;6;100;9900;1;False;64;cupy;True;True;1.4045297999400645;100.19999999999999;110.8;441.251953125;441.8203125;10.0;11;311.0546875;311.0546875
122;7;100;9900;1;False;64;cupy;True;True;1.4039958999492228;99.46;107.8;441.16484375;441.65234375;10.0;11;311.0546875;311.0546875
122;8;100;9900;1;False;64;cupy;True;True;1.4105172001291066;99.69;109.9;441.510546875;442.00390625;9.4;11;311.0546875;311.0546875
122;9;100;9900;1;False;64;cupy;True;True;1.4701508001890033;98.42999999999999;106.9;441.405859375;441.86328125;9.6;11;311.0546875;311.0546875
122;10;100;9900;1;False;64;cupy;True;True;1.4320364999584854;100.55000000000001;107.2;441.14921875;441.6640625;10.2;11;311.0546875;311.0546875
123;1;100;9900;1;True;32;numpy;False;False;0.03939359984360635;;;;;;;;
123;2;100;9900;1;True;32;numpy;False;False;0.039582999888807535;;;;;;;;
123;3;100;9900;1;True;32;numpy;False;False;0.038821099791675806;;;;;;;;
123;4;100;9900;1;True;32;numpy;False;False;0.039562399964779615;;;;;;;;
123;5;100;9900;1;True;32;numpy;False;False;0.03936800011433661;;;;;;;;
123;6;100;9900;1;True;32;numpy;False;False;0.03978429990820587;;;;;;;;
123;7;100;9900;1;True;32;numpy;False;False;0.038883699802681804;;;;;;;;
123;8;100;9900;1;True;32;numpy;False;False;0.03889390011318028;;;;;;;;
123;9;100;9900;1;True;32;numpy;False;False;0.039273800095543265;;;;;;;;
123;10;100;9900;1;True;32;numpy;False;False;0.03952650004066527;;;;;;;;
124;1;100;9900;1;True;32;numpy;True;True;0.04404609999619424;106.0;358.8;342.68671875;343.046875;;;;
124;2;100;9900;1;True;32;numpy;True;True;0.04427789989858866;105.65;360.0;342.8453125;343.2890625;;;;
124;3;100;9900;1;True;32;numpy;True;True;0.04460950009524822;105.74000000000001;357.2;343.015625;343.46484375;;;;
124;4;100;9900;1;True;32;numpy;True;True;0.04471620009280741;105.73000000000002;373.3;342.847265625;343.28515625;;;;
124;5;100;9900;1;True;32;numpy;True;True;0.044287499971687794;107.37;364.4;342.61875;343.05859375;;;;
124;6;100;9900;1;True;32;numpy;True;True;0.04583960003219545;103.32000000000001;370.6;342.8515625;343.296875;;;;
124;7;100;9900;1;True;32;numpy;True;True;0.04371009999886155;108.13;367.2;342.681640625;343.13671875;;;;
124;8;100;9900;1;True;32;numpy;True;True;0.04375230008736253;106.42999999999999;366.6;342.6515625;343.01171875;;;;
124;9;100;9900;1;True;32;numpy;True;True;0.052873700158670545;86.97;324.9;342.648046875;343.09375;;;;
124;10;100;9900;1;True;32;numpy;True;True;0.04543569986708462;104.28;359.7;342.667578125;343.078125;;;;
125;1;100;9900;1;True;32;cupy;False;False;1.4251685999333858;;;;;;;;
125;2;100;9900;1;True;32;cupy;False;False;1.4211061999667436;;;;;;;;
125;3;100;9900;1;True;32;cupy;False;False;2.4356219000183046;;;;;;;;
125;4;100;9900;1;True;32;cupy;False;False;1.4502447999548167;;;;;;;;
125;5;100;9900;1;True;32;cupy;False;False;1.4233923999127;;;;;;;;
125;6;100;9900;1;True;32;cupy;False;False;1.4209704000968486;;;;;;;;
125;7;100;9900;1;True;32;cupy;False;False;1.4103620999958366;;;;;;;;
125;8;100;9900;1;True;32;cupy;False;False;1.4261368000879884;;;;;;;;
125;9;100;9900;1;True;32;cupy;False;False;1.4106060999911278;;;;;;;;
125;10;100;9900;1;True;32;cupy;False;False;1.4216192001476884;;;;;;;;
126;1;100;9900;1;True;32;cupy;True;True;1.4471648000180721;100.42000000000002;105.4;504.99453125;505.51171875;11.0;11;303.0546875;303.0546875
126;2;100;9900;1;True;32;cupy;True;True;1.45432830019854;99.58;110.6;504.976953125;505.47265625;8.2;11;303.0546875;303.0546875
126;3;100;9900;1;True;32;cupy;True;True;1.4603093001060188;99.16;107.0;504.93671875;505.4609375;10.4;11;303.0546875;303.0546875
126;4;100;9900;1;True;32;cupy;True;True;1.4513540000189096;97.81;106.8;504.71484375;505.171875;9.5;11;303.0546875;303.0546875
126;5;100;9900;1;True;32;cupy;True;True;1.448086499935016;100.33000000000001;103.8;505.206640625;505.6875;11.2;13;303.0546875;303.0546875
126;6;100;9900;1;True;32;cupy;True;True;1.445447200210765;98.53;108.9;504.871484375;505.35546875;11.6;13;303.0546875;303.0546875
126;7;100;9900;1;True;32;cupy;True;True;1.475811499869451;99.57999999999998;105.8;504.422265625;504.87890625;8.6;11;303.0546875;303.0546875
126;8;100;9900;1;True;32;cupy;True;True;1.5371600000653416;99.46;105.0;505.213671875;505.69140625;9.8;10;303.0546875;303.0546875
126;9;100;9900;1;True;32;cupy;True;True;1.4849158998113126;99.16;109.5;504.906640625;505.40625;10.7;11;303.0546875;303.0546875
126;10;100;9900;1;True;32;cupy;True;True;1.5001914999447763;98.86;108.9;505.018359375;505.4765625;9.3;11;303.0546875;303.0546875
127;1;100;9900;1;True;64;numpy;False;False;0.03442990011535585;;;;;;;;
127;2;100;9900;1;True;64;numpy;False;False;0.03501780005171895;;;;;;;;
127;3;100;9900;1;True;64;numpy;False;False;0.034507199889048934;;;;;;;;
127;4;100;9900;1;True;64;numpy;False;False;0.034533899975940585;;;;;;;;
127;5;100;9900;1;True;64;numpy;False;False;0.03484280011616647;;;;;;;;
127;6;100;9900;1;True;64;numpy;False;False;0.033935700077563524;;;;;;;;
127;7;100;9900;1;True;64;numpy;False;False;0.03441639989614487;;;;;;;;
127;8;100;9900;1;True;64;numpy;False;False;0.034172399900853634;;;;;;;;
127;9;100;9900;1;True;64;numpy;False;False;0.03455740003846586;;;;;;;;
127;10;100;9900;1;True;64;numpy;False;False;0.03447269997559488;;;;;;;;
128;1;100;9900;1;True;64;numpy;True;True;0.05230660014785826;91.85;374.1;342.651171875;343.10546875;;;;
128;2;100;9900;1;True;64;numpy;True;True;0.04029790009371936;77.05;390.8;342.93671875;343.37890625;;;;
128;3;100;9900;1;True;64;numpy;True;True;0.04043340007774532;118.91;406.3;342.661328125;343.0703125;;;;
128;4;100;9900;1;True;64;numpy;True;True;0.04062230000272393;115.86999999999998;404.1;342.63828125;343.0859375;;;;
128;5;100;9900;1;True;64;numpy;True;True;0.041832500137388706;112.0;383.1;342.591796875;343.04296875;;;;
128;6;100;9900;1;True;64;numpy;True;True;0.03987449989654124;122.19000000000001;412.7;342.932421875;343.3828125;;;;
128;7;100;9900;1;True;64;numpy;True;True;0.0521264998242259;85.97999999999999;374.0;342.79453125;343.234375;;;;
128;8;100;9900;1;True;64;numpy;True;True;0.040635199984535575;117.77000000000001;413.7;342.419921875;342.859375;;;;
128;9;100;9900;1;True;64;numpy;True;True;0.041069500148296356;77.27000000000001;394.3;342.784765625;343.23046875;;;;
128;10;100;9900;1;True;64;numpy;True;True;0.04058410017751157;72.85;378.9;342.536328125;342.984375;;;;
129;1;100;9900;1;True;64;cupy;False;False;1.4511210001073778;;;;;;;;
129;2;100;9900;1;True;64;cupy;False;False;1.4270923000294715;;;;;;;;
129;3;100;9900;1;True;64;cupy;False;False;1.4315805998630822;;;;;;;;
129;4;100;9900;1;True;64;cupy;False;False;1.4271368999034166;;;;;;;;
129;5;100;9900;1;True;64;cupy;False;False;1.4492311000358313;;;;;;;;
129;6;100;9900;1;True;64;cupy;False;False;1.452458699932322;;;;;;;;
129;7;100;9900;1;True;64;cupy;False;False;1.442358799977228;;;;;;;;
129;8;100;9900;1;True;64;cupy;False;False;1.4362826000433415;;;;;;;;
129;9;100;9900;1;True;64;cupy;False;False;1.5228273998945951;;;;;;;;
129;10;100;9900;1;True;64;cupy;False;False;1.4460501000285149;;;;;;;;
130;1;100;9900;1;True;64;cupy;True;True;1.4961899002082646;97.02;107.0;504.809765625;505.26953125;8.9;11;305.0546875;305.0546875
130;2;100;9900;1;True;64;cupy;True;True;1.4316805000416934;100.52000000000001;104.7;505.1390625;505.65234375;10.0;11;305.0546875;305.0546875
130;3;100;9900;1;True;64;cupy;True;True;1.4362399000674486;99.07000000000001;103.4;505.16484375;505.6640625;9.9;11;305.0546875;305.0546875
130;4;100;9900;1;True;64;cupy;True;True;1.504814299987629;96.56000000000002;104.4;505.056640625;505.515625;11.3;12;305.0546875;305.0546875
130;5;100;9900;1;True;64;cupy;True;True;1.5418740001041442;96.16;104.4;504.820703125;505.27734375;8.0;11;305.0546875;305.0546875
130;6;100;9900;1;True;64;cupy;True;True;1.465376199921593;99.0;109.0;504.940625;505.4140625;9.9;11;305.0546875;305.0546875
130;7;100;9900;1;True;64;cupy;True;True;1.4365292999427766;99.03999999999999;102.6;505.112109375;505.609375;11.0;11;305.0546875;305.0546875
130;8;100;9900;1;True;64;cupy;True;True;1.4473951000254601;99.47000000000001;104.8;505.1171875;505.6171875;11.0;11;305.0546875;305.0546875
130;9;100;9900;1;True;64;cupy;True;True;1.4448674998711795;99.52999999999999;109.1;504.63984375;505.16015625;10.8;11;305.0546875;305.0546875
130;10;100;9900;1;True;64;cupy;True;True;1.4373498999048024;98.64;106.6;504.8796875;505.390625;9.0;11;305.0546875;305.0546875
131;1;1000;0;0;False;32;numpy;False;False;0.15504099987447262;;;;;;;;
131;2;1000;0;0;False;32;numpy;False;False;0.15541159990243614;;;;;;;;
131;3;1000;0;0;False;32;numpy;False;False;0.151951199863106;;;;;;;;
131;4;1000;0;0;False;32;numpy;False;False;0.14445370016619563;;;;;;;;
131;5;1000;0;0;False;32;numpy;False;False;0.15615240018814802;;;;;;;;
131;6;1000;0;0;False;32;numpy;False;False;0.1620933001395315;;;;;;;;
131;7;1000;0;0;False;32;numpy;False;False;0.14775600004941225;;;;;;;;
131;8;1000;0;0;False;32;numpy;False;False;0.1480155000463128;;;;;;;;
131;9;1000;0;0;False;32;numpy;False;False;0.1543942999560386;;;;;;;;
131;10;1000;0;0;False;32;numpy;False;False;0.1503458998631686;;;;;;;;
132;1;1000;0;0;False;32;numpy;True;True;0.17860480002127588;131.4;246.6;359.541015625;365.0078125;;;;
132;2;1000;0;0;False;32;numpy;True;True;0.16955439979210496;156.65;463.2;359.04921875;364.53515625;;;;
132;3;1000;0;0;False;32;numpy;True;True;0.1680288000497967;196.78;376.3;359.481640625;364.953125;;;;
132;4;1000;0;0;False;32;numpy;True;True;0.16673630010336637;150.55;381.6;359.26875;364.73828125;;;;
132;5;1000;0;0;False;32;numpy;True;True;0.16353229992091656;152.86;289.7;359.26015625;364.7421875;;;;
132;6;1000;0;0;False;32;numpy;True;True;0.1620364999398589;174.67;369.6;359.23515625;364.7109375;;;;
132;7;1000;0;0;False;32;numpy;True;True;0.16250560013577342;126.30999999999999;299.3;359.49921875;364.5703125;;;;
132;8;1000;0;0;False;32;numpy;True;True;0.16770970006473362;180.28000000000003;395.8;360.026171875;365.10546875;;;;
132;9;1000;0;0;False;32;numpy;True;True;0.16154799982905388;212.78000000000003;374.1;359.653125;364.73046875;;;;
132;10;1000;0;0;False;32;numpy;True;True;0.16173870000056922;125.53;195.6;359.884765625;364.96484375;;;;
133;1;1000;0;0;False;32;cupy;False;False;2.0889967000111938;;;;;;;;
133;2;1000;0;0;False;32;cupy;False;False;2.0986583000048995;;;;;;;;
133;3;1000;0;0;False;32;cupy;False;False;3.1367444000206888;;;;;;;;
133;4;1000;0;0;False;32;cupy;False;False;2.142390599939972;;;;;;;;
133;5;1000;0;0;False;32;cupy;False;False;2.111048199934885;;;;;;;;
133;6;1000;0;0;False;32;cupy;False;False;2.134806799935177;;;;;;;;
133;7;1000;0;0;False;32;cupy;False;False;2.1420660000294447;;;;;;;;
133;8;1000;0;0;False;32;cupy;False;False;2.1237873998470604;;;;;;;;
133;9;1000;0;0;False;32;cupy;False;False;2.109815799864009;;;;;;;;
133;10;1000;0;0;False;32;cupy;False;False;2.1492387000471354;;;;;;;;
134;1;1000;0;0;False;32;cupy;True;True;2.1614657000172883;99.85;106.8;492.683203125;498.33203125;11.2;12;321.0546875;321.0546875
134;2;1000;0;0;False;32;cupy;True;True;2.181232800008729;100.33000000000001;106.4;492.613671875;498.1796875;11.4;12;321.0546875;321.0546875
134;3;1000;0;0;False;32;cupy;True;True;2.16824289993383;99.16;106.6;492.4515625;498.11328125;10.8;12;321.0546875;321.0546875
134;4;1000;0;0;False;32;cupy;True;True;2.1351250000298023;99.70000000000002;101.6;492.5125;498.11328125;10.9;13;321.0546875;321.0546875
134;5;1000;0;0;False;32;cupy;True;True;2.1648111999966204;99.78;106.2;492.429296875;498.07421875;11.1;12;321.0546875;321.0546875
134;6;1000;0;0;False;32;cupy;True;True;2.182974600000307;97.32000000000001;107.0;492.079296875;497.64453125;12.0;12;321.0546875;321.0546875
134;7;1000;0;0;False;32;cupy;True;True;2.202383699826896;97.77;106.9;492.59765625;498.23046875;11.6;12;321.0546875;321.0546875
134;8;1000;0;0;False;32;cupy;True;True;2.1304417001083493;99.81000000000002;107.5;492.41171875;498.03515625;10.8;12;321.0546875;321.0546875
134;9;1000;0;0;False;32;cupy;True;True;2.142931300215423;99.82000000000001;100.7;492.312109375;497.88671875;10.6;12;321.0546875;321.0546875
134;10;1000;0;0;False;32;cupy;True;True;2.169987899949774;98.45000000000002;106.2;491.83984375;497.40625;11.5;12;321.0546875;321.0546875
135;1;1000;0;0;False;64;numpy;False;False;0.1538658000063151;;;;;;;;
135;2;1000;0;0;False;64;numpy;False;False;0.15649319998919964;;;;;;;;
135;3;1000;0;0;False;64;numpy;False;False;0.15603789989836514;;;;;;;;
135;4;1000;0;0;False;64;numpy;False;False;0.15551010007038713;;;;;;;;
135;5;1000;0;0;False;64;numpy;False;False;0.15877950005233288;;;;;;;;
135;6;1000;0;0;False;64;numpy;False;False;0.15797309996560216;;;;;;;;
135;7;1000;0;0;False;64;numpy;False;False;0.15627990011125803;;;;;;;;
135;8;1000;0;0;False;64;numpy;False;False;0.15755410003475845;;;;;;;;
135;9;1000;0;0;False;64;numpy;False;False;0.16255750018171966;;;;;;;;
135;10;1000;0;0;False;64;numpy;False;False;0.15775259980000556;;;;;;;;
136;1;1000;0;0;False;64;numpy;True;True;0.17504190001636744;178.75;457.1;363.107421875;368.59375;;;;
136;2;1000;0;0;False;64;numpy;True;True;0.1879421998746693;214.56;489.5;363.304296875;368.78515625;;;;
136;3;1000;0;0;False;64;numpy;True;True;0.17509860009886324;267.11;673.5;363.147265625;368.6328125;;;;
136;4;1000;0;0;False;64;numpy;True;True;0.1794143000151962;243.06;510.4;363.250390625;368.72265625;;;;
136;5;1000;0;0;False;64;numpy;True;True;0.17736129998229444;196.16;619.6;362.86171875;368.3359375;;;;
136;6;1000;0;0;False;64;numpy;True;True;0.1746527999639511;278.6;429.6;363.041015625;368.53125;;;;
136;7;1000;0;0;False;64;numpy;True;True;0.17834760015830398;175.05;527.2;363.329296875;368.796875;;;;
136;8;1000;0;0;False;64;numpy;True;True;0.19422980002127588;208.44;446.1;363.19921875;368.67578125;;;;
136;9;1000;0;0;False;64;numpy;True;True;0.17425070004537702;261.78000000000003;530.8;363.380078125;368.859375;;;;
136;10;1000;0;0;False;64;numpy;True;True;0.1766828999388963;198.73000000000002;473.7;363.7640625;368.83984375;;;;
137;1;1000;0;0;False;64;cupy;False;False;2.1460242001339793;;;;;;;;
137;2;1000;0;0;False;64;cupy;False;False;2.099727800115943;;;;;;;;
137;3;1000;0;0;False;64;cupy;False;False;2.078712400048971;;;;;;;;
137;4;1000;0;0;False;64;cupy;False;False;2.094416999956593;;;;;;;;
137;5;1000;0;0;False;64;cupy;False;False;2.1012486000545323;;;;;;;;
137;6;1000;0;0;False;64;cupy;False;False;2.0683377999812365;;;;;;;;
137;7;1000;0;0;False;64;cupy;False;False;2.0650920001789927;;;;;;;;
137;8;1000;0;0;False;64;cupy;False;False;2.043527799891308;;;;;;;;
137;9;1000;0;0;False;64;cupy;False;False;2.065734300063923;;;;;;;;
137;10;1000;0;0;False;64;cupy;False;False;2.0827566999942064;;;;;;;;
138;1;1000;0;0;False;64;cupy;True;True;2.1773445000872016;99.35;105.3;461.62421875;467.25390625;13.4;14;329.0546875;329.0546875
138;2;1000;0;0;False;64;cupy;True;True;2.1378687999676913;99.06000000000002;101.3;461.266796875;466.9609375;12.6;14;329.0546875;329.0546875
138;3;1000;0;0;False;64;cupy;True;True;2.1283622002229095;99.55999999999999;107.1;461.866796875;467.55078125;12.4;14;329.0546875;329.0546875
138;4;1000;0;0;False;64;cupy;True;True;2.1484723999165;99.25000000000001;101.9;461.796484375;467.48046875;12.9;14;329.0546875;329.0546875
138;5;1000;0;0;False;64;cupy;True;True;2.131610200041905;98.94;107.4;461.478515625;467.2109375;12.6;14;329.0546875;329.0546875
138;6;1000;0;0;False;64;cupy;True;True;2.1299120001494884;99.43;104.7;461.355078125;467.09375;13.6;14;329.0546875;329.0546875
138;7;1000;0;0;False;64;cupy;True;True;2.2291007998865098;96.93;107.2;461.51328125;467.15625;13.0;14;329.0546875;329.0546875
138;8;1000;0;0;False;64;cupy;True;True;2.1339185000397265;100.51;106.4;461.185546875;466.87890625;13.8;14;329.0546875;329.0546875
138;9;1000;0;0;False;64;cupy;True;True;2.1518879998475313;99.47;106.1;461.61875;467.328125;13.2;14;329.0546875;329.0546875
138;10;1000;0;0;False;64;cupy;True;True;2.101596799911931;100.50999999999999;102.3;462.104296875;467.77734375;12.6;14;329.0546875;329.0546875
139;1;1000;0;0;True;32;numpy;False;False;0.0502658998593688;;;;;;;;
139;2;1000;0;0;True;32;numpy;False;False;0.04818090004846454;;;;;;;;
139;3;1000;0;0;True;32;numpy;False;False;0.048484399914741516;;;;;;;;
139;4;1000;0;0;True;32;numpy;False;False;0.048537599854171276;;;;;;;;
139;5;1000;0;0;True;32;numpy;False;False;0.048315699910745025;;;;;;;;
139;6;1000;0;0;True;32;numpy;False;False;0.04930910002440214;;;;;;;;
139;7;1000;0;0;True;32;numpy;False;False;0.049196100095286965;;;;;;;;
139;8;1000;0;0;True;32;numpy;False;False;0.049228900112211704;;;;;;;;
139;9;1000;0;0;True;32;numpy;False;False;0.05040429998189211;;;;;;;;
139;10;1000;0;0;True;32;numpy;False;False;0.049597400007769465;;;;;;;;
140;1;1000;0;0;True;32;numpy;True;True;0.057245600037276745;82.88000000000001;281.1;355.084375;360.5703125;;;;
140;2;1000;0;0;True;32;numpy;True;True;0.057962399907410145;108.51999999999998;284.7;355.378515625;360.859375;;;;
140;3;1000;0;0;True;32;numpy;True;True;0.057237199973315;108.19000000000001;272.9;355.76015625;361.23046875;;;;
140;4;1000;0;0;True;32;numpy;True;True;0.058085299795493484;106.42;279.5;355.426953125;360.91796875;;;;
140;5;1000;0;0;True;32;numpy;True;True;0.05809830012731254;108.46;273.6;355.2671875;360.74609375;;;;
140;6;1000;0;0;True;32;numpy;True;True;0.05613329983316362;110.55;291.6;355.462109375;360.9375;;;;
140;7;1000;0;0;True;32;numpy;True;True;0.056389000033959746;111.13;293.6;355.507421875;360.99609375;;;;
140;8;1000;0;0;True;32;numpy;True;True;0.06335689988918602;129.65000000000003;292.0;355.562890625;361.0546875;;;;
140;9;1000;0;0;True;32;numpy;True;True;0.056597999995574355;83.58;290.0;355.47109375;360.94921875;;;;
140;10;1000;0;0;True;32;numpy;True;True;0.05863730004057288;106.35;274.5;355.313671875;360.8046875;;;;
141;1;1000;0;0;True;32;cupy;False;False;2.0588970000389963;;;;;;;;
141;2;1000;0;0;True;32;cupy;False;False;2.0354414999019355;;;;;;;;
141;3;1000;0;0;True;32;cupy;False;False;2.0829346000682563;;;;;;;;
141;4;1000;0;0;True;32;cupy;False;False;2.039056499954313;;;;;;;;
141;5;1000;0;0;True;32;cupy;False;False;2.0375039998907596;;;;;;;;
141;6;1000;0;0;True;32;cupy;False;False;2.2818706000689417;;;;;;;;
141;7;1000;0;0;True;32;cupy;False;False;2.0006617999169976;;;;;;;;
141;8;1000;0;0;True;32;cupy;False;False;2.046961799962446;;;;;;;;
141;9;1000;0;0;True;32;cupy;False;False;2.0368530999403447;;;;;;;;
141;10;1000;0;0;True;32;cupy;False;False;2.022633299930021;;;;;;;;
142;1;1000;0;0;True;32;cupy;True;True;2.103165299864486;99.11999999999999;101.7;411.973828125;417.5625;10.0;11;305.0546875;305.0546875
142;2;1000;0;0;True;32;cupy;True;True;2.086819199845195;99.55999999999999;106.0;412.1796875;417.7890625;11.0;11;305.0546875;305.0546875
142;3;1000;0;0;True;32;cupy;True;True;2.1076221999246627;97.69000000000001;100.6;412.8046875;418.47265625;10.8;11;305.0546875;305.0546875
142;4;1000;0;0;True;32;cupy;True;True;2.0962019998114556;98.95000000000002;107.2;412.2;417.89453125;9.6;11;305.0546875;305.0546875
142;5;1000;0;0;True;32;cupy;True;True;2.0925558998715132;98.27000000000001;100.2;412.2859375;417.93359375;10.6;11;305.0546875;305.0546875
142;6;1000;0;0;True;32;cupy;True;True;2.0932516001630574;99.34;101.8;412.218359375;417.79296875;10.0;11;305.0546875;305.0546875
142;7;1000;0;0;True;32;cupy;True;True;2.0740558998659253;99.53999999999999;107.1;412.5078125;418.14453125;9.9;11;305.0546875;305.0546875
142;8;1000;0;0;True;32;cupy;True;True;2.1093661999329925;99.57000000000001;106.7;412.087109375;417.6875;10.4;11;305.0546875;305.0546875
142;9;1000;0;0;True;32;cupy;True;True;2.059380399994552;99.49;101.7;412.02890625;417.671875;11.0;11;305.0546875;305.0546875
142;10;1000;0;0;True;32;cupy;True;True;2.08764800010249;99.78999999999999;106.8;412.2578125;417.765625;10.2;11;305.0546875;305.0546875
143;1;1000;0;0;True;64;numpy;False;False;0.04272439982742071;;;;;;;;
143;2;1000;0;0;True;64;numpy;False;False;0.04264970007352531;;;;;;;;
143;3;1000;0;0;True;64;numpy;False;False;0.04316819994710386;;;;;;;;
143;4;1000;0;0;True;64;numpy;False;False;0.04292720020748675;;;;;;;;
143;5;1000;0;0;True;64;numpy;False;False;0.04388640006072819;;;;;;;;
143;6;1000;0;0;True;64;numpy;False;False;0.04324959986843169;;;;;;;;
143;7;1000;0;0;True;64;numpy;False;False;0.045000100042670965;;;;;;;;
143;8;1000;0;0;True;64;numpy;False;False;0.04375740000978112;;;;;;;;
143;9;1000;0;0;True;64;numpy;False;False;0.044077999889850616;;;;;;;;
143;10;1000;0;0;True;64;numpy;False;False;0.04267200012691319;;;;;;;;
144;1;1000;0;0;True;64;numpy;True;True;0.050760400015860796;94.96;325.9;355.696875;361.18359375;;;;
144;2;1000;0;0;True;64;numpy;True;True;0.05231119995005429;88.00000000000001;308.3;355.4203125;360.8828125;;;;
144;3;1000;0;0;True;64;numpy;True;True;0.052974099991843104;91.44000000000001;327.8;355.2328125;360.7109375;;;;
144;4;1000;0;0;True;64;numpy;True;True;0.05651239980943501;72.82000000000001;270.9;354.97890625;360.44921875;;;;
144;5;1000;0;0;True;64;numpy;True;True;0.051870600087568164;93.14000000000001;322.4;355.45390625;360.93359375;;;;
144;6;1000;0;0;True;64;numpy;True;True;0.05135700013488531;91.3;311.1;355.441796875;360.91015625;;;;
144;7;1000;0;0;True;64;numpy;True;True;0.051465800032019615;89.54;303.8;355.117578125;360.59375;;;;
144;8;1000;0;0;True;64;numpy;True;True;0.05099290004000068;92.94;315.9;355.154296875;360.62890625;;;;
144;9;1000;0;0;True;64;numpy;True;True;0.054563899990171194;116.04;319.9;355.321875;360.8203125;;;;
144;10;1000;0;0;True;64;numpy;True;True;0.05261100013740361;91.78;329.8;355.462890625;360.9375;;;;
145;1;1000;0;0;True;64;cupy;False;False;2.1010461999103427;;;;;;;;
145;2;1000;0;0;True;64;cupy;False;False;2.04382780008018;;;;;;;;
145;3;1000;0;0;True;64;cupy;False;False;2.031088599935174;;;;;;;;
145;4;1000;0;0;True;64;cupy;False;False;2.0430770998355;;;;;;;;
145;5;1000;0;0;True;64;cupy;False;False;2.0301444998476654;;;;;;;;
145;6;1000;0;0;True;64;cupy;False;False;2.1316543000284582;;;;;;;;
145;7;1000;0;0;True;64;cupy;False;False;2.056689300108701;;;;;;;;
145;8;1000;0;0;True;64;cupy;False;False;2.038317299913615;;;;;;;;
145;9;1000;0;0;True;64;cupy;False;False;2.0533141000196338;;;;;;;;
145;10;1000;0;0;True;64;cupy;False;False;2.0489829999860376;;;;;;;;
146;1;1000;0;0;True;64;cupy;True;True;2.08874320005998;97.53;106.0;416.2796875;421.97265625;10.6;11;311.0546875;311.0546875
146;2;1000;0;0;True;64;cupy;True;True;2.078797800000757;98.67000000000002;104.2;416.82578125;422.47265625;10.0;11;311.0546875;311.0546875
146;3;1000;0;0;True;64;cupy;True;True;2.092446100199595;100.03000000000002;101.5;416.43203125;422.15234375;9.7;11;311.0546875;311.0546875
146;4;1000;0;0;True;64;cupy;True;True;2.0772335999645293;98.44;102.7;416.48125;422.1640625;9.8;12;311.0546875;311.0546875
146;5;1000;0;0;True;64;cupy;True;True;2.08895569993183;99.02;101.6;416.666796875;422.3828125;11.0;11;311.0546875;311.0546875
146;6;1000;0;0;True;64;cupy;True;True;2.1015912999864668;98.42;106.4;416.708203125;422.34375;11.4;13;311.0546875;311.0546875
146;7;1000;0;0;True;64;cupy;True;True;2.067572000203654;99.89999999999999;102.1;416.49140625;422.125;10.4;11;311.0546875;311.0546875
146;8;1000;0;0;True;64;cupy;True;True;2.0904806999024004;99.32;106.5;416.099609375;421.73046875;9.6;11;311.0546875;311.0546875
146;9;1000;0;0;True;64;cupy;True;True;2.08425429998897;99.47999999999999;101.8;416.39453125;422.09375;10.9;12;311.0546875;311.0546875
146;10;1000;0;0;True;64;cupy;True;True;2.0734573998488486;98.6;100.6;416.548828125;422.19140625;10.0;11;311.0546875;311.0546875
147;1;1000;99900;0.1;False;32;numpy;False;False;0.14482010016217828;;;;;;;;
147;2;1000;99900;0.1;False;32;numpy;False;False;0.14516369998455048;;;;;;;;
147;3;1000;99900;0.1;False;32;numpy;False;False;0.14716410008259118;;;;;;;;
147;4;1000;99900;0.1;False;32;numpy;False;False;0.1460740000475198;;;;;;;;
147;5;1000;99900;0.1;False;32;numpy;False;False;0.14474639995023608;;;;;;;;
147;6;1000;99900;0.1;False;32;numpy;False;False;0.14717389992438257;;;;;;;;
147;7;1000;99900;0.1;False;32;numpy;False;False;0.14514390006661415;;;;;;;;
147;8;1000;99900;0.1;False;32;numpy;False;False;0.14706380013376474;;;;;;;;
147;9;1000;99900;0.1;False;32;numpy;False;False;0.14483310002833605;;;;;;;;
147;10;1000;99900;0.1;False;32;numpy;False;False;0.14934120001271367;;;;;;;;
148;1;1000;99900;0.1;False;32;numpy;True;True;0.16173809999600053;117.03999999999999;292.7;359.685546875;364.76171875;;;;
148;2;1000;99900;0.1;False;32;numpy;True;True;0.16235810006037354;192.72;285.0;359.920703125;365.00390625;;;;
148;3;1000;99900;0.1;False;32;numpy;True;True;0.16460000001825392;170.86999999999998;368.8;360.0640625;365.13671875;;;;
148;4;1000;99900;0.1;False;32;numpy;True;True;0.16429070010781288;171.41;290.9;359.7;364.7734375;;;;
148;5;1000;99900;0.1;False;32;numpy;True;True;0.17057800013571978;110.75;339.3;359.885546875;364.9609375;;;;
148;6;1000;99900;0.1;False;32;numpy;True;True;0.16285680001601577;134.85999999999999;286.8;359.937109375;365.0234375;;;;
148;7;1000;99900;0.1;False;32;numpy;True;True;0.16213479987345636;125.49000000000001;287.6;359.925390625;365.0;;;;
148;8;1000;99900;0.1;False;32;numpy;True;True;0.16342979995533824;163.63000000000002;388.9;359.8890625;364.97265625;;;;
148;9;1000;99900;0.1;False;32;numpy;True;True;0.18042919994331896;164.02999999999997;282.2;359.6875;364.7734375;;;;
148;10;1000;99900;0.1;False;32;numpy;True;True;0.16203700006008148;134.85;294.5;359.854296875;364.9296875;;;;
149;1;1000;99900;0.1;False;32;cupy;False;False;2.1252663999330252;;;;;;;;
149;2;1000;99900;0.1;False;32;cupy;False;False;2.15381950000301;;;;;;;;
149;3;1000;99900;0.1;False;32;cupy;False;False;2.085265399888158;;;;;;;;
149;4;1000;99900;0.1;False;32;cupy;False;False;2.119252999778837;;;;;;;;
149;5;1000;99900;0.1;False;32;cupy;False;False;2.1003854000009596;;;;;;;;
149;6;1000;99900;0.1;False;32;cupy;False;False;2.1314160998445004;;;;;;;;
149;7;1000;99900;0.1;False;32;cupy;False;False;2.1548670001793653;;;;;;;;
149;8;1000;99900;0.1;False;32;cupy;False;False;2.087131399894133;;;;;;;;
149;9;1000;99900;0.1;False;32;cupy;False;False;2.10645530000329;;;;;;;;
149;10;1000;99900;0.1;False;32;cupy;False;False;2.0728967001195997;;;;;;;;
150;1;1000;99900;0.1;False;32;cupy;True;True;2.167970199836418;99.3;106.9;493.318359375;498.99609375;10.6;12;327.0546875;327.0546875
150;2;1000;99900;0.1;False;32;cupy;True;True;2.129503599833697;99.5;104.9;493.2;498.77734375;10.8;12;327.0546875;327.0546875
150;3;1000;99900;0.1;False;32;cupy;True;True;2.198340500006452;99.86;106.6;493.070703125;498.7265625;10.4;12;327.0546875;327.0546875
150;4;1000;99900;0.1;False;32;cupy;True;True;2.1770707999821752;97.67999999999999;104.1;493.40703125;498.98828125;11.4;12;327.0546875;327.0546875
150;5;1000;99900;0.1;False;32;cupy;True;True;2.2343919998966157;97.65;101.1;492.93984375;498.50390625;11.3;12;327.0546875;327.0546875
150;6;1000;99900;0.1;False;32;cupy;True;True;2.1372047001495957;98.46000000000001;104.7;493.489453125;499.06640625;10.8;12;327.0546875;327.0546875
150;7;1000;99900;0.1;False;32;cupy;True;True;2.189272499876097;97.78999999999999;102.1;493.4359375;499.08984375;11.0;12;327.0546875;327.0546875
150;8;1000;99900;0.1;False;32;cupy;True;True;2.1455855001695454;99.26;102.1;493.256640625;498.8046875;11.8;12;327.0546875;327.0546875
150;9;1000;99900;0.1;False;32;cupy;True;True;2.1474269998725504;99.78999999999999;104.9;493.384765625;499.03125;11.7;12;327.0546875;327.0546875
150;10;1000;99900;0.1;False;32;cupy;True;True;2.2166520999744534;99.35000000000001;104.6;492.789453125;498.49609375;11.6;12;327.0546875;327.0546875
151;1;1000;99900;0.1;False;64;numpy;False;False;0.1499634999781847;;;;;;;;
151;2;1000;99900;0.1;False;64;numpy;False;False;0.14974540006369352;;;;;;;;
151;3;1000;99900;0.1;False;64;numpy;False;False;0.1488163999747485;;;;;;;;
151;4;1000;99900;0.1;False;64;numpy;False;False;0.14719679998233914;;;;;;;;
151;5;1000;99900;0.1;False;64;numpy;False;False;0.151758800027892;;;;;;;;
151;6;1000;99900;0.1;False;64;numpy;False;False;0.14631070010364056;;;;;;;;
151;7;1000;99900;0.1;False;64;numpy;False;False;0.14543140004388988;;;;;;;;
151;8;1000;99900;0.1;False;64;numpy;False;False;0.14629970001988113;;;;;;;;
151;9;1000;99900;0.1;False;64;numpy;False;False;0.14640870015136898;;;;;;;;
151;10;1000;99900;0.1;False;64;numpy;False;False;0.1474644998088479;;;;;;;;
152;1;1000;99900;0.1;False;64;numpy;True;True;0.17418470000848174;232.93000000000006;504.5;363.813671875;368.89453125;;;;
152;2;1000;99900;0.1;False;64;numpy;True;True;0.1724559001158923;158.98999999999998;364.3;363.373046875;368.44921875;;;;
152;3;1000;99900;0.1;False;64;numpy;True;True;0.168537899851799;220.8;432.5;363.609375;368.68359375;;;;
152;4;1000;99900;0.1;False;64;numpy;True;True;0.16848649992607534;188.01;418.9;363.775390625;368.85546875;;;;
152;5;1000;99900;0.1;False;64;numpy;True;True;0.16751300008036196;176.74999999999997;385.3;363.69609375;368.7734375;;;;
152;6;1000;99900;0.1;False;64;numpy;True;True;0.1664741998538375;177.16;462.6;363.647265625;368.73046875;;;;
152;7;1000;99900;0.1;False;64;numpy;True;True;0.1869797999970615;214.98999999999995;451.8;363.55546875;368.62890625;;;;
152;8;1000;99900;0.1;False;64;numpy;True;True;0.17860289989039302;245.57000000000002;681.7;363.520703125;368.60546875;;;;
152;9;1000;99900;0.1;False;64;numpy;True;True;0.17572070006281137;269.76;507.4;363.726953125;368.8046875;;;;
152;10;1000;99900;0.1;False;64;numpy;True;True;0.16526619996875525;202.8;511.7;363.507421875;368.5859375;;;;
153;1;1000;99900;0.1;False;64;cupy;False;False;2.0884137998800725;;;;;;;;
153;2;1000;99900;0.1;False;64;cupy;False;False;2.106108099920675;;;;;;;;
153;3;1000;99900;0.1;False;64;cupy;False;False;2.107908400008455;;;;;;;;
153;4;1000;99900;0.1;False;64;cupy;False;False;2.075353999854997;;;;;;;;
153;5;1000;99900;0.1;False;64;cupy;False;False;2.1049073999747634;;;;;;;;
153;6;1000;99900;0.1;False;64;cupy;False;False;2.141123600071296;;;;;;;;
153;7;1000;99900;0.1;False;64;cupy;False;False;2.069292400032282;;;;;;;;
153;8;1000;99900;0.1;False;64;cupy;False;False;2.115401100134477;;;;;;;;
153;9;1000;99900;0.1;False;64;cupy;False;False;2.0925974999554455;;;;;;;;
153;10;1000;99900;0.1;False;64;cupy;False;False;2.09611799987033;;;;;;;;
154;1;1000;99900;0.1;False;64;cupy;True;True;2.1128173999022692;99.33;100.8;462.524609375;468.171875;12.6;14;335.0546875;335.0546875
154;2;1000;99900;0.1;False;64;cupy;True;True;2.127090899972245;99.53;106.5;462.5296875;468.140625;12.6;14;335.0546875;335.0546875
154;3;1000;99900;0.1;False;64;cupy;True;True;2.181701600085944;99.28999999999999;105.9;462.43125;468.08984375;12.6;14;335.0546875;335.0546875
154;4;1000;99900;0.1;False;64;cupy;True;True;2.1457331001292914;98.70000000000002;100.4;462.65234375;468.28125;14.0;14;335.0546875;335.0546875
154;5;1000;99900;0.1;False;64;cupy;True;True;2.1366292000748217;98.67;105.7;462.82421875;468.48828125;13.2;14;335.0546875;335.0546875
154;6;1000;99900;0.1;False;64;cupy;True;True;2.1223822000902146;100.22;101.8;462.28203125;467.9296875;13.2;15;335.0546875;335.0546875
154;7;1000;99900;0.1;False;64;cupy;True;True;2.1637041999492794;96.96;105.5;462.404296875;468.08203125;14.0;14;335.0546875;335.0546875
154;8;1000;99900;0.1;False;64;cupy;True;True;2.1243841000832617;100.17;104.0;462.720703125;468.36328125;12.8;14;335.0546875;335.0546875
154;9;1000;99900;0.1;False;64;cupy;True;True;2.1157266998197883;98.77;101.8;462.16328125;467.84375;13.3;14;335.0546875;335.0546875
154;10;1000;99900;0.1;False;64;cupy;True;True;2.1042849000077695;98.88000000000001;102.0;462.698828125;468.37890625;14.2;15;335.0546875;335.0546875
155;1;1000;99900;0.1;True;32;numpy;False;False;0.11252799979411066;;;;;;;;
155;2;1000;99900;0.1;True;32;numpy;False;False;0.10660810000263155;;;;;;;;
155;3;1000;99900;0.1;True;32;numpy;False;False;0.11492590000852942;;;;;;;;
155;4;1000;99900;0.1;True;32;numpy;False;False;0.10963269998319447;;;;;;;;
155;5;1000;99900;0.1;True;32;numpy;False;False;0.1104999000672251;;;;;;;;
155;6;1000;99900;0.1;True;32;numpy;False;False;0.10803049989044666;;;;;;;;
155;7;1000;99900;0.1;True;32;numpy;False;False;0.11035310011357069;;;;;;;;
155;8;1000;99900;0.1;True;32;numpy;False;False;0.10961140017025173;;;;;;;;
155;9;1000;99900;0.1;True;32;numpy;False;False;0.1088375998660922;;;;;;;;
155;10;1000;99900;0.1;True;32;numpy;False;False;0.10992620000615716;;;;;;;;
156;1;1000;99900;0.1;True;32;numpy;True;True;0.1238563999067992;87.91999999999999;132.4;356.120703125;361.60546875;;;;
156;2;1000;99900;0.1;True;32;numpy;True;True;0.12532110000029206;100.22999999999999;130.4;357.343359375;362.421875;;;;
156;3;1000;99900;0.1;True;32;numpy;True;True;0.12179370014928281;89.57000000000001;131.1;357.765234375;362.8359375;;;;
156;4;1000;99900;0.1;True;32;numpy;True;True;0.12179880007170141;102.74000000000001;133.0;358.116796875;363.19921875;;;;
156;5;1000;99900;0.1;True;32;numpy;True;True;0.12095310003496706;89.61999999999998;134.3;357.545703125;362.61328125;;;;
156;6;1000;99900;0.1;True;32;numpy;True;True;0.13087500003166497;108.37;131.2;357.2140625;362.296875;;;;
156;7;1000;99900;0.1;True;32;numpy;True;True;0.12175740022212267;90.25;131.4;357.3734375;362.453125;;;;
156;8;1000;99900;0.1;True;32;numpy;True;True;0.11992840003222227;79.28;134.8;356.446484375;361.91796875;;;;
156;9;1000;99900;0.1;True;32;numpy;True;True;0.12191760004498065;103.21999999999998;131.5;357.655078125;362.73046875;;;;
156;10;1000;99900;0.1;True;32;numpy;True;True;0.13109209993854165;93.05999999999999;175.6;357.795703125;362.875;;;;
157;1;1000;99900;0.1;True;32;cupy;False;False;2.1159110001754016;;;;;;;;
157;2;1000;99900;0.1;True;32;cupy;False;False;2.126448699971661;;;;;;;;
157;3;1000;99900;0.1;True;32;cupy;False;False;2.1123478999361396;;;;;;;;
157;4;1000;99900;0.1;True;32;cupy;False;False;2.1086987999733537;;;;;;;;
157;5;1000;99900;0.1;True;32;cupy;False;False;2.152893500169739;;;;;;;;
157;6;1000;99900;0.1;True;32;cupy;False;False;2.1110867999959737;;;;;;;;
157;7;1000;99900;0.1;True;32;cupy;False;False;2.1354886998888105;;;;;;;;
157;8;1000;99900;0.1;True;32;cupy;False;False;2.143291500164196;;;;;;;;
157;9;1000;99900;0.1;True;32;cupy;False;False;2.1007838998921216;;;;;;;;
157;10;1000;99900;0.1;True;32;cupy;False;False;2.153015600051731;;;;;;;;
158;1;1000;99900;0.1;True;32;cupy;True;True;2.1956911999732256;99.37000000000002;106.2;521.315234375;526.94921875;10.2;11;317.0546875;317.0546875
158;2;1000;99900;0.1;True;32;cupy;True;True;2.183552599977702;97.96;102.9;521.471484375;527.11328125;11.4;13;317.0546875;317.0546875
158;3;1000;99900;0.1;True;32;cupy;True;True;2.178810100071132;98.46000000000001;106.5;521.351953125;527.0;10.2;11;317.0546875;317.0546875
158;4;1000;99900;0.1;True;32;cupy;True;True;2.1545185998547822;99.15;103.3;521.171484375;526.79296875;10.0;11;317.0546875;317.0546875
158;5;1000;99900;0.1;True;32;cupy;True;True;2.1424318000208586;98.36000000000001;104.1;521.623046875;527.21875;10.8;11;317.0546875;317.0546875
158;6;1000;99900;0.1;True;32;cupy;True;True;2.164454699959606;99.71;104.7;520.808203125;526.35546875;10.1;11;317.0546875;317.0546875
158;7;1000;99900;0.1;True;32;cupy;True;True;2.137889300007373;99.51000000000002;105.9;521.125390625;526.75390625;12.0;16;317.0546875;317.0546875
158;8;1000;99900;0.1;True;32;cupy;True;True;2.2858821998815984;97.36999999999999;105.2;521.166796875;526.765625;10.4;11;317.0546875;317.0546875
158;9;1000;99900;0.1;True;32;cupy;True;True;2.167612300021574;99.15;104.2;521.1234375;526.69921875;10.0;11;317.0546875;317.0546875
158;10;1000;99900;0.1;True;32;cupy;True;True;2.190554899862036;98.64;102.4;520.97109375;526.515625;10.9;12;317.0546875;317.0546875
159;1;1000;99900;0.1;True;64;numpy;False;False;0.10777699993923306;;;;;;;;
159;2;1000;99900;0.1;True;64;numpy;False;False;0.10277209989726543;;;;;;;;
159;3;1000;99900;0.1;True;64;numpy;False;False;0.10351170017383993;;;;;;;;
159;4;1000;99900;0.1;True;64;numpy;False;False;0.10310109984129667;;;;;;;;
159;5;1000;99900;0.1;True;64;numpy;False;False;0.10228879982605577;;;;;;;;
159;6;1000;99900;0.1;True;64;numpy;False;False;0.10775720002129674;;;;;;;;
159;7;1000;99900;0.1;True;64;numpy;False;False;0.10277869994752109;;;;;;;;
159;8;1000;99900;0.1;True;64;numpy;False;False;0.10368450009264052;;;;;;;;
159;9;1000;99900;0.1;True;64;numpy;False;False;0.10516159981489182;;;;;;;;
159;10;1000;99900;0.1;True;64;numpy;False;False;0.10942510003224015;;;;;;;;
160;1;1000;99900;0.1;True;64;numpy;True;True;0.1167441001161933;107.15;140.9;357.61484375;362.6953125;;;;
160;2;1000;99900;0.1;True;64;numpy;True;True;0.11553000006824732;95.12999999999998;137.8;357.780859375;362.85546875;;;;
160;3;1000;99900;0.1;True;64;numpy;True;True;0.1150577999651432;95.7;140.3;357.952734375;363.0234375;;;;
160;4;1000;99900;0.1;True;64;numpy;True;True;0.11635709996335208;108.33999999999999;140.7;357.30546875;362.3828125;;;;
160;5;1000;99900;0.1;True;64;numpy;True;True;0.1168337999843061;93.7;137.9;357.840234375;362.9296875;;;;
160;6;1000;99900;0.1;True;64;numpy;True;True;0.11643530009314418;94.07;136.9;357.620703125;362.6953125;;;;
160;7;1000;99900;0.1;True;64;numpy;True;True;0.11640029982663691;94.65;137.6;357.708203125;362.78515625;;;;
160;8;1000;99900;0.1;True;64;numpy;True;True;0.11769360001198947;94.72999999999999;138.0;357.533984375;362.61328125;;;;
160;9;1000;99900;0.1;True;64;numpy;True;True;0.12307979981414974;101.91;135.6;357.383203125;362.4609375;;;;
160;10;1000;99900;0.1;True;64;numpy;True;True;0.11639220011420548;94.21000000000001;135.8;357.73515625;362.8125;;;;
161;1;1000;99900;0.1;True;64;cupy;False;False;2.123549999902025;;;;;;;;
161;2;1000;99900;0.1;True;64;cupy;False;False;2.1140405000187457;;;;;;;;
161;3;1000;99900;0.1;True;64;cupy;False;False;2.1159057999029756;;;;;;;;
161;4;1000;99900;0.1;True;64;cupy;False;False;2.1423597999382764;;;;;;;;
161;5;1000;99900;0.1;True;64;cupy;False;False;2.1124560001771897;;;;;;;;
161;6;1000;99900;0.1;True;64;cupy;False;False;2.131925200112164;;;;;;;;
161;7;1000;99900;0.1;True;64;cupy;False;False;2.116001500049606;;;;;;;;
161;8;1000;99900;0.1;True;64;cupy;False;False;2.106461700052023;;;;;;;;
161;9;1000;99900;0.1;True;64;cupy;False;False;2.113755499944091;;;;;;;;
161;10;1000;99900;0.1;True;64;cupy;False;False;2.1391576000023633;;;;;;;;
162;1;1000;99900;0.1;True;64;cupy;True;True;2.180274900048971;98.9;104.3;525.80859375;531.50390625;11.7;13;323.0546875;323.0546875
162;2;1000;99900;0.1;True;64;cupy;True;True;2.186453599948436;99.34;103.6;525.56640625;531.23828125;11.2;12;323.0546875;323.0546875
162;3;1000;99900;0.1;True;64;cupy;True;True;2.1752391001209617;99.39;102.7;525.64609375;531.2890625;12.6;16;323.0546875;323.0546875
162;4;1000;99900;0.1;True;64;cupy;True;True;2.120945099974051;98.19999999999997;104.5;525.27578125;530.94921875;10.8;12;323.0546875;323.0546875
162;5;1000;99900;0.1;True;64;cupy;True;True;2.1597643001005054;99.39;104.8;525.83203125;531.484375;11.6;12;323.0546875;323.0546875
162;6;1000;99900;0.1;True;64;cupy;True;True;2.16936989990063;99.02999999999999;104.9;525.645703125;531.32421875;12.0;12;323.0546875;323.0546875
162;7;1000;99900;0.1;True;64;cupy;True;True;2.2764288999605924;98.73;102.5;525.866796875;531.51953125;10.6;12;323.0546875;323.0546875
162;8;1000;99900;0.1;True;64;cupy;True;True;2.134442700073123;98.7;104.1;525.4703125;531.16015625;11.8;12;323.0546875;323.0546875
162;9;1000;99900;0.1;True;64;cupy;True;True;2.170473499922082;100.17;103.5;525.95859375;531.60546875;11.2;12;323.0546875;323.0546875
162;10;1000;99900;0.1;True;64;cupy;True;True;2.167372800176963;98.39000000000001;104.0;525.4671875;531.1328125;12.6;15;323.0546875;323.0546875
163;1;1000;249750;0.25;False;32;numpy;False;False;0.1498785000294447;;;;;;;;
163;2;1000;249750;0.25;False;32;numpy;False;False;0.14656899985857308;;;;;;;;
163;3;1000;249750;0.25;False;32;numpy;False;False;0.15894039999693632;;;;;;;;
163;4;1000;249750;0.25;False;32;numpy;False;False;0.1468080000486225;;;;;;;;
163;5;1000;249750;0.25;False;32;numpy;False;False;0.14789219992235303;;;;;;;;
163;6;1000;249750;0.25;False;32;numpy;False;False;0.14510910003446043;;;;;;;;
163;7;1000;249750;0.25;False;32;numpy;False;False;0.1460933000780642;;;;;;;;
163;8;1000;249750;0.25;False;32;numpy;False;False;0.14489130000583827;;;;;;;;
163;9;1000;249750;0.25;False;32;numpy;False;False;0.14593240013346076;;;;;;;;
163;10;1000;249750;0.25;False;32;numpy;False;False;0.14998049987480044;;;;;;;;
164;1;1000;249750;0.25;False;32;numpy;True;True;0.1611235998570919;166.38;310.0;359.88046875;364.953125;;;;
164;2;1000;249750;0.25;False;32;numpy;True;True;0.16131110000424087;195.26;299.5;359.805859375;364.8828125;;;;
164;3;1000;249750;0.25;False;32;numpy;True;True;0.17761960020288825;178.95;417.3;359.8296875;364.90234375;;;;
164;4;1000;249750;0.25;False;32;numpy;True;True;0.1647485001012683;114.82000000000001;204.0;359.48984375;364.96875;;;;
164;5;1000;249750;0.25;False;32;numpy;True;True;0.16560049983672798;142.24999999999997;290.4;359.816015625;364.890625;;;;
164;6;1000;249750;0.25;False;32;numpy;True;True;0.16306490008719265;191.67000000000002;379.4;359.956640625;365.0234375;;;;
164;7;1000;249750;0.25;False;32;numpy;True;True;0.16073040012270212;116.55999999999999;285.0;359.958984375;365.03515625;;;;
164;8;1000;249750;0.25;False;32;numpy;True;True;0.16276959981769323;125.42;197.8;359.603125;365.09765625;;;;
164;9;1000;249750;0.25;False;32;numpy;True;True;0.16394060011953115;114.27000000000001;187.1;359.8484375;364.93359375;;;;
164;10;1000;249750;0.25;False;32;numpy;True;True;0.1667412999086082;132.59999999999997;290.0;360.08515625;365.16015625;;;;
165;1;1000;249750;0.25;False;32;cupy;False;False;2.106934300158173;;;;;;;;
165;2;1000;249750;0.25;False;32;cupy;False;False;2.1085272000636905;;;;;;;;
165;3;1000;249750;0.25;False;32;cupy;False;False;2.0813359001185745;;;;;;;;
165;4;1000;249750;0.25;False;32;cupy;False;False;2.122573700034991;;;;;;;;
165;5;1000;249750;0.25;False;32;cupy;False;False;2.1051859001163393;;;;;;;;
165;6;1000;249750;0.25;False;32;cupy;False;False;2.159794900100678;;;;;;;;
165;7;1000;249750;0.25;False;32;cupy;False;False;2.1024702999275178;;;;;;;;
165;8;1000;249750;0.25;False;32;cupy;False;False;2.1000662001315504;;;;;;;;
165;9;1000;249750;0.25;False;32;cupy;False;False;2.1201019999571145;;;;;;;;
165;10;1000;249750;0.25;False;32;cupy;False;False;2.093843199778348;;;;;;;;
166;1;1000;249750;0.25;False;32;cupy;True;True;2.171683000167832;98.98;105.8;493.5484375;499.17578125;12.0;12;333.0546875;333.0546875
166;2;1000;249750;0.25;False;32;cupy;True;True;2.138790400000289;98.77000000000001;105.7;492.95625;498.58203125;11.8;12;333.0546875;333.0546875
166;3;1000;249750;0.25;False;32;cupy;True;True;2.124187699984759;99.66999999999999;100.6;493.494140625;499.125;11.7;12;333.0546875;333.0546875
166;4;1000;249750;0.25;False;32;cupy;True;True;2.166314700152725;97.35;104.2;493.063671875;498.76953125;11.2;12;333.0546875;333.0546875
166;5;1000;249750;0.25;False;32;cupy;True;True;2.1203383000101894;98.91;105.8;493.008203125;498.59375;11.6;12;333.0546875;333.0546875
166;6;1000;249750;0.25;False;32;cupy;True;True;2.1429554000496864;99.36999999999999;105.7;492.916015625;498.53125;11.7;12;333.0546875;333.0546875
166;7;1000;249750;0.25;False;32;cupy;True;True;2.1766260000877082;99.94;106.6;492.745703125;498.37109375;10.8;12;333.0546875;333.0546875
166;8;1000;249750;0.25;False;32;cupy;True;True;2.155332800000906;100.12;107.0;492.680078125;498.359375;11.4;12;333.0546875;333.0546875
166;9;1000;249750;0.25;False;32;cupy;True;True;2.169029999990016;98.48;106.5;493.34765625;498.953125;12.0;12;333.0546875;333.0546875
166;10;1000;249750;0.25;False;32;cupy;True;True;2.148614700185135;98.44;102.6;492.702734375;498.23828125;12.2;13;333.0546875;333.0546875
167;1;1000;249750;0.25;False;64;numpy;False;False;0.147251799935475;;;;;;;;
167;2;1000;249750;0.25;False;64;numpy;False;False;0.15038009989075363;;;;;;;;
167;3;1000;249750;0.25;False;64;numpy;False;False;0.1468980999197811;;;;;;;;
167;4;1000;249750;0.25;False;64;numpy;False;False;0.14654790004715323;;;;;;;;
167;5;1000;249750;0.25;False;64;numpy;False;False;0.14691650005988777;;;;;;;;
167;6;1000;249750;0.25;False;64;numpy;False;False;0.14683189988136292;;;;;;;;
167;7;1000;249750;0.25;False;64;numpy;False;False;0.14665040001273155;;;;;;;;
167;8;1000;249750;0.25;False;64;numpy;False;False;0.14697470003739;;;;;;;;
167;9;1000;249750;0.25;False;64;numpy;False;False;0.14747789991088212;;;;;;;;
167;10;1000;249750;0.25;False;64;numpy;False;False;0.14820750011131167;;;;;;;;
168;1;1000;249750;0.25;False;64;numpy;True;True;0.17422799998894334;223.2;537.8;363.55234375;368.6328125;;;;
168;2;1000;249750;0.25;False;64;numpy;True;True;0.190177199896425;223.41;331.4;363.3859375;368.875;;;;
168;3;1000;249750;0.25;False;64;numpy;True;True;0.16772400005720556;241.1;547.0;363.209765625;368.28515625;;;;
168;4;1000;249750;0.25;False;64;numpy;True;True;0.1658220998942852;208.76000000000005;396.5;363.215625;368.6953125;;;;
168;5;1000;249750;0.25;False;64;numpy;True;True;0.16603520000353456;254.43000000000006;386.3;363.87578125;368.94921875;;;;
168;6;1000;249750;0.25;False;64;numpy;True;True;0.16379699995741248;191.53;479.4;363.5859375;368.6640625;;;;
168;7;1000;249750;0.25;False;64;numpy;True;True;0.16477590007707477;141.67000000000002;371.1;363.217578125;368.29296875;;;;
168;8;1000;249750;0.25;False;64;numpy;True;True;0.18270769994705915;185.42;369.3;363.593359375;368.66015625;;;;
168;9;1000;249750;0.25;False;64;numpy;True;True;0.16566370008513331;209.7;404.3;363.277734375;368.7578125;;;;
168;10;1000;249750;0.25;False;64;numpy;True;True;0.16503989999182522;187.97999999999996;364.4;363.66875;368.74609375;;;;
169;1;1000;249750;0.25;False;64;cupy;False;False;2.137147600064054;;;;;;;;
169;2;1000;249750;0.25;False;64;cupy;False;False;2.5364561998285353;;;;;;;;
169;3;1000;249750;0.25;False;64;cupy;False;False;2.0723359999246895;;;;;;;;
169;4;1000;249750;0.25;False;64;cupy;False;False;2.1482645000796765;;;;;;;;
169;5;1000;249750;0.25;False;64;cupy;False;False;2.0636400999501348;;;;;;;;
169;6;1000;249750;0.25;False;64;cupy;False;False;2.1160484000574797;;;;;;;;
169;7;1000;249750;0.25;False;64;cupy;False;False;3.0562557000666857;;;;;;;;
169;8;1000;249750;0.25;False;64;cupy;False;False;2.082648599985987;;;;;;;;
169;9;1000;249750;0.25;False;64;cupy;False;False;2.0789680001325905;;;;;;;;
169;10;1000;249750;0.25;False;64;cupy;False;False;2.092717899940908;;;;;;;;
170;1;1000;249750;0.25;False;64;cupy;True;True;2.1244957998860627;98.60000000000001;100.4;462.03671875;467.74609375;13.5;14;341.0546875;341.0546875
170;2;1000;249750;0.25;False;64;cupy;True;True;2.2237195998895913;97.42999999999999;104.9;462.335546875;467.984375;13.8;14;341.0546875;341.0546875
170;3;1000;249750;0.25;False;64;cupy;True;True;2.1196012999862432;97.89999999999999;101.4;462.266015625;467.99609375;12.2;14;341.0546875;341.0546875
170;4;1000;249750;0.25;False;64;cupy;True;True;2.1402346000541;98.78;105.7;462.11796875;467.76953125;12.7;14;341.0546875;341.0546875
170;5;1000;249750;0.25;False;64;cupy;True;True;2.1303489001002163;100.13000000000001;106.7;462.54296875;468.20703125;12.5;14;341.0546875;341.0546875
170;6;1000;249750;0.25;False;64;cupy;True;True;2.149108399869874;99.18000000000002;106.8;462.462890625;468.109375;13.0;14;341.0546875;341.0546875
170;7;1000;249750;0.25;False;64;cupy;True;True;2.1240753000602126;99.28;107.5;462.75;468.42578125;13.0;14;341.0546875;341.0546875
170;8;1000;249750;0.25;False;64;cupy;True;True;2.1195643001701683;100.4;102.4;462.85390625;468.46484375;14.0;14;341.0546875;341.0546875
170;9;1000;249750;0.25;False;64;cupy;True;True;2.129120099823922;100.01000000000002;106.9;462.4125;468.10546875;14.0;14;341.0546875;341.0546875
170;10;1000;249750;0.25;False;64;cupy;True;True;2.195859800092876;98.66000000000001;104.4;462.29296875;467.92578125;13.7;14;341.0546875;341.0546875
171;1;1000;249750;0.25;True;32;numpy;False;False;0.2190668999683112;;;;;;;;
171;2;1000;249750;0.25;True;32;numpy;False;False;0.2177547998726368;;;;;;;;
171;3;1000;249750;0.25;True;32;numpy;False;False;0.21385079994797707;;;;;;;;
171;4;1000;249750;0.25;True;32;numpy;False;False;0.2288245998788625;;;;;;;;
171;5;1000;249750;0.25;True;32;numpy;False;False;0.21479039988480508;;;;;;;;
171;6;1000;249750;0.25;True;32;numpy;False;False;0.22166549996472895;;;;;;;;
171;7;1000;249750;0.25;True;32;numpy;False;False;0.2202699000481516;;;;;;;;
171;8;1000;249750;0.25;True;32;numpy;False;False;0.22561349999159575;;;;;;;;
171;9;1000;249750;0.25;True;32;numpy;False;False;0.22373719979077578;;;;;;;;
171;10;1000;249750;0.25;True;32;numpy;False;False;0.22173519991338253;;;;;;;;
172;1;1000;249750;0.25;True;32;numpy;True;True;0.23370940005406737;100.5;138.6;358.221484375;363.296875;;;;
172;2;1000;249750;0.25;True;32;numpy;True;True;0.2340473998337984;100.34;135.4;357.88046875;362.953125;;;;
172;3;1000;249750;0.25;True;32;numpy;True;True;0.23484220006503165;99.75;134.1;358.404296875;363.87890625;;;;
172;4;1000;249750;0.25;True;32;numpy;True;True;0.23480469989590347;100.31;136.0;357.915625;362.99609375;;;;
172;5;1000;249750;0.25;True;32;numpy;True;True;0.23434079997241497;100.50000000000001;135.4;358.25;363.3203125;;;;
172;6;1000;249750;0.25;True;32;numpy;True;True;0.23949660011567175;91.79999999999998;135.8;358.394921875;363.87890625;;;;
172;7;1000;249750;0.25;True;32;numpy;True;True;0.234938699984923;100.17;135.3;358.82109375;364.3046875;;;;
172;8;1000;249750;0.25;True;32;numpy;True;True;0.23701529996469617;99.28999999999999;135.4;358.430859375;363.890625;;;;
172;9;1000;249750;0.25;True;32;numpy;True;True;0.2354407999664545;99.57000000000001;134.9;358.135546875;363.21484375;;;;
172;10;1000;249750;0.25;True;32;numpy;True;True;0.24129700008779764;103.81999999999998;134.9;358.79765625;364.2734375;;;;
173;1;1000;249750;0.25;True;32;cupy;False;False;2.1209999001584947;;;;;;;;
173;2;1000;249750;0.25;True;32;cupy;False;False;2.1247930999379605;;;;;;;;
173;3;1000;249750;0.25;True;32;cupy;False;False;2.3397386001888663;;;;;;;;
173;4;1000;249750;0.25;True;32;cupy;False;False;2.1178635000251234;;;;;;;;
173;5;1000;249750;0.25;True;32;cupy;False;False;2.201941099949181;;;;;;;;
173;6;1000;249750;0.25;True;32;cupy;False;False;2.1315796999260783;;;;;;;;
173;7;1000;249750;0.25;True;32;cupy;False;False;2.119389300001785;;;;;;;;
173;8;1000;249750;0.25;True;32;cupy;False;False;2.1056162000168115;;;;;;;;
173;9;1000;249750;0.25;True;32;cupy;False;False;2.1488452998455614;;;;;;;;
173;10;1000;249750;0.25;True;32;cupy;False;False;2.111780800158158;;;;;;;;
174;1;1000;249750;0.25;True;32;cupy;True;True;2.3316537998616695;95.00999999999999;102.8;521.155859375;526.73046875;10.1;12;331.0546875;331.0546875
174;2;1000;249750;0.25;True;32;cupy;True;True;2.2040997000876814;98.85;103.5;521.4734375;527.0546875;11.0;12;331.0546875;331.0546875
174;3;1000;249750;0.25;True;32;cupy;True;True;2.201965400017798;99.39000000000001;104.1;521.634375;527.3203125;11.1;12;331.0546875;331.0546875
174;4;1000;249750;0.25;True;32;cupy;True;True;2.182671699905768;100.17999999999998;103.8;520.801171875;526.390625;11.7;14;331.0546875;331.0546875
174;5;1000;249750;0.25;True;32;cupy;True;True;2.173925500130281;99.33;103.3;521.265625;526.91015625;11.2;12;331.0546875;331.0546875
174;6;1000;249750;0.25;True;32;cupy;True;True;2.1712354999035597;99.37999999999998;104.4;521.173046875;526.82421875;10.7;12;331.0546875;331.0546875
174;7;1000;249750;0.25;True;32;cupy;True;True;2.2136961999349296;98.63999999999999;104.1;521.28046875;526.90234375;10.2;12;331.0546875;331.0546875
174;8;1000;249750;0.25;True;32;cupy;True;True;2.1958512000273913;99.03999999999999;105.7;506.169921875;518.109375;11.3;12;331.0546875;331.0546875
174;9;1000;249750;0.25;True;32;cupy;True;True;2.1526512999553233;99.00999999999999;103.9;521.337890625;526.92578125;11.2;12;331.0546875;331.0546875
174;10;1000;249750;0.25;True;32;cupy;True;True;2.1945541000459343;99.11;103.0;521.040625;526.640625;11.4;12;331.0546875;331.0546875
175;1;1000;249750;0.25;True;64;numpy;False;False;0.2161830998957157;;;;;;;;
175;2;1000;249750;0.25;True;64;numpy;False;False;0.2098524000030011;;;;;;;;
175;3;1000;249750;0.25;True;64;numpy;False;False;0.21706470008939505;;;;;;;;
175;4;1000;249750;0.25;True;64;numpy;False;False;0.2121242000721395;;;;;;;;
175;5;1000;249750;0.25;True;64;numpy;False;False;0.21805569995194674;;;;;;;;
175;6;1000;249750;0.25;True;64;numpy;False;False;0.21543800015933812;;;;;;;;
175;7;1000;249750;0.25;True;64;numpy;False;False;0.21822269982658327;;;;;;;;
175;8;1000;249750;0.25;True;64;numpy;False;False;0.21511089988052845;;;;;;;;
175;9;1000;249750;0.25;True;64;numpy;False;False;0.21323519991710782;;;;;;;;
175;10;1000;249750;0.25;True;64;numpy;False;False;0.21654010005295277;;;;;;;;
176;1;1000;249750;0.25;True;64;numpy;True;True;0.23198080016300082;101.34;139.2;358.848828125;364.25;;;;
176;2;1000;249750;0.25;True;64;numpy;True;True;0.22854020004160702;96.05;141.4;359.125390625;364.51953125;;;;
176;3;1000;249750;0.25;True;64;numpy;True;True;0.2308975998312235;101.91000000000001;138.6;358.73203125;364.12890625;;;;
176;4;1000;249750;0.25;True;64;numpy;True;True;0.23248320003040135;101.34;136.7;358.92265625;364.32421875;;;;
176;5;1000;249750;0.25;True;64;numpy;True;True;0.23019509995356202;102.53;141.6;358.890625;364.28515625;;;;
176;6;1000;249750;0.25;True;64;numpy;True;True;0.23086060001514852;101.93999999999998;140.4;358.75234375;364.15625;;;;
176;7;1000;249750;0.25;True;64;numpy;True;True;0.2303402000106871;88.76000000000002;140.6;358.4984375;363.890625;;;;
176;8;1000;249750;0.25;True;64;numpy;True;True;0.23886790010146797;93.13;136.8;358.445703125;363.84375;;;;
176;9;1000;249750;0.25;True;64;numpy;True;True;0.23160469997674227;94.68;136.7;358.6125;364.01171875;;;;
176;10;1000;249750;0.25;True;64;numpy;True;True;0.2389917999971658;92.62;137.4;359.575390625;364.65234375;;;;
177;1;1000;249750;0.25;True;64;cupy;False;False;2.1189518000464886;;;;;;;;
177;2;1000;249750;0.25;True;64;cupy;False;False;2.1017471000086516;;;;;;;;
177;3;1000;249750;0.25;True;64;cupy;False;False;2.1389251998625696;;;;;;;;
177;4;1000;249750;0.25;True;64;cupy;False;False;2.1140614000614733;;;;;;;;
177;5;1000;249750;0.25;True;64;cupy;False;False;2.1536165000870824;;;;;;;;
177;6;1000;249750;0.25;True;64;cupy;False;False;2.118605100084096;;;;;;;;
177;7;1000;249750;0.25;True;64;cupy;False;False;2.1215468000154942;;;;;;;;
177;8;1000;249750;0.25;True;64;cupy;False;False;2.1112105001229793;;;;;;;;
177;9;1000;249750;0.25;True;64;cupy;False;False;2.1105921999551356;;;;;;;;
177;10;1000;249750;0.25;True;64;cupy;False;False;2.136418800102547;;;;;;;;
178;1;1000;249750;0.25;True;64;cupy;True;True;2.156120599946007;100.13999999999999;104.8;525.619140625;531.33984375;12.0;13;335.0546875;335.0546875
178;2;1000;249750;0.25;True;64;cupy;True;True;2.162151199998334;98.58999999999999;103.9;524.918359375;530.56640625;12.1;13;335.0546875;335.0546875
178;3;1000;249750;0.25;True;64;cupy;True;True;2.177149700000882;99.39;103.6;524.54453125;530.2578125;12.2;13;335.0546875;335.0546875
178;4;1000;249750;0.25;True;64;cupy;True;True;2.1596141001209617;99.47;104.0;525.71484375;531.36328125;11.7;13;335.0546875;335.0546875
178;5;1000;249750;0.25;True;64;cupy;True;True;2.1636773000936955;98.59;103.6;525.26171875;531.01171875;12.5;13;335.0546875;335.0546875
178;6;1000;249750;0.25;True;64;cupy;True;True;2.1591177999507636;100.0;104.7;525.96640625;531.62890625;12.6;13;335.0546875;335.0546875
178;7;1000;249750;0.25;True;64;cupy;True;True;2.1641605000477284;98.77;103.9;525.5015625;531.18359375;13.1;15;335.0546875;335.0546875
178;8;1000;249750;0.25;True;64;cupy;True;True;2.204526900080964;99.16999999999999;104.4;525.435546875;531.1171875;11.9;13;335.0546875;335.0546875
178;9;1000;249750;0.25;True;64;cupy;True;True;2.18698489991948;97.84;103.2;525.373828125;531.0625;11.5;13;335.0546875;335.0546875
178;10;1000;249750;0.25;True;64;cupy;True;True;2.180814300198108;99.42;103.5;525.52109375;531.22265625;12.2;14;335.0546875;335.0546875
179;1;1000;499500;0.5;False;32;numpy;False;False;0.1466220999136567;;;;;;;;
179;2;1000;499500;0.5;False;32;numpy;False;False;0.1776618999429047;;;;;;;;
179;3;1000;499500;0.5;False;32;numpy;False;False;0.14755739993415773;;;;;;;;
179;4;1000;499500;0.5;False;32;numpy;False;False;0.14625070011243224;;;;;;;;
179;5;1000;499500;0.5;False;32;numpy;False;False;0.14634990016929805;;;;;;;;
179;6;1000;499500;0.5;False;32;numpy;False;False;0.1452643999364227;;;;;;;;
179;7;1000;499500;0.5;False;32;numpy;False;False;0.14661369984969497;;;;;;;;
179;8;1000;499500;0.5;False;32;numpy;False;False;0.1462632000911981;;;;;;;;
179;9;1000;499500;0.5;False;32;numpy;False;False;0.1509939997922629;;;;;;;;
179;10;1000;499500;0.5;False;32;numpy;False;False;0.14931379980407655;;;;;;;;
180;1;1000;499500;0.5;False;32;numpy;True;True;0.17842340003699064;120.91;258.5;359.73984375;364.81640625;;;;
180;2;1000;499500;0.5;False;32;numpy;True;True;0.163312999997288;211.89000000000001;397.2;359.877734375;364.95703125;;;;
180;3;1000;499500;0.5;False;32;numpy;True;True;0.16498319990932941;199.16000000000003;385.0;359.839453125;364.9140625;;;;
180;4;1000;499500;0.5;False;32;numpy;True;True;0.17387200007215142;161.97999999999996;265.5;359.63828125;364.71875;;;;
180;5;1000;499500;0.5;False;32;numpy;True;True;0.16900549991987646;102.16999999999999;185.4;360.165234375;365.24609375;;;;
180;6;1000;499500;0.5;False;32;numpy;True;True;0.1852377001196146;156.35;286.4;360.3171875;365.39453125;;;;
180;7;1000;499500;0.5;False;32;numpy;True;True;0.16520679998211563;180.12000000000003;290.0;359.5453125;364.62890625;;;;
180;8;1000;499500;0.5;False;32;numpy;True;True;0.17151489993557334;138.17;273.1;359.67265625;364.76171875;;;;
180;9;1000;499500;0.5;False;32;numpy;True;True;0.17165899998508394;137.15000000000003;362.0;359.65390625;364.734375;;;;
180;10;1000;499500;0.5;False;32;numpy;True;True;0.1731481000315398;162.88;268.6;359.881640625;364.9609375;;;;
181;1;1000;499500;0.5;False;32;cupy;False;False;2.1305086999200284;;;;;;;;
181;2;1000;499500;0.5;False;32;cupy;False;False;2.113130999961868;;;;;;;;
181;3;1000;499500;0.5;False;32;cupy;False;False;2.141594900051132;;;;;;;;
181;4;1000;499500;0.5;False;32;cupy;False;False;2.140241099987179;;;;;;;;
181;5;1000;499500;0.5;False;32;cupy;False;False;2.103085499955341;;;;;;;;
181;6;1000;499500;0.5;False;32;cupy;False;False;2.1033594999462366;;;;;;;;
181;7;1000;499500;0.5;False;32;cupy;False;False;2.102948199957609;;;;;;;;
181;8;1000;499500;0.5;False;32;cupy;False;False;2.1190245000179857;;;;;;;;
181;9;1000;499500;0.5;False;32;cupy;False;False;2.1401527000125498;;;;;;;;
181;10;1000;499500;0.5;False;32;cupy;False;False;2.097599199973047;;;;;;;;
182;1;1000;499500;0.5;False;32;cupy;True;True;2.161563199944794;99.44999999999999;105.6;493.084765625;498.7890625;9.7;12;347.0546875;347.0546875
182;2;1000;499500;0.5;False;32;cupy;True;True;2.1965511001180857;98.3;106.6;492.8921875;498.48828125;10.6;12;347.0546875;347.0546875
182;3;1000;499500;0.5;False;32;cupy;True;True;2.2542248000390828;97.10999999999999;104.2;493.08828125;498.703125;10.4;12;347.0546875;347.0546875
182;4;1000;499500;0.5;False;32;cupy;True;True;2.29045410011895;94.92999999999999;104.4;492.883203125;498.48046875;10.5;12;347.0546875;347.0546875
182;5;1000;499500;0.5;False;32;cupy;True;True;2.1443775000516325;99.4;106.0;493.132421875;498.80078125;11.6;12;347.0546875;347.0546875
182;6;1000;499500;0.5;False;32;cupy;True;True;2.240950600011274;95.35999999999999;106.7;493.89765625;499.5625;10.5;12;347.0546875;347.0546875
182;7;1000;499500;0.5;False;32;cupy;True;True;2.2685164001304656;94.02000000000001;100.4;493.592578125;499.171875;11.3;12;347.0546875;347.0546875
182;8;1000;499500;0.5;False;32;cupy;True;True;2.1537939999252558;100.28;106.3;493.036328125;498.65234375;10.8;12;347.0546875;347.0546875
182;9;1000;499500;0.5;False;32;cupy;True;True;2.14191609993577;100.02000000000001;101.3;493.18125;498.84765625;10.8;12;347.0546875;347.0546875
182;10;1000;499500;0.5;False;32;cupy;True;True;2.161207600031048;99.64;106.3;493.044140625;498.6875;10.8;12;347.0546875;347.0546875
183;1;1000;499500;0.5;False;64;numpy;False;False;0.15644910000264645;;;;;;;;
183;2;1000;499500;0.5;False;64;numpy;False;False;0.1561473999172449;;;;;;;;
183;3;1000;499500;0.5;False;64;numpy;False;False;0.15636939997784793;;;;;;;;
183;4;1000;499500;0.5;False;64;numpy;False;False;0.15649119997397065;;;;;;;;
183;5;1000;499500;0.5;False;64;numpy;False;False;0.1554354999680072;;;;;;;;
183;6;1000;499500;0.5;False;64;numpy;False;False;0.15747739979997277;;;;;;;;
183;7;1000;499500;0.5;False;64;numpy;False;False;0.15873399982228875;;;;;;;;
183;8;1000;499500;0.5;False;64;numpy;False;False;0.16072809998877347;;;;;;;;
183;9;1000;499500;0.5;False;64;numpy;False;False;0.15454749995842576;;;;;;;;
183;10;1000;499500;0.5;False;64;numpy;False;False;0.14755319990217686;;;;;;;;
184;1;1000;499500;0.5;False;64;numpy;True;True;0.17728690011426806;249.38000000000002;438.7;363.365625;368.44140625;;;;
184;2;1000;499500;0.5;False;64;numpy;True;True;0.1775950000155717;237.76000000000005;435.0;363.369921875;368.44140625;;;;
184;3;1000;499500;0.5;False;64;numpy;True;True;0.1761568000074476;286.5;625.8;363.8234375;368.91015625;;;;
184;4;1000;499500;0.5;False;64;numpy;True;True;0.17651790007948875;186.82;364.0;363.598828125;368.6796875;;;;
184;5;1000;499500;0.5;False;64;numpy;True;True;0.1804288001731038;172.53;350.8;363.690625;368.7578125;;;;
184;6;1000;499500;0.5;False;64;numpy;True;True;0.1750485000666231;324.2299999999999;511.9;363.544140625;368.62109375;;;;
184;7;1000;499500;0.5;False;64;numpy;True;True;0.16790160001255572;212.86999999999998;466.7;363.835546875;368.91796875;;;;
184;8;1000;499500;0.5;False;64;numpy;True;True;0.17592990002594888;249.31;537.9;363.65234375;368.73828125;;;;
184;9;1000;499500;0.5;False;64;numpy;True;True;0.18812620011158288;239.65;510.3;363.796484375;368.87109375;;;;
184;10;1000;499500;0.5;False;64;numpy;True;True;0.19305150001309812;190.82;365.1;364.076953125;369.16015625;;;;
185;1;1000;499500;0.5;False;64;cupy;False;False;2.1370531998109072;;;;;;;;
185;2;1000;499500;0.5;False;64;cupy;False;False;2.19044389994815;;;;;;;;
185;3;1000;499500;0.5;False;64;cupy;False;False;2.135188600048423;;;;;;;;
185;4;1000;499500;0.5;False;64;cupy;False;False;2.1300498999189585;;;;;;;;
185;5;1000;499500;0.5;False;64;cupy;False;False;2.2346182998735458;;;;;;;;
185;6;1000;499500;0.5;False;64;cupy;False;False;2.184154300019145;;;;;;;;
185;7;1000;499500;0.5;False;64;cupy;False;False;2.1552611000370234;;;;;;;;
185;8;1000;499500;0.5;False;64;cupy;False;False;2.1631891999859363;;;;;;;;
185;9;1000;499500;0.5;False;64;cupy;False;False;2.214054600102827;;;;;;;;
185;10;1000;499500;0.5;False;64;cupy;False;False;2.1808826001361012;;;;;;;;
186;1;1000;499500;0.5;False;64;cupy;True;True;2.1902310999576002;98.8;105.3;462.784765625;468.35546875;12.5;14;355.0546875;355.0546875
186;2;1000;499500;0.5;False;64;cupy;True;True;2.197128500090912;98.9;105.4;462.259765625;467.8828125;13.0;14;355.0546875;355.0546875
186;3;1000;499500;0.5;False;64;cupy;True;True;2.1377105000428855;100.05;104.3;462.228515625;467.83984375;13.2;14;355.0546875;355.0546875
186;4;1000;499500;0.5;False;64;cupy;True;True;2.194480299949646;99.02999999999999;104.5;462.59296875;468.2890625;12.8;14;355.0546875;355.0546875
186;5;1000;499500;0.5;False;64;cupy;True;True;2.1769264999311417;99.00999999999999;105.5;462.741796875;468.3828125;13.7;14;355.0546875;355.0546875
186;6;1000;499500;0.5;False;64;cupy;True;True;2.1655343999154866;98.96000000000001;105.6;462.718359375;468.37890625;13.4;14;355.0546875;355.0546875
186;7;1000;499500;0.5;False;64;cupy;True;True;2.2048470000736415;99.32000000000001;104.3;462.551953125;468.1953125;13.2;14;355.0546875;355.0546875
186;8;1000;499500;0.5;False;64;cupy;True;True;2.202459800057113;100.3;104.8;462.273828125;467.90234375;12.6;14;355.0546875;355.0546875
186;9;1000;499500;0.5;False;64;cupy;True;True;2.215891399886459;100.17999999999998;104.4;462.346484375;468.01953125;12.4;14;355.0546875;355.0546875
186;10;1000;499500;0.5;False;64;cupy;True;True;2.1942185999359936;99.66999999999999;105.0;462.463671875;468.125;12.0;14;355.0546875;355.0546875
187;1;1000;499500;0.5;True;32;numpy;False;False;0.4077755000907928;;;;;;;;
187;2;1000;499500;0.5;True;32;numpy;False;False;0.41507310001179576;;;;;;;;
187;3;1000;499500;0.5;True;32;numpy;False;False;0.405417799949646;;;;;;;;
187;4;1000;499500;0.5;True;32;numpy;False;False;0.40625070012174547;;;;;;;;
187;5;1000;499500;0.5;True;32;numpy;False;False;0.40519659989513457;;;;;;;;
187;6;1000;499500;0.5;True;32;numpy;False;False;0.4313159000594169;;;;;;;;
187;7;1000;499500;0.5;True;32;numpy;False;False;0.41092010005377233;;;;;;;;
187;8;1000;499500;0.5;True;32;numpy;False;False;0.41332599986344576;;;;;;;;
187;9;1000;499500;0.5;True;32;numpy;False;False;0.4127409001812339;;;;;;;;
187;10;1000;499500;0.5;True;32;numpy;False;False;0.4046333997976035;;;;;;;;
188;1;1000;499500;0.5;True;32;numpy;True;True;0.43072859989479184;98.02999999999999;110.3;359.9859375;365.06640625;;;;
188;2;1000;499500;0.5;True;32;numpy;True;True;0.4347745000850409;100.76999999999998;110.1;360.0703125;365.15234375;;;;
188;3;1000;499500;0.5;True;32;numpy;True;True;0.4305493999272585;98.17999999999998;110.2;360.1125;365.1953125;;;;
188;4;1000;499500;0.5;True;32;numpy;True;True;0.43054010020568967;98.20999999999998;109.6;360.070703125;365.1484375;;;;
188;5;1000;499500;0.5;True;32;numpy;True;True;0.43020289996638894;101.94999999999999;111.8;360.412890625;365.484375;;;;
188;6;1000;499500;0.5;True;32;numpy;True;True;0.43326690001413226;97.57000000000001;109.8;360.38046875;365.4609375;;;;
188;7;1000;499500;0.5;True;32;numpy;True;True;0.43519879993982613;97.1;111.1;360.105859375;365.18359375;;;;
188;8;1000;499500;0.5;True;32;numpy;True;True;0.4287410001270473;98.65;110.9;360.1375;365.2109375;;;;
188;9;1000;499500;0.5;True;32;numpy;True;True;0.42831730004400015;98.6;110.7;360.285546875;365.36328125;;;;
188;10;1000;499500;0.5;True;32;numpy;True;True;0.4293396999128163;102.1;110.9;359.903125;364.984375;;;;
189;1;1000;499500;0.5;True;32;cupy;False;False;2.1340497999917716;;;;;;;;
189;2;1000;499500;0.5;True;32;cupy;False;False;2.1132173999212682;;;;;;;;
189;3;1000;499500;0.5;True;32;cupy;False;False;2.162100600078702;;;;;;;;
189;4;1000;499500;0.5;True;32;cupy;False;False;2.143309500068426;;;;;;;;
189;5;1000;499500;0.5;True;32;cupy;False;False;2.1787205999717116;;;;;;;;
189;6;1000;499500;0.5;True;32;cupy;False;False;2.1268470999784768;;;;;;;;
189;7;1000;499500;0.5;True;32;cupy;False;False;2.134677200112492;;;;;;;;
189;8;1000;499500;0.5;True;32;cupy;False;False;2.1485840999521315;;;;;;;;
189;9;1000;499500;0.5;True;32;cupy;False;False;2.15527640003711;;;;;;;;
189;10;1000;499500;0.5;True;32;cupy;False;False;2.1691157000605017;;;;;;;;
190;1;1000;499500;0.5;True;32;cupy;True;True;2.1815045999828726;99.1;104.0;521.401953125;526.98828125;12.2;13;357.0546875;357.0546875
190;2;1000;499500;0.5;True;32;cupy;True;True;2.190231499960646;99.99;103.4;521.29765625;526.9453125;11.1;12;357.0546875;357.0546875
190;3;1000;499500;0.5;True;32;cupy;True;True;2.19370250008069;99.78;103.0;520.998828125;526.63671875;11.1;12;357.0546875;357.0546875
190;4;1000;499500;0.5;True;32;cupy;True;True;2.1816456001251936;99.62000000000002;105.7;521.278515625;526.8984375;12.8;16;357.0546875;357.0546875
190;5;1000;499500;0.5;True;32;cupy;True;True;2.1632880000397563;99.05;103.3;521.66171875;527.34375;12.0;12;357.0546875;357.0546875
190;6;1000;499500;0.5;True;32;cupy;True;True;2.1739572000224143;99.37;105.6;521.57265625;527.203125;11.3;12;357.0546875;357.0546875
190;7;1000;499500;0.5;True;32;cupy;True;True;2.195522299967706;99.01;103.8;521.679296875;527.3671875;12.4;14;357.0546875;357.0546875
190;8;1000;499500;0.5;True;32;cupy;True;True;2.1814319998957217;99.73;103.2;521.290625;526.859375;12.0;12;357.0546875;357.0546875
190;9;1000;499500;0.5;True;32;cupy;True;True;2.197031500050798;98.68999999999998;103.5;521.505859375;527.1484375;11.5;12;357.0546875;357.0546875
190;10;1000;499500;0.5;True;32;cupy;True;True;2.254799700109288;99.66;101.3;521.7671875;527.38671875;11.9;12;357.0546875;357.0546875
191;1;1000;499500;0.5;True;64;numpy;False;False;0.4068789000157267;;;;;;;;
191;2;1000;499500;0.5;True;64;numpy;False;False;0.39897669991478324;;;;;;;;
191;3;1000;499500;0.5;True;64;numpy;False;False;0.39003709983080626;;;;;;;;
191;4;1000;499500;0.5;True;64;numpy;False;False;0.4199214999098331;;;;;;;;
191;5;1000;499500;0.5;True;64;numpy;False;False;0.3901438999455422;;;;;;;;
191;6;1000;499500;0.5;True;64;numpy;False;False;0.40401890012435615;;;;;;;;
191;7;1000;499500;0.5;True;64;numpy;False;False;0.39097659988328815;;;;;;;;
191;8;1000;499500;0.5;True;64;numpy;False;False;0.3999598000664264;;;;;;;;
191;9;1000;499500;0.5;True;64;numpy;False;False;0.3887646000366658;;;;;;;;
191;10;1000;499500;0.5;True;64;numpy;False;False;0.3924030000343919;;;;;;;;
192;1;1000;499500;0.5;True;64;numpy;True;True;0.422772099962458;100.03;114.6;362.12734375;367.20703125;;;;
192;2;1000;499500;0.5;True;64;numpy;True;True;0.42626840015873313;95.63;111.3;361.686328125;366.765625;;;;
192;3;1000;499500;0.5;True;64;numpy;True;True;0.4257980000693351;99.36999999999999;112.1;362.094140625;367.1640625;;;;
192;4;1000;499500;0.5;True;64;numpy;True;True;0.42322320002131164;96.1;111.4;361.946484375;367.015625;;;;
192;5;1000;499500;0.5;True;64;numpy;True;True;0.4268006000202149;95.34;114.2;362.219140625;367.29296875;;;;
192;6;1000;499500;0.5;True;64;numpy;True;True;0.42153170006349683;100.19999999999999;112.4;362.015234375;367.09375;;;;
192;7;1000;499500;0.5;True;64;numpy;True;True;0.4286436999682337;98.77000000000001;112.2;361.971875;367.046875;;;;
192;8;1000;499500;0.5;True;64;numpy;True;True;0.42455979995429516;99.52000000000001;112.0;362.02890625;367.109375;;;;
192;9;1000;499500;0.5;True;64;numpy;True;True;0.4207258999813348;100.57000000000001;113.5;362.118359375;367.1953125;;;;
192;10;1000;499500;0.5;True;64;numpy;True;True;0.4289743001572788;98.44;111.0;361.9078125;366.98046875;;;;
193;1;1000;499500;0.5;True;64;cupy;False;False;2.129745800048113;;;;;;;;
193;2;1000;499500;0.5;True;64;cupy;False;False;2.124339999863878;;;;;;;;
193;3;1000;499500;0.5;True;64;cupy;False;False;2.1187722999602556;;;;;;;;
193;4;1000;499500;0.5;True;64;cupy;False;False;2.125814399914816;;;;;;;;
193;5;1000;499500;0.5;True;64;cupy;False;False;2.1573465999681503;;;;;;;;
193;6;1000;499500;0.5;True;64;cupy;False;False;2.109457300044596;;;;;;;;
193;7;1000;499500;0.5;True;64;cupy;False;False;2.1356285999063402;;;;;;;;
193;8;1000;499500;0.5;True;64;cupy;False;False;2.150724000064656;;;;;;;;
193;9;1000;499500;0.5;True;64;cupy;False;False;2.149253800045699;;;;;;;;
193;10;1000;499500;0.5;True;64;cupy;False;False;2.1722562999930233;;;;;;;;
194;1;1000;499500;0.5;True;64;cupy;True;True;2.167226399993524;99.56;105.3;525.538671875;531.1796875;12.6;13;361.0546875;361.0546875
194;2;1000;499500;0.5;True;64;cupy;True;True;2.371608999790624;97.1;102.4;525.78359375;531.43359375;11.9;13;361.0546875;361.0546875
194;3;1000;499500;0.5;True;64;cupy;True;True;2.2528824999462813;98.02000000000001;104.2;525.23125;530.9140625;12.3;13;361.0546875;361.0546875
194;4;1000;499500;0.5;True;64;cupy;True;True;2.159434499917552;99.58000000000001;103.7;525.76015625;531.515625;13.0;13;361.0546875;361.0546875
194;5;1000;499500;0.5;True;64;cupy;True;True;2.152723099803552;98.41999999999999;104.2;525.575;531.26171875;13.2;14;361.0546875;361.0546875
194;6;1000;499500;0.5;True;64;cupy;True;True;2.1660166999790817;99.04;103.1;525.978515625;531.6171875;13.0;13;361.0546875;361.0546875
194;7;1000;499500;0.5;True;64;cupy;True;True;2.1690513000357896;99.05;103.9;525.471875;531.16796875;12.6;13;361.0546875;361.0546875
194;8;1000;499500;0.5;True;64;cupy;True;True;2.150641400134191;98.74;105.6;525.2484375;530.85546875;12.8;14;361.0546875;361.0546875
194;9;1000;499500;0.5;True;64;cupy;True;True;2.1595436001662165;99.85999999999999;103.8;525.524609375;531.20703125;12.6;13;361.0546875;361.0546875
194;10;1000;499500;0.5;True;64;cupy;True;True;2.2314830999821424;100.18;103.6;525.49140625;531.09375;12.4;15;361.0546875;361.0546875
195;1;1000;999000;1;False;32;numpy;False;False;0.14789819996804;;;;;;;;
195;2;1000;999000;1;False;32;numpy;False;False;0.1515275000128895;;;;;;;;
195;3;1000;999000;1;False;32;numpy;False;False;0.15678029996342957;;;;;;;;
195;4;1000;999000;1;False;32;numpy;False;False;0.14734879997558892;;;;;;;;
195;5;1000;999000;1;False;32;numpy;False;False;0.14750050008296967;;;;;;;;
195;6;1000;999000;1;False;32;numpy;False;False;0.14619710016995668;;;;;;;;
195;7;1000;999000;1;False;32;numpy;False;False;0.1451466002035886;;;;;;;;
195;8;1000;999000;1;False;32;numpy;False;False;0.14891429990530014;;;;;;;;
195;9;1000;999000;1;False;32;numpy;False;False;0.14732010010629892;;;;;;;;
195;10;1000;999000;1;False;32;numpy;False;False;0.1449257000349462;;;;;;;;
196;1;1000;999000;1;False;32;numpy;True;True;0.16333839995786548;201.15;385.3;359.684375;364.765625;;;;
196;2;1000;999000;1;False;32;numpy;True;True;0.17673820001073182;107.09;186.5;359.455078125;364.52734375;;;;
196;3;1000;999000;1;False;32;numpy;True;True;0.16497169993817806;142.79999999999998;285.9;359.77421875;364.84765625;;;;
196;4;1000;999000;1;False;32;numpy;True;True;0.16137919994071126;135.98999999999998;387.6;359.317578125;364.79296875;;;;
196;5;1000;999000;1;False;32;numpy;True;True;0.16569450008682907;151.52;369.2;359.498828125;364.578125;;;;
196;6;1000;999000;1;False;32;numpy;True;True;0.1645991001278162;180.28;290.9;359.740234375;364.81640625;;;;
196;7;1000;999000;1;False;32;numpy;True;True;0.16490299999713898;209.24;398.9;359.31015625;364.78515625;;;;
196;8;1000;999000;1;False;32;numpy;True;True;0.16244450001977384;153.66;381.1;359.430078125;364.91796875;;;;
196;9;1000;999000;1;False;32;numpy;True;True;0.16454769996926188;132.88;291.3;359.1046875;364.5703125;;;;
196;10;1000;999000;1;False;32;numpy;True;True;0.162094300147146;154.65000000000003;390.7;359.531640625;364.60546875;;;;
197;1;1000;999000;1;False;32;cupy;False;False;2.069209599867463;;;;;;;;
197;2;1000;999000;1;False;32;cupy;False;False;2.251458500046283;;;;;;;;
197;3;1000;999000;1;False;32;cupy;False;False;2.0767385999206454;;;;;;;;
197;4;1000;999000;1;False;32;cupy;False;False;2.1087554001715034;;;;;;;;
197;5;1000;999000;1;False;32;cupy;False;False;2.073834100039676;;;;;;;;
197;6;1000;999000;1;False;32;cupy;False;False;2.061372400028631;;;;;;;;
197;7;1000;999000;1;False;32;cupy;False;False;2.0764772999100387;;;;;;;;
197;8;1000;999000;1;False;32;cupy;False;False;2.1321533999871463;;;;;;;;
197;9;1000;999000;1;False;32;cupy;False;False;2.120217500021681;;;;;;;;
197;10;1000;999000;1;False;32;cupy;False;False;2.143420400097966;;;;;;;;
198;1;1000;999000;1;False;32;cupy;True;True;2.1310718001332134;99.34;103.6;493.333203125;498.94921875;11.2;12;367.0546875;367.0546875
198;2;1000;999000;1;False;32;cupy;True;True;2.116422099992633;99.71999999999998;106.3;493.193359375;498.79296875;10.8;12;367.0546875;367.0546875
198;3;1000;999000;1;False;32;cupy;True;True;2.1788887998554856;98.46;105.0;493.577734375;499.1875;10.8;12;367.0546875;367.0546875
198;4;1000;999000;1;False;32;cupy;True;True;2.1152009998913854;99.39999999999999;100.6;493.335546875;498.9375;11.4;12;367.0546875;367.0546875
198;5;1000;999000;1;False;32;cupy;True;True;2.143221199978143;99.51;106.9;493.123046875;498.7578125;10.8;12;367.0546875;367.0546875
198;6;1000;999000;1;False;32;cupy;True;True;2.1584630999714136;98.53;101.1;493.477734375;499.1015625;10.8;12;367.0546875;367.0546875
198;7;1000;999000;1;False;32;cupy;True;True;2.145093400031328;98.53;100.9;493.13828125;498.72265625;11.5;12;367.0546875;367.0546875
198;8;1000;999000;1;False;32;cupy;True;True;2.151215299963951;99.22;107.0;493.480078125;499.171875;12.0;12;367.0546875;367.0546875
198;9;1000;999000;1;False;32;cupy;True;True;2.1440685000270605;99.64999999999999;106.2;492.987109375;498.65625;11.8;12;367.0546875;367.0546875
198;10;1000;999000;1;False;32;cupy;True;True;2.126984399976209;98.77000000000001;102.4;493.101171875;498.7421875;11.5;12;367.0546875;367.0546875
199;1;1000;999000;1;False;64;numpy;False;False;0.15060819988138974;;;;;;;;
199;2;1000;999000;1;False;64;numpy;False;False;0.14640870015136898;;;;;;;;
199;3;1000;999000;1;False;64;numpy;False;False;0.14908609981648624;;;;;;;;
199;4;1000;999000;1;False;64;numpy;False;False;0.1475806999951601;;;;;;;;
199;5;1000;999000;1;False;64;numpy;False;False;0.14593820017762482;;;;;;;;
199;6;1000;999000;1;False;64;numpy;False;False;0.14659959985874593;;;;;;;;
199;7;1000;999000;1;False;64;numpy;False;False;0.1518291002139449;;;;;;;;
199;8;1000;999000;1;False;64;numpy;False;False;0.14680340001359582;;;;;;;;
199;9;1000;999000;1;False;64;numpy;False;False;0.14713999978266656;;;;;;;;
199;10;1000;999000;1;False;64;numpy;False;False;0.14729450014419854;;;;;;;;
200;1;1000;999000;1;False;64;numpy;True;True;0.19042199989780784;187.94;365.3;363.7953125;368.87109375;;;;
200;2;1000;999000;1;False;64;numpy;True;True;0.16682770010083914;328.52;463.8;363.2640625;368.74609375;;;;
200;3;1000;999000;1;False;64;numpy;True;True;0.17114350013434887;245.41;437.1;363.33515625;368.81640625;;;;
200;4;1000;999000;1;False;64;numpy;True;True;0.16818589996546507;186.48999999999998;478.3;362.9734375;368.46484375;;;;
200;5;1000;999000;1;False;64;numpy;True;True;0.16638569999486208;262.91;465.2;363.2578125;368.7265625;;;;
200;6;1000;999000;1;False;64;numpy;True;True;0.16565779992379248;227.51000000000005;470.8;363.34375;368.8203125;;;;
200;7;1000;999000;1;False;64;numpy;True;True;0.18364869989454746;243.21999999999997;385.7;363.061328125;368.5390625;;;;
200;8;1000;999000;1;False;64;numpy;True;True;0.1660027001053095;197.88999999999996;410.3;363.41796875;368.89453125;;;;
200;9;1000;999000;1;False;64;numpy;True;True;0.18964769993908703;120.97;233.1;363.041015625;368.515625;;;;
200;10;1000;999000;1;False;64;numpy;True;True;0.17009969986975193;213.41000000000003;377.8;363.323828125;368.796875;;;;
201;1;1000;999000;1;False;64;cupy;False;False;2.0896256999112666;;;;;;;;
201;2;1000;999000;1;False;64;cupy;False;False;2.07106150011532;;;;;;;;
201;3;1000;999000;1;False;64;cupy;False;False;2.1234749001450837;;;;;;;;
201;4;1000;999000;1;False;64;cupy;False;False;2.11452449997887;;;;;;;;
201;5;1000;999000;1;False;64;cupy;False;False;2.0750567000359297;;;;;;;;
201;6;1000;999000;1;False;64;cupy;False;False;2.1111453999765217;;;;;;;;
201;7;1000;999000;1;False;64;cupy;False;False;2.5587514999788254;;;;;;;;
201;8;1000;999000;1;False;64;cupy;False;False;2.062684099888429;;;;;;;;
201;9;1000;999000;1;False;64;cupy;False;False;2.0973612000234425;;;;;;;;
201;10;1000;999000;1;False;64;cupy;False;False;2.0455248998478055;;;;;;;;
202;1;1000;999000;1;False;64;cupy;True;True;2.130683699855581;99.47;106.2;462.3328125;467.98828125;11.9;14;383.0546875;383.0546875
202;2;1000;999000;1;False;64;cupy;True;True;2.2018768000416458;96.59;105.4;462.270703125;467.98046875;11.8;14;383.0546875;383.0546875
202;3;1000;999000;1;False;64;cupy;True;True;2.1763265000190586;99.94000000000001;102.4;462.31953125;467.9765625;12.6;14;383.0546875;383.0546875
202;4;1000;999000;1;False;64;cupy;True;True;2.166689900215715;98.7;103.0;462.52421875;468.17578125;13.0;14;383.0546875;383.0546875
202;5;1000;999000;1;False;64;cupy;True;True;2.1105553000234067;99.68999999999998;107.2;462.291796875;467.9609375;13.0;14;383.0546875;383.0546875
202;6;1000;999000;1;False;64;cupy;True;True;2.217295599868521;98.44;104.4;462.0671875;467.73828125;12.9;14;383.0546875;383.0546875
202;7;1000;999000;1;False;64;cupy;True;True;2.195151000050828;99.37000000000002;105.4;462.27421875;467.9296875;12.8;14;383.0546875;383.0546875
202;8;1000;999000;1;False;64;cupy;True;True;2.117694600019604;99.86;101.4;462.555078125;468.24609375;14.0;14;383.0546875;383.0546875
202;9;1000;999000;1;False;64;cupy;True;True;2.178743200143799;98.26;105.5;462.495703125;468.203125;13.5;15;383.0546875;383.0546875
202;10;1000;999000;1;False;64;cupy;True;True;2.329582499805838;96.73;100.9;462.0828125;467.7109375;10.2;14;383.0546875;383.0546875
203;1;1000;999000;1;True;32;numpy;False;False;0.786506500095129;;;;;;;;
203;2;1000;999000;1;True;32;numpy;False;False;0.771330000134185;;;;;;;;
203;3;1000;999000;1;True;32;numpy;False;False;0.777752700028941;;;;;;;;
203;4;1000;999000;1;True;32;numpy;False;False;0.780132899992168;;;;;;;;
203;5;1000;999000;1;True;32;numpy;False;False;0.7643573000095785;;;;;;;;
203;6;1000;999000;1;True;32;numpy;False;False;0.7795877999160439;;;;;;;;
203;7;1000;999000;1;True;32;numpy;False;False;0.7916796000208706;;;;;;;;
203;8;1000;999000;1;True;32;numpy;False;False;0.7718382000457495;;;;;;;;
203;9;1000;999000;1;True;32;numpy;False;False;0.7714046000037342;;;;;;;;
203;10;1000;999000;1;True;32;numpy;False;False;0.7775420998223126;;;;;;;;
204;1;1000;999000;1;True;32;numpy;True;True;0.8033036000560969;101.32;116.3;363.184375;368.66015625;;;;
204;2;1000;999000;1;True;32;numpy;True;True;0.8098413001280278;100.5;119.1;363.757421875;368.83203125;;;;
204;3;1000;999000;1;True;32;numpy;True;True;0.8201276999898255;99.16999999999999;114.3;362.80625;368.29296875;;;;
204;4;1000;999000;1;True;32;numpy;True;True;0.8120654998347163;96.39;99.3;363.408203125;368.48828125;;;;
204;5;1000;999000;1;True;32;numpy;True;True;0.8117968998849392;98.39000000000001;115.4;363.05078125;368.1328125;;;;
204;6;1000;999000;1;True;32;numpy;True;True;0.8164057000540197;99.63000000000001;114.5;363.33046875;368.41015625;;;;
204;7;1000;999000;1;True;32;numpy;True;True;0.8177961998153478;99.53;114.9;363.489453125;368.97265625;;;;
204;8;1000;999000;1;True;32;numpy;True;True;0.8127943999134004;100.19;115.3;363.076171875;368.546875;;;;
204;9;1000;999000;1;True;32;numpy;True;True;0.8148290000390261;99.9;116.0;363.308203125;368.78125;;;;
204;10;1000;999000;1;True;32;numpy;True;True;0.8060441000852734;99.1;114.6;363.78046875;368.85546875;;;;
205;1;1000;999000;1;True;32;cupy;False;False;2.109080399852246;;;;;;;;
205;2;1000;999000;1;True;32;cupy;False;False;2.106652099872008;;;;;;;;
205;3;1000;999000;1;True;32;cupy;False;False;2.1164047999773175;;;;;;;;
205;4;1000;999000;1;True;32;cupy;False;False;2.1015413000714034;;;;;;;;
205;5;1000;999000;1;True;32;cupy;False;False;2.12448939983733;;;;;;;;
205;6;1000;999000;1;True;32;cupy;False;False;2.091929699992761;;;;;;;;
205;7;1000;999000;1;True;32;cupy;False;False;2.130485099973157;;;;;;;;
205;8;1000;999000;1;True;32;cupy;False;False;2.0812109999824315;;;;;;;;
205;9;1000;999000;1;True;32;cupy;False;False;2.0891934998799115;;;;;;;;
205;10;1000;999000;1;True;32;cupy;False;False;2.124328500125557;;;;;;;;
206;1;1000;999000;1;True;32;cupy;True;True;2.1623225000221282;99.82000000000001;103.3;521.339453125;526.96484375;13.2;14;391.0546875;391.0546875
206;2;1000;999000;1;True;32;cupy;True;True;2.158983699977398;99.25999999999999;103.3;522.073828125;527.75;12.0;13;391.0546875;391.0546875
206;3;1000;999000;1;True;32;cupy;True;True;2.168700900161639;98.42;103.4;521.560546875;527.171875;13.2;14;391.0546875;391.0546875
206;4;1000;999000;1;True;32;cupy;True;True;2.1756726999301463;99.32;103.3;521.575390625;527.1484375;13.0;13;391.0546875;391.0546875
206;5;1000;999000;1;True;32;cupy;True;True;2.178691300097853;99.03;104.4;521.618359375;527.18359375;13.8;21;391.0546875;391.0546875
206;6;1000;999000;1;True;32;cupy;True;True;2.4583246000111103;93.82000000000002;103.2;521.41015625;527.01171875;12.0;14;391.0546875;391.0546875
206;7;1000;999000;1;True;32;cupy;True;True;2.1835288999136537;100.25999999999999;104.5;521.0109375;526.546875;14.5;28;391.0546875;391.0546875
206;8;1000;999000;1;True;32;cupy;True;True;2.190215199952945;99.97;103.6;520.980859375;526.5390625;11.8;13;391.0546875;391.0546875
206;9;1000;999000;1;True;32;cupy;True;True;2.141631599981338;98.91;104.5;521.6875;527.37890625;12.4;13;391.0546875;391.0546875
206;10;1000;999000;1;True;32;cupy;True;True;2.212969899876043;97.68;104.1;520.944921875;526.5859375;13.2;16;391.0546875;391.0546875
207;1;1000;999000;1;True;64;numpy;False;False;0.7617550999857485;;;;;;;;
207;2;1000;999000;1;True;64;numpy;False;False;0.7674270998686552;;;;;;;;
207;3;1000;999000;1;True;64;numpy;False;False;0.7923198000062257;;;;;;;;
207;4;1000;999000;1;True;64;numpy;False;False;0.7684875999111682;;;;;;;;
207;5;1000;999000;1;True;64;numpy;False;False;0.7620298999827355;;;;;;;;
207;6;1000;999000;1;True;64;numpy;False;False;0.8141312999650836;;;;;;;;
207;7;1000;999000;1;True;64;numpy;False;False;0.7776540999766439;;;;;;;;
207;8;1000;999000;1;True;64;numpy;False;False;0.796216499991715;;;;;;;;
207;9;1000;999000;1;True;64;numpy;False;False;0.8032857000362128;;;;;;;;
207;10;1000;999000;1;True;64;numpy;False;False;0.7749447000678629;;;;;;;;
208;1;1000;999000;1;True;64;numpy;True;True;0.8251906998921186;96.82000000000001;114.7;367.597265625;372.6796875;;;;
208;2;1000;999000;1;True;64;numpy;True;True;0.8322813000995666;97.74;110.9;367.4828125;372.56640625;;;;
208;3;1000;999000;1;True;64;numpy;True;True;0.8176122999284416;99.55999999999997;117.3;367.31328125;372.80078125;;;;
208;4;1000;999000;1;True;64;numpy;True;True;0.8319524999242276;101.58000000000001;114.2;367.602734375;373.07421875;;;;
208;5;1000;999000;1;True;64;numpy;True;True;0.8268508999608457;100.33;115.0;367.196875;372.671875;;;;
208;6;1000;999000;1;True;64;numpy;True;True;0.8263211001176387;98.49000000000001;115.1;367.245703125;372.32421875;;;;
208;7;1000;999000;1;True;64;numpy;True;True;0.8207489000633359;99.17;115.2;367.112109375;372.57421875;;;;
208;8;1000;999000;1;True;64;numpy;True;True;0.8195555999409407;101.21000000000001;117.4;367.20078125;372.67578125;;;;
208;9;1000;999000;1;True;64;numpy;True;True;0.8205378998536617;99.12000000000002;113.1;367.15234375;372.6328125;;;;
208;10;1000;999000;1;True;64;numpy;True;True;0.8147535000462085;99.91999999999999;117.5;366.837890625;372.3125;;;;
209;1;1000;999000;1;True;64;cupy;False;False;2.104342799866572;;;;;;;;
209;2;1000;999000;1;True;64;cupy;False;False;2.087618799880147;;;;;;;;
209;3;1000;999000;1;True;64;cupy;False;False;2.0997979000676423;;;;;;;;
209;4;1000;999000;1;True;64;cupy;False;False;2.104651300003752;;;;;;;;
209;5;1000;999000;1;True;64;cupy;False;False;2.095903999870643;;;;;;;;
209;6;1000;999000;1;True;64;cupy;False;False;2.091014799894765;;;;;;;;
209;7;1000;999000;1;True;64;cupy;False;False;2.1205393001437187;;;;;;;;
209;8;1000;999000;1;True;64;cupy;False;False;2.148841300047934;;;;;;;;
209;9;1000;999000;1;True;64;cupy;False;False;2.103470499860123;;;;;;;;
209;10;1000;999000;1;True;64;cupy;False;False;2.139976999955252;;;;;;;;
210;1;1000;999000;1;True;64;cupy;True;True;2.346458800137043;94.22;103.6;525.419921875;531.125;14.4;15;403.0546875;403.0546875
210;2;1000;999000;1;True;64;cupy;True;True;2.389030900085345;92.36;107.1;525.6546875;531.33984375;13.2;15;403.0546875;403.0546875
210;3;1000;999000;1;True;64;cupy;True;True;2.201764800120145;98.28;102.8;525.4765625;531.16796875;14.9;15;403.0546875;403.0546875
210;4;1000;999000;1;True;64;cupy;True;True;2.2452106999699026;95.85999999999999;103.4;525.337109375;530.9453125;14.8;15;403.0546875;403.0546875
210;5;1000;999000;1;True;64;cupy;True;True;2.2003727999981493;96.54;104.0;524.55625;530.18359375;14.0;15;403.0546875;403.0546875
210;6;1000;999000;1;True;64;cupy;True;True;2.1827114999759942;98.53;102.9;525.528515625;531.265625;14.0;15;403.0546875;403.0546875
210;7;1000;999000;1;True;64;cupy;True;True;2.324140900047496;97.64;103.5;525.524609375;531.25390625;12.8;15;403.0546875;403.0546875
210;8;1000;999000;1;True;64;cupy;True;True;2.235358899924904;99.03999999999999;103.3;524.925;530.609375;15.1;23;403.0546875;403.0546875
210;9;1000;999000;1;True;64;cupy;True;True;2.277808199869469;97.9;103.4;525.316796875;531.03515625;14.0;15;403.0546875;403.0546875
210;10;1000;999000;1;True;64;cupy;True;True;2.186411299975589;100.22999999999999;103.6;525.937890625;531.58203125;14.6;15;403.0546875;403.0546875
211;1;10000;0;0;False;32;numpy;False;False;15.430747000034899;;;;;;;;
211;2;10000;0;0;False;32;numpy;False;False;15.534321600105613;;;;;;;;
211;3;10000;0;0;False;32;numpy;False;False;15.372580600203946;;;;;;;;
211;4;10000;0;0;False;32;numpy;False;False;15.39578179991804;;;;;;;;
211;5;10000;0;0;False;32;numpy;False;False;15.403550100047141;;;;;;;;
211;6;10000;0;0;False;32;numpy;False;False;15.438316399930045;;;;;;;;
211;7;10000;0;0;False;32;numpy;False;False;15.380898100091144;;;;;;;;
211;8;10000;0;0;False;32;numpy;False;False;15.408699500141665;;;;;;;;
211;9;10000;0;0;False;32;numpy;False;False;15.419515399960801;;;;;;;;
211;10;10000;0;0;False;32;numpy;False;False;15.331301299855113;;;;;;;;
212;1;10000;0;0;False;32;numpy;True;True;15.611043599899858;1122.53;1372.2;867.7109375;923.4296875;;;;
212;2;10000;0;0;False;32;numpy;True;True;15.60165369999595;1205.5700000000002;1346.8;867.1265625;922.859375;;;;
212;3;10000;0;0;False;32;numpy;True;True;15.597358300117776;1137.96;1397.2;867.286328125;923.015625;;;;
212;4;10000;0;0;False;32;numpy;True;True;15.585773800034076;1173.03;1447.8;867.836328125;923.5703125;;;;
212;5;10000;0;0;False;32;numpy;True;True;15.609176500001922;1217.18;1406.1;867.21484375;922.90625;;;;
212;6;10000;0;0;False;32;numpy;True;True;15.59826170001179;1219.7500000000002;1403.8;867.424609375;923.15625;;;;
212;7;10000;0;0;False;32;numpy;True;True;15.641996999969706;1082.31;1412.6;867.523828125;923.2734375;;;;
212;8;10000;0;0;False;32;numpy;True;True;15.583288500085473;1194.81;1418.4;867.605078125;923.328125;;;;
212;9;10000;0;0;False;32;numpy;True;True;15.588743699947372;1226.19;1416.7;867.491796875;923.19921875;;;;
212;10;10000;0;0;False;32;numpy;True;True;15.62200430012308;1109.96;1354.9;867.357421875;923.08203125;;;;
213;1;10000;0;0;False;32;cupy;False;False;3.7971471999771893;;;;;;;;
213;2;10000;0;0;False;32;cupy;False;False;3.7753256999421865;;;;;;;;
213;3;10000;0;0;False;32;cupy;False;False;4.336927700089291;;;;;;;;
213;4;10000;0;0;False;32;cupy;False;False;3.8151916000060737;;;;;;;;
213;5;10000;0;0;False;32;cupy;False;False;3.7918576998636127;;;;;;;;
213;6;10000;0;0;False;32;cupy;False;False;3.9538189999293536;;;;;;;;
213;7;10000;0;0;False;32;cupy;False;False;3.7906814999878407;;;;;;;;
213;8;10000;0;0;False;32;cupy;False;False;3.7814513000193983;;;;;;;;
213;9;10000;0;0;False;32;cupy;False;False;3.8212700998410583;;;;;;;;
213;10;10000;0;0;False;32;cupy;False;False;3.8000526998657733;;;;;;;;
214;1;10000;0;0;False;32;cupy;True;True;3.8558335001580417;98.79;102.2;670.162890625;726.0390625;60.6;63;979.0546875;979.0546875
214;2;10000;0;0;False;32;cupy;True;True;3.866403700085357;98.66000000000001;103.2;669.9296875;725.78125;62.6;64;979.0546875;979.0546875
214;3;10000;0;0;False;32;cupy;True;True;3.8358892002142966;99.97;101.1;670.411328125;726.27734375;62.3;63;979.0546875;979.0546875
214;4;10000;0;0;False;32;cupy;True;True;3.877788099925965;98.95;100.2;670.276953125;726.19140625;57.9;64;979.0546875;979.0546875
214;5;10000;0;0;False;32;cupy;True;True;3.883222999982536;99.96000000000001;101.8;669.96796875;725.87109375;58.1;63;979.0546875;979.0546875
214;6;10000;0;0;False;32;cupy;True;True;3.859922799980268;99.49;102.5;670.0734375;725.921875;58.5;64;979.0546875;979.0546875
214;7;10000;0;0;False;32;cupy;True;True;3.836777500109747;100.0;101.2;670.24375;726.08984375;57.5;63;979.0546875;979.0546875
214;8;10000;0;0;False;32;cupy;True;True;3.906118500046432;100.11;101.7;667.81484375;713.390625;56.6;63;979.0546875;979.0546875
214;9;10000;0;0;False;32;cupy;True;True;3.861213699914515;99.80999999999999;102.8;670.10234375;725.98046875;57.0;63;979.0546875;979.0546875
214;10;10000;0;0;False;32;cupy;True;True;3.850161600159481;99.91999999999999;100.9;670.1984375;726.078125;57.7;64;979.0546875;979.0546875
215;1;10000;0;0;False;64;numpy;False;False;30.446288000093773;;;;;;;;
215;2;10000;0;0;False;64;numpy;False;False;30.31753780017607;;;;;;;;
215;3;10000;0;0;False;64;numpy;False;False;30.110547099960968;;;;;;;;
215;4;10000;0;0;False;64;numpy;False;False;30.274716399842873;;;;;;;;
215;5;10000;0;0;False;64;numpy;False;False;30.331285700201988;;;;;;;;
215;6;10000;0;0;False;64;numpy;False;False;30.35215049982071;;;;;;;;
215;7;10000;0;0;False;64;numpy;False;False;30.351310499943793;;;;;;;;
215;8;10000;0;0;False;64;numpy;False;False;30.27158880000934;;;;;;;;
215;9;10000;0;0;False;64;numpy;False;False;30.32793869986199;;;;;;;;
215;10;10000;0;0;False;64;numpy;False;False;30.346213300013915;;;;;;;;
216;1;10000;0;0;False;64;numpy;True;True;30.645034099929035;1141.2300000000002;1222.2;1249.5484375;1305.28125;;;;
216;2;10000;0;0;False;64;numpy;True;True;30.599078399827704;1213.6200000000001;1257.4;1249.1;1304.80859375;;;;
216;3;10000;0;0;False;64;numpy;True;True;30.588456300087273;1192.01;1267.5;1249.53671875;1305.25;;;;
216;4;10000;0;0;False;64;numpy;True;True;30.595744100166485;1181.5;1317.1;1249.456640625;1305.16015625;;;;
216;5;10000;0;0;False;64;numpy;True;True;30.618886900134385;1223.7899999999997;1267.8;1249.5453125;1305.2421875;;;;
216;6;10000;0;0;False;64;numpy;True;True;30.590921000111848;1215.7799999999997;1291.0;1249.624609375;1305.37109375;;;;
216;7;10000;0;0;False;64;numpy;True;True;30.559956700075418;1227.4;1282.6;1249.27890625;1305.0;;;;
216;8;10000;0;0;False;64;numpy;True;True;30.651764000067487;1192.16;1262.5;1249.5296875;1305.21484375;;;;
216;9;10000;0;0;False;64;numpy;True;True;30.652174799935892;1196.8399999999997;1279.4;1249.369921875;1305.109375;;;;
216;10;10000;0;0;False;64;numpy;True;True;30.617994299856946;1174.41;1280.0;1249.511328125;1305.25390625;;;;
217;1;10000;0;0;False;64;cupy;False;False;6.006762200035155;;;;;;;;
217;2;10000;0;0;False;64;cupy;False;False;5.988442000001669;;;;;;;;
217;3;10000;0;0;False;64;cupy;False;False;6.007732599973679;;;;;;;;
217;4;10000;0;0;False;64;cupy;False;False;5.999382900074124;;;;;;;;
217;5;10000;0;0;False;64;cupy;False;False;6.009928399929777;;;;;;;;
217;6;10000;0;0;False;64;cupy;False;False;6.03462229995057;;;;;;;;
217;7;10000;0;0;False;64;cupy;False;False;6.029218599898741;;;;;;;;
217;8;10000;0;0;False;64;cupy;False;False;6.050726499874145;;;;;;;;
217;9;10000;0;0;False;64;cupy;False;False;6.002908000024036;;;;;;;;
217;10;10000;0;0;False;64;cupy;False;False;6.004433800000697;;;;;;;;
218;1;10000;0;0;False;64;cupy;True;True;6.092750399839133;99.25000000000001;101.9;698.873828125;754.78515625;74.0;76;1361.0546875;1361.0546875
218;2;10000;0;0;False;64;cupy;True;True;6.07908200006932;99.69999999999999;102.3;698.776953125;754.6640625;75.5;77;1361.0546875;1361.0546875
218;3;10000;0;0;False;64;cupy;True;True;6.0916621999349445;99.11999999999999;101.8;698.793359375;754.62890625;75.6;77;1361.0546875;1361.0546875
218;4;10000;0;0;False;64;cupy;True;True;6.101958999875933;99.66;101.6;698.821875;754.69140625;74.0;77;1361.0546875;1361.0546875
218;5;10000;0;0;False;64;cupy;True;True;6.098268799949437;99.38000000000001;101.3;698.746484375;754.5859375;75.7;77;1361.0546875;1361.0546875
218;6;10000;0;0;False;64;cupy;True;True;6.1026161999907345;99.34;101.6;698.834375;754.73828125;74.7;77;1361.0546875;1361.0546875
218;7;10000;0;0;False;64;cupy;True;True;6.120720899896696;99.88;101.9;698.853125;754.78125;74.4;76;1361.0546875;1361.0546875
218;8;10000;0;0;False;64;cupy;True;True;6.1036706999875605;99.19;101.8;698.691796875;754.61328125;74.9;77;1361.0546875;1361.0546875
218;9;10000;0;0;False;64;cupy;True;True;6.1024929999839514;99.17;102.2;698.484765625;754.375;70.1;77;1361.0546875;1361.0546875
218;10;10000;0;0;False;64;cupy;True;True;6.092877299990505;99.25000000000001;101.0;699.075390625;754.98046875;74.9;76;1361.0546875;1361.0546875
219;1;10000;0;0;True;32;numpy;False;False;0.14897090010344982;;;;;;;;
219;2;10000;0;0;True;32;numpy;False;False;0.15212179999798536;;;;;;;;
219;3;10000;0;0;True;32;numpy;False;False;0.1542694999370724;;;;;;;;
219;4;10000;0;0;True;32;numpy;False;False;0.15162210003472865;;;;;;;;
219;5;10000;0;0;True;32;numpy;False;False;0.14757380005903542;;;;;;;;
219;6;10000;0;0;True;32;numpy;False;False;0.14973919978365302;;;;;;;;
219;7;10000;0;0;True;32;numpy;False;False;0.14498619991354644;;;;;;;;
219;8;10000;0;0;True;32;numpy;False;False;0.1494364000391215;;;;;;;;
219;9;10000;0;0;True;32;numpy;False;False;0.14852319983765483;;;;;;;;
219;10;10000;0;0;True;32;numpy;False;False;0.14626600011251867;;;;;;;;
220;1;10000;0;0;True;32;numpy;True;True;0.1674732998944819;93.64000000000001;95.1;486.085546875;541.83203125;;;;
220;2;10000;0;0;True;32;numpy;True;True;0.16444439999759197;95.39000000000001;97.7;486.14375;541.8515625;;;;
220;3;10000;0;0;True;32;numpy;True;True;0.163876699982211;105.22999999999999;190.2;485.896484375;541.60546875;;;;
220;4;10000;0;0;True;32;numpy;True;True;0.17134499992243946;99.82;149.2;485.632421875;541.36328125;;;;
220;5;10000;0;0;True;32;numpy;True;True;0.16369220009073615;105.45;190.9;485.777734375;541.51953125;;;;
220;6;10000;0;0;True;32;numpy;True;True;0.16371849994175136;105.45;190.2;486.078515625;541.828125;;;;
220;7;10000;0;0;True;32;numpy;True;True;0.16550060012377799;94.78999999999999;99.3;485.953515625;541.68359375;;;;
220;8;10000;0;0;True;32;numpy;True;True;0.16521380003541708;85.05;102.0;485.933203125;541.6640625;;;;
220;9;10000;0;0;True;32;numpy;True;True;0.16692870017141104;103.45;187.3;486.0359375;541.75;;;;
220;10;10000;0;0;True;32;numpy;True;True;0.16635049995966256;94.41;102.8;485.9078125;541.640625;;;;
221;1;10000;0;0;True;32;cupy;False;False;2.1512429998256266;;;;;;;;
221;2;10000;0;0;True;32;cupy;False;False;2.133125000167638;;;;;;;;
221;3;10000;0;0;True;32;cupy;False;False;2.116917100036517;;;;;;;;
221;4;10000;0;0;True;32;cupy;False;False;2.1445287000387907;;;;;;;;
221;5;10000;0;0;True;32;cupy;False;False;2.1737593999132514;;;;;;;;
221;6;10000;0;0;True;32;cupy;False;False;2.1426394002046436;;;;;;;;
221;7;10000;0;0;True;32;cupy;False;False;2.3318084999918938;;;;;;;;
221;8;10000;0;0;True;32;cupy;False;False;2.1018848998937756;;;;;;;;
221;9;10000;0;0;True;32;cupy;False;False;2.1175561998970807;;;;;;;;
221;10;10000;0;0;True;32;cupy;False;False;2.1054338000249118;;;;;;;;
222;1;10000;0;0;True;32;cupy;True;True;2.1487860998604447;98.60999999999999;104.8;592.06171875;647.9453125;11.4;13;353.0546875;353.0546875
222;2;10000;0;0;True;32;cupy;True;True;2.1428910999093205;100.28;106.4;591.9234375;647.7734375;11.7;13;353.0546875;353.0546875
222;3;10000;0;0;True;32;cupy;True;True;2.1623300998471677;99.85;104.7;591.318359375;647.203125;13.1;15;353.0546875;353.0546875
222;4;10000;0;0;True;32;cupy;True;True;2.152324999915436;99.58999999999999;104.6;591.59921875;647.55078125;10.9;13;353.0546875;353.0546875
222;5;10000;0;0;True;32;cupy;True;True;2.1654272999148816;99.93;105.6;591.9015625;647.80078125;12.2;13;353.0546875;353.0546875
222;6;10000;0;0;True;32;cupy;True;True;2.1343424001242965;98.74000000000001;106.2;591.665625;647.5078125;12.9;14;353.0546875;353.0546875
222;7;10000;0;0;True;32;cupy;True;True;2.1368074000347406;99.17;105.5;591.9765625;647.859375;11.3;13;353.0546875;353.0546875
222;8;10000;0;0;True;32;cupy;True;True;2.172364699887112;99.6;104.6;592.047265625;647.90234375;10.6;13;353.0546875;353.0546875
222;9;10000;0;0;True;32;cupy;True;True;2.1473937002010643;97.67999999999999;105.3;592.05;647.92578125;11.7;14;353.0546875;353.0546875
222;10;10000;0;0;True;32;cupy;True;True;2.156156500102952;97.63999999999999;105.4;591.79609375;647.65234375;10.6;13;353.0546875;353.0546875
223;1;10000;0;0;True;64;numpy;False;False;0.13849339983426034;;;;;;;;
223;2;10000;0;0;True;64;numpy;False;False;0.1401597000658512;;;;;;;;
223;3;10000;0;0;True;64;numpy;False;False;0.14597039995715022;;;;;;;;
223;4;10000;0;0;True;64;numpy;False;False;0.13963730004616082;;;;;;;;
223;5;10000;0;0;True;64;numpy;False;False;0.13918810011819005;;;;;;;;
223;6;10000;0;0;True;64;numpy;False;False;0.14121889998205006;;;;;;;;
223;7;10000;0;0;True;64;numpy;False;False;0.13807399990037084;;;;;;;;
223;8;10000;0;0;True;64;numpy;False;False;0.14147759997285903;;;;;;;;
223;9;10000;0;0;True;64;numpy;False;False;0.14067790005356073;;;;;;;;
223;10;10000;0;0;True;64;numpy;False;False;0.14077970013022423;;;;;;;;
224;1;10000;0;0;True;64;numpy;True;True;0.1535370999481529;102.17;105.3;486.262890625;542.0078125;;;;
224;2;10000;0;0;True;64;numpy;True;True;0.1609743998851627;97.49000000000001;100.2;486.012890625;541.75;;;;
224;3;10000;0;0;True;64;numpy;True;True;0.15687449998222291;100.10999999999999;104.7;486.1921875;541.90625;;;;
224;4;10000;0;0;True;64;numpy;True;True;0.15450869989581406;91.17;199.5;486.659765625;542.40625;;;;
224;5;10000;0;0;True;64;numpy;True;True;0.16722479998134077;94.15;188.7;486.403515625;542.12109375;;;;
224;6;10000;0;0;True;64;numpy;True;True;0.1565990000963211;100.24;106.0;486.53515625;542.2734375;;;;
224;7;10000;0;0;True;64;numpy;True;True;0.15436429996043444;91.88;104.1;486.30859375;542.046875;;;;
224;8;10000;0;0;True;64;numpy;True;True;0.15781669993884861;99.55000000000001;108.9;486.440625;542.14453125;;;;
224;9;10000;0;0;True;64;numpy;True;True;0.15456130006350577;79.93;193.6;486.298828125;542.02734375;;;;
224;10;10000;0;0;True;64;numpy;True;True;0.15715750004164875;99.81000000000002;104.0;486.465625;542.17578125;;;;
225;1;10000;0;0;True;64;cupy;False;False;2.149379099952057;;;;;;;;
225;2;10000;0;0;True;64;cupy;False;False;2.1743979998864233;;;;;;;;
225;3;10000;0;0;True;64;cupy;False;False;2.1417296999134123;;;;;;;;
225;4;10000;0;0;True;64;cupy;False;False;2.155538700055331;;;;;;;;
225;5;10000;0;0;True;64;cupy;False;False;2.191304099978879;;;;;;;;
225;6;10000;0;0;True;64;cupy;False;False;2.1336499000899494;;;;;;;;
225;7;10000;0;0;True;64;cupy;False;False;2.1591380999889225;;;;;;;;
225;8;10000;0;0;True;64;cupy;False;False;2.115035400027409;;;;;;;;
225;9;10000;0;0;True;64;cupy;False;False;2.135758399963379;;;;;;;;
225;10;10000;0;0;True;64;cupy;False;False;2.15777080017142;;;;;;;;
226;1;10000;0;0;True;64;cupy;True;True;2.1709829000756145;99.24999999999999;104.4;655.996484375;711.8515625;12.5;15;405.0546875;405.0546875
226;2;10000;0;0;True;64;cupy;True;True;2.1896602001506835;98.42999999999999;103.7;655.969921875;711.85546875;14.8;23;405.0546875;405.0546875
226;3;10000;0;0;True;64;cupy;True;True;2.184071100084111;99.55;104.0;655.783984375;711.703125;12.3;15;405.0546875;405.0546875
226;4;10000;0;0;True;64;cupy;True;True;2.1626269998960197;99.27000000000001;104.4;655.488671875;711.359375;12.3;15;405.0546875;405.0546875
226;5;10000;0;0;True;64;cupy;True;True;2.2229124000295997;99.52999999999999;103.3;656.15625;712.015625;14.0;15;405.0546875;405.0546875
226;6;10000;0;0;True;64;cupy;True;True;2.1878511998802423;99.6;102.9;656.05546875;711.9140625;12.2;15;405.0546875;405.0546875
226;7;10000;0;0;True;64;cupy;True;True;2.1828725000377744;99.11;103.6;655.918359375;711.77734375;15.2;19;405.0546875;405.0546875
226;8;10000;0;0;True;64;cupy;True;True;2.209674400044605;99.78;103.3;656.0109375;711.9140625;13.1;15;405.0546875;405.0546875
226;9;10000;0;0;True;64;cupy;True;True;2.17526280018501;99.14000000000001;103.7;656.187890625;712.109375;13.5;15;405.0546875;405.0546875
226;10;10000;0;0;True;64;cupy;True;True;2.173783899983391;98.20000000000002;104.2;656.2484375;712.14453125;10.8;14;405.0546875;405.0546875
227;1;10000;9999000;0.1;False;32;numpy;False;False;15.42976660002023;;;;;;;;
227;2;10000;9999000;0.1;False;32;numpy;False;False;15.541788699803874;;;;;;;;
227;3;10000;9999000;0.1;False;32;numpy;False;False;15.362884399946779;;;;;;;;
227;4;10000;9999000;0.1;False;32;numpy;False;False;15.345861899899319;;;;;;;;
227;5;10000;9999000;0.1;False;32;numpy;False;False;15.3126215999946;;;;;;;;
227;6;10000;9999000;0.1;False;32;numpy;False;False;15.367177000036463;;;;;;;;
227;7;10000;9999000;0.1;False;32;numpy;False;False;15.348106099991128;;;;;;;;
227;8;10000;9999000;0.1;False;32;numpy;False;False;15.355998600134626;;;;;;;;
227;9;10000;9999000;0.1;False;32;numpy;False;False;15.376066000200808;;;;;;;;
227;10;10000;9999000;0.1;False;32;numpy;False;False;15.340961099835113;;;;;;;;
228;1;10000;9999000;0.1;False;32;numpy;True;True;15.62400360009633;1002.8299999999999;1366.3;867.626953125;923.375;;;;
228;2;10000;9999000;0.1;False;32;numpy;True;True;15.571787900058553;1209.0;1361.8;867.669921875;923.4296875;;;;
228;3;10000;9999000;0.1;False;32;numpy;True;True;15.555725999874994;1170.33;1325.0;867.55859375;923.3125;;;;
228;4;10000;9999000;0.1;False;32;numpy;True;True;15.588433499913663;1208.1000000000001;1352.8;867.855859375;923.61328125;;;;
228;5;10000;9999000;0.1;False;32;numpy;True;True;15.56560069997795;1132.1;1348.2;867.81953125;923.58203125;;;;
228;6;10000;9999000;0.1;False;32;numpy;True;True;15.570875399978831;1171.12;1349.6;868.179296875;923.91796875;;;;
228;7;10000;9999000;0.1;False;32;numpy;True;True;15.617047999985516;1116.03;1378.8;867.595703125;923.36328125;;;;
228;8;10000;9999000;0.1;False;32;numpy;True;True;15.548863800009713;1144.01;1284.6;867.531640625;923.29296875;;;;
228;9;10000;9999000;0.1;False;32;numpy;True;True;15.771513700019568;1046.9299999999998;1244.6;867.71796875;923.47265625;;;;
228;10;10000;9999000;0.1;False;32;numpy;True;True;15.838557000039145;1101.98;1274.9;868.1234375;923.828125;;;;
229;1;10000;9999000;0.1;False;32;cupy;False;False;4.297270700102672;;;;;;;;
229;2;10000;9999000;0.1;False;32;cupy;False;False;3.813229100080207;;;;;;;;
229;3;10000;9999000;0.1;False;32;cupy;False;False;3.7589083001948893;;;;;;;;
229;4;10000;9999000;0.1;False;32;cupy;False;False;3.826401900034398;;;;;;;;
229;5;10000;9999000;0.1;False;32;cupy;False;False;3.8045015998650342;;;;;;;;
229;6;10000;9999000;0.1;False;32;cupy;False;False;3.784197899978608;;;;;;;;
229;7;10000;9999000;0.1;False;32;cupy;False;False;3.7951406999491155;;;;;;;;
229;8;10000;9999000;0.1;False;32;cupy;False;False;3.7842327998951077;;;;;;;;
229;9;10000;9999000;0.1;False;32;cupy;False;False;3.804050999926403;;;;;;;;
229;10;10000;9999000;0.1;False;32;cupy;False;False;3.817884000018239;;;;;;;;
230;1;10000;9999000;0.1;False;32;cupy;True;True;3.8591866998467594;99.4;102.2;671.066796875;726.9375;60.1;63;1535.0546875;1535.0546875
230;2;10000;9999000;0.1;False;32;cupy;True;True;3.8798651001416147;99.58999999999999;101.9;670.932421875;726.84765625;61.6;63;1535.0546875;1535.0546875
230;3;10000;9999000;0.1;False;32;cupy;True;True;3.90017870021984;99.66;103.7;671.335546875;727.19140625;60.3;63;1535.0546875;1535.0546875
230;4;10000;9999000;0.1;False;32;cupy;True;True;3.9017298999242485;99.73000000000002;103.2;671.091796875;726.98046875;57.3;63;1535.0546875;1535.0546875
230;5;10000;9999000;0.1;False;32;cupy;True;True;3.86978970002383;99.74000000000001;103.3;671.1;726.9921875;57.3;63;1535.0546875;1535.0546875
230;6;10000;9999000;0.1;False;32;cupy;True;True;3.85118450014852;99.78999999999999;103.7;671.57890625;727.4453125;57.5;64;1535.0546875;1535.0546875
230;7;10000;9999000;0.1;False;32;cupy;True;True;3.8411083000246435;99.11000000000001;101.5;671.573828125;727.421875;57.2;64;1535.0546875;1535.0546875
230;8;10000;9999000;0.1;False;32;cupy;True;True;3.845995199866593;98.85;101.9;671.301171875;727.23046875;57.8;64;1535.0546875;1535.0546875
230;9;10000;9999000;0.1;False;32;cupy;True;True;3.8647759000305086;99.41;101.8;670.976953125;726.84765625;57.2;64;1535.0546875;1535.0546875
230;10;10000;9999000;0.1;False;32;cupy;True;True;3.8350273000542074;98.9;101.5;671.12578125;727.0390625;57.5;64;1535.0546875;1535.0546875
231;1;10000;9999000;0.1;False;64;numpy;False;False;30.13945780019276;;;;;;;;
231;2;10000;9999000;0.1;False;64;numpy;False;False;30.020979299908504;;;;;;;;
231;3;10000;9999000;0.1;False;64;numpy;False;False;30.176372699905187;;;;;;;;
231;4;10000;9999000;0.1;False;64;numpy;False;False;30.063609400065616;;;;;;;;
231;5;10000;9999000;0.1;False;64;numpy;False;False;29.887888200115412;;;;;;;;
231;6;10000;9999000;0.1;False;64;numpy;False;False;30.117913000052795;;;;;;;;
231;7;10000;9999000;0.1;False;64;numpy;False;False;30.465544499922544;;;;;;;;
231;8;10000;9999000;0.1;False;64;numpy;False;False;30.261977500049397;;;;;;;;
231;9;10000;9999000;0.1;False;64;numpy;False;False;29.45138689992018;;;;;;;;
231;10;10000;9999000;0.1;False;64;numpy;False;False;29.66264920006506;;;;;;;;
232;1;10000;9999000;0.1;False;64;numpy;True;True;29.971956599969417;1099.02;1129.5;1249.56015625;1305.296875;;;;
232;2;10000;9999000;0.1;False;64;numpy;True;True;30.02736489987001;1102.2900000000002;1131.7;1249.56015625;1305.28125;;;;
232;3;10000;9999000;0.1;False;64;numpy;True;True;30.03478670003824;1110.68;1138.5;1249.48984375;1305.2109375;;;;
232;4;10000;9999000;0.1;False;64;numpy;True;True;30.13990670000203;1059.5700000000002;1107.1;1250.174609375;1305.91015625;;;;
232;5;10000;9999000;0.1;False;64;numpy;True;True;30.01985130016692;1109.6000000000001;1146.7;1249.690234375;1305.4453125;;;;
232;6;10000;9999000;0.1;False;64;numpy;True;True;30.22229119995609;1065.08;1118.4;1249.63359375;1305.390625;;;;
232;7;10000;9999000;0.1;False;64;numpy;True;True;29.9782974999398;1102.84;1132.2;1249.85234375;1305.59375;;;;
232;8;10000;9999000;0.1;False;64;numpy;True;True;29.955829499987885;1097.25;1130.1;1249.4703125;1305.203125;;;;
232;9;10000;9999000;0.1;False;64;numpy;True;True;30.005681700073183;1109.34;1142.2;1249.77890625;1305.5390625;;;;
232;10;10000;9999000;0.1;False;64;numpy;True;True;30.12941970000975;1072.3600000000001;1136.1;1249.528125;1305.3046875;;;;
233;1;10000;9999000;0.1;False;64;cupy;False;False;6.068289200076833;;;;;;;;
233;2;10000;9999000;0.1;False;64;cupy;False;False;5.979191199876368;;;;;;;;
233;3;10000;9999000;0.1;False;64;cupy;False;False;5.936375099932775;;;;;;;;
233;4;10000;9999000;0.1;False;64;cupy;False;False;5.973311299923807;;;;;;;;
233;5;10000;9999000;0.1;False;64;cupy;False;False;5.974574800115079;;;;;;;;
233;6;10000;9999000;0.1;False;64;cupy;False;False;5.975796200102195;;;;;;;;
233;7;10000;9999000;0.1;False;64;cupy;False;False;6.030199199914932;;;;;;;;
233;8;10000;9999000;0.1;False;64;cupy;False;False;6.073328600032255;;;;;;;;
233;9;10000;9999000;0.1;False;64;cupy;False;False;6.025470599997789;;;;;;;;
233;10;10000;9999000;0.1;False;64;cupy;False;False;5.996887599816546;;;;;;;;
234;1;10000;9999000;0.1;False;64;cupy;True;True;6.189476800151169;98.52;101.4;698.912109375;754.78125;73.5;76;1917.0546875;1917.0546875
234;2;10000;9999000;0.1;False;64;cupy;True;True;6.089196800021455;100.03999999999999;102.0;699.509375;755.37890625;74.8;77;1917.0546875;1917.0546875
234;3;10000;9999000;0.1;False;64;cupy;True;True;6.124999500112608;98.16000000000001;101.7;699.912890625;755.81640625;74.6;77;1917.0546875;1917.0546875
234;4;10000;9999000;0.1;False;64;cupy;True;True;6.201736900024116;96.69;101.7;699.249609375;755.140625;73.3;77;1917.0546875;1917.0546875
234;5;10000;9999000;0.1;False;64;cupy;True;True;6.122160500148311;99.35;101.2;699.821875;755.6875;75.0;77;1917.0546875;1917.0546875
234;6;10000;9999000;0.1;False;64;cupy;True;True;6.2600153000094;98.87000000000002;100.9;699.84296875;755.69921875;72.4;76;1917.0546875;1917.0546875
234;7;10000;9999000;0.1;False;64;cupy;True;True;6.224640999920666;99.47;101.6;699.5078125;755.4296875;73.9;76;1917.0546875;1917.0546875
234;8;10000;9999000;0.1;False;64;cupy;True;True;6.13716010004282;99.50999999999999;101.3;699.44296875;755.3125;75.5;77;1917.0546875;1917.0546875
234;9;10000;9999000;0.1;False;64;cupy;True;True;6.1380215000826865;99.25;101.1;699.481640625;755.3828125;74.3;76;1917.0546875;1917.0546875
234;10;10000;9999000;0.1;False;64;cupy;True;True;6.194118000101298;97.67;101.3;699.842578125;755.7421875;70.0;76;1917.0546875;1917.0546875
235;1;10000;9999000;0.1;True;32;numpy;False;False;7.797964999917895;;;;;;;;
235;2;10000;9999000;0.1;True;32;numpy;False;False;7.691146200057119;;;;;;;;
235;3;10000;9999000;0.1;True;32;numpy;False;False;7.622728300048038;;;;;;;;
235;4;10000;9999000;0.1;True;32;numpy;False;False;7.622417200123891;;;;;;;;
235;5;10000;9999000;0.1;True;32;numpy;False;False;7.608914599986747;;;;;;;;
235;6;10000;9999000;0.1;True;32;numpy;False;False;7.528120100032538;;;;;;;;
235;7;10000;9999000;0.1;True;32;numpy;False;False;7.46356979990378;;;;;;;;
235;8;10000;9999000;0.1;True;32;numpy;False;False;7.365879700053483;;;;;;;;
235;9;10000;9999000;0.1;True;32;numpy;False;False;7.469946299912408;;;;;;;;
235;10;10000;9999000;0.1;True;32;numpy;False;False;7.488361600087956;;;;;;;;
236;1;10000;9999000;0.1;True;32;numpy;True;True;7.678811399964616;99.19;101.9;562.67109375;618.41015625;;;;
236;2;10000;9999000;0.1;True;32;numpy;True;True;7.665113599970937;99.17;101.8;562.637109375;618.3515625;;;;
236;3;10000;9999000;0.1;True;32;numpy;True;True;7.666368499863893;98.34;100.1;562.712890625;618.44140625;;;;
236;4;10000;9999000;0.1;True;32;numpy;True;True;7.6753932000137866;100.04;102.3;562.363671875;618.12109375;;;;
236;5;10000;9999000;0.1;True;32;numpy;True;True;7.656468099914491;99.48;100.4;562.52109375;618.234375;;;;
236;6;10000;9999000;0.1;True;32;numpy;True;True;7.66152079985477;99.42999999999999;100.5;562.52734375;618.24609375;;;;
236;7;10000;9999000;0.1;True;32;numpy;True;True;7.645213100127876;99.44000000000001;101.2;562.514453125;618.26171875;;;;
236;8;10000;9999000;0.1;True;32;numpy;True;True;7.632736100116745;99.59;101.4;562.78359375;618.54296875;;;;
236;9;10000;9999000;0.1;True;32;numpy;True;True;7.672164499992505;99.3;101.0;562.632421875;618.390625;;;;
236;10;10000;9999000;0.1;True;32;numpy;True;True;7.644960300065577;99.83;102.0;562.613671875;618.33203125;;;;
237;1;10000;9999000;0.1;True;32;cupy;False;False;2.3658894000109285;;;;;;;;
237;2;10000;9999000;0.1;True;32;cupy;False;False;2.078969100024551;;;;;;;;
237;3;10000;9999000;0.1;True;32;cupy;False;False;2.1037892000749707;;;;;;;;
237;4;10000;9999000;0.1;True;32;cupy;False;False;2.0513291999232024;;;;;;;;
237;5;10000;9999000;0.1;True;32;cupy;False;False;2.113579199882224;;;;;;;;
237;6;10000;9999000;0.1;True;32;cupy;False;False;2.0951382000930607;;;;;;;;
237;7;10000;9999000;0.1;True;32;cupy;False;False;2.1305182999931276;;;;;;;;
237;8;10000;9999000;0.1;True;32;cupy;False;False;2.056726099923253;;;;;;;;
237;9;10000;9999000;0.1;True;32;cupy;False;False;2.074179699877277;;;;;;;;
237;10;10000;9999000;0.1;True;32;cupy;False;False;2.115560700185597;;;;;;;;
238;1;10000;9999000;0.1;True;32;cupy;True;True;2.1527940998785198;100.49000000000001;105.2;697.37265625;753.23828125;36.2;100;1293.0546875;1293.0546875
238;2;10000;9999000;0.1;True;32;cupy;True;True;2.110736900009215;99.33;106.2;697.6234375;753.59765625;27.5;32;1293.0546875;1293.0546875
238;3;10000;9999000;0.1;True;32;cupy;True;True;2.147540800040588;97.42;105.9;698.057421875;753.9765625;30.7;32;1293.0546875;1293.0546875
238;4;10000;9999000;0.1;True;32;cupy;True;True;2.166194000048563;99.79;105.0;697.24140625;753.11328125;37.4;100;1293.0546875;1293.0546875
238;5;10000;9999000;0.1;True;32;cupy;True;True;2.1399672999978065;99.08999999999999;105.3;697.80390625;753.71484375;37.5;100;1293.0546875;1293.0546875
238;6;10000;9999000;0.1;True;32;cupy;True;True;2.123866899870336;99.03999999999999;105.0;697.3640625;753.234375;26.8;32;1293.0546875;1293.0546875
238;7;10000;9999000;0.1;True;32;cupy;True;True;2.150615200167522;100.50000000000001;105.0;697.4515625;753.3203125;30.2;32;1293.0546875;1293.0546875
238;8;10000;9999000;0.1;True;32;cupy;True;True;2.1288519999943674;99.32000000000002;105.9;697.42890625;753.3671875;37.7;100;1293.0546875;1293.0546875
238;9;10000;9999000;0.1;True;32;cupy;True;True;2.126965600065887;98.77000000000001;105.7;697.478515625;753.34375;36.5;84;1293.0546875;1293.0546875
238;10;10000;9999000;0.1;True;32;cupy;True;True;2.1454237999860197;98.28;103.7;697.24296875;753.1015625;27.4;32;1293.0546875;1293.0546875
239;1;10000;9999000;0.1;True;64;numpy;False;False;8.03194239991717;;;;;;;;
239;2;10000;9999000;0.1;True;64;numpy;False;False;7.983039499958977;;;;;;;;
239;3;10000;9999000;0.1;True;64;numpy;False;False;7.993432000046596;;;;;;;;
239;4;10000;9999000;0.1;True;64;numpy;False;False;7.897933300118893;;;;;;;;
239;5;10000;9999000;0.1;True;64;numpy;False;False;7.934483800083399;;;;;;;;
239;6;10000;9999000;0.1;True;64;numpy;False;False;7.936427799984813;;;;;;;;
239;7;10000;9999000;0.1;True;64;numpy;False;False;7.806597699876875;;;;;;;;
239;8;10000;9999000;0.1;True;64;numpy;False;False;7.790242100134492;;;;;;;;
239;9;10000;9999000;0.1;True;64;numpy;False;False;7.9012486999854445;;;;;;;;
239;10;10000;9999000;0.1;True;64;numpy;False;False;7.747235700022429;;;;;;;;
240;1;10000;9999000;0.1;True;64;numpy;True;True;8.360664499923587;99.14;101.2;601.133984375;656.8984375;;;;
240;2;10000;9999000;0.1;True;64;numpy;True;True;8.142066000029445;99.71000000000001;100.4;601.2625;657.01171875;;;;
240;3;10000;9999000;0.1;True;64;numpy;True;True;8.195898000150919;99.24;100.7;600.848046875;656.55078125;;;;
240;4;10000;9999000;0.1;True;64;numpy;True;True;8.320679999887943;99.79999999999998;100.9;600.0828125;655.32421875;;;;
240;5;10000;9999000;0.1;True;64;numpy;True;True;8.234664799878374;99.33999999999999;101.2;601.089453125;656.8359375;;;;
240;6;10000;9999000;0.1;True;64;numpy;True;True;8.240756599931046;99.47;101.3;601.271875;656.98828125;;;;
240;7;10000;9999000;0.1;True;64;numpy;True;True;8.243411700008437;98.89;101.0;601.16953125;656.88671875;;;;
240;8;10000;9999000;0.1;True;64;numpy;True;True;8.212474499829113;99.03;100.3;601.14140625;656.90234375;;;;
240;9;10000;9999000;0.1;True;64;numpy;True;True;8.190007500117645;99.9;101.7;601.0859375;656.8203125;;;;
240;10;10000;9999000;0.1;True;64;numpy;True;True;8.175829299958423;99.3;101.2;600.93359375;656.7109375;;;;
241;1;10000;9999000;0.1;True;64;cupy;False;False;2.2821328002028167;;;;;;;;
241;2;10000;9999000;0.1;True;64;cupy;False;False;2.27725789998658;;;;;;;;
241;3;10000;9999000;0.1;True;64;cupy;False;False;2.3388550002127886;;;;;;;;
241;4;10000;9999000;0.1;True;64;cupy;False;False;2.2743932001758367;;;;;;;;
241;5;10000;9999000;0.1;True;64;cupy;False;False;2.291622299933806;;;;;;;;
241;6;10000;9999000;0.1;True;64;cupy;False;False;2.3300545001402497;;;;;;;;
241;7;10000;9999000;0.1;True;64;cupy;False;False;2.3005564000923187;;;;;;;;
241;8;10000;9999000;0.1;True;64;cupy;False;False;2.3026926999446005;;;;;;;;
241;9;10000;9999000;0.1;True;64;cupy;False;False;2.3009343000594527;;;;;;;;
241;10;10000;9999000;0.1;True;64;cupy;False;False;2.301581999985501;;;;;;;;
242;1;10000;9999000;0.1;True;64;cupy;True;True;2.3752803998067975;99.72999999999999;103.4;761.545703125;817.39453125;33.8;39;1371.0546875;1371.0546875
242;2;10000;9999000;0.1;True;64;cupy;True;True;2.367817899910733;98.61;104.7;761.291015625;817.171875;39.4;45;1371.0546875;1371.0546875
242;3;10000;9999000;0.1;True;64;cupy;True;True;2.3379256001207978;99.85;102.6;761.96796875;817.796875;44.7;100;1371.0546875;1371.0546875
242;4;10000;9999000;0.1;True;64;cupy;True;True;2.320288799935952;100.18;103.1;761.259765625;817.14453125;44.7;100;1371.0546875;1371.0546875
242;5;10000;9999000;0.1;True;64;cupy;True;True;2.3567298999987543;99.85;102.5;761.33125;817.21875;37.4;40;1371.0546875;1371.0546875
242;6;10000;9999000;0.1;True;64;cupy;True;True;2.361806800123304;98.64000000000001;102.7;761.40703125;817.29296875;34.0;39;1371.0546875;1371.0546875
242;7;10000;9999000;0.1;True;64;cupy;True;True;2.3533663998823613;99.27000000000001;102.2;761.019921875;816.96875;34.2;39;1371.0546875;1371.0546875
242;8;10000;9999000;0.1;True;64;cupy;True;True;2.3964484001044184;96.81;102.6;761.521484375;817.34375;42.9;85;1371.0546875;1371.0546875
242;9;10000;9999000;0.1;True;64;cupy;True;True;2.334573100088164;99.80000000000001;102.6;761.8171875;817.765625;44.5;100;1371.0546875;1371.0546875
242;10;10000;9999000;0.1;True;64;cupy;True;True;2.356092699803412;99.84;102.4;761.2890625;817.171875;37.8;39;1371.0546875;1371.0546875
243;1;10000;49995000;0.5;False;32;numpy;False;False;15.403215100057423;;;;;;;;
243;2;10000;49995000;0.5;False;32;numpy;False;False;15.366351300152019;;;;;;;;
243;3;10000;49995000;0.5;False;32;numpy;False;False;15.401150099933147;;;;;;;;
243;4;10000;49995000;0.5;False;32;numpy;False;False;15.346983700059354;;;;;;;;
243;5;10000;49995000;0.5;False;32;numpy;False;False;15.379864899907261;;;;;;;;
243;6;10000;49995000;0.5;False;32;numpy;False;False;15.307752799941227;;;;;;;;
243;7;10000;49995000;0.5;False;32;numpy;False;False;15.33644190011546;;;;;;;;
243;8;10000;49995000;0.5;False;32;numpy;False;False;15.377394799841568;;;;;;;;
243;9;10000;49995000;0.5;False;32;numpy;False;False;15.354682199889794;;;;;;;;
243;10;10000;49995000;0.5;False;32;numpy;False;False;15.33426390006207;;;;;;;;
244;1;10000;49995000;0.5;False;32;numpy;True;True;15.61376029998064;1042.1200000000001;1340.8;867.869140625;923.58984375;;;;
244;2;10000;49995000;0.5;False;32;numpy;True;True;15.55161159997806;1123.2800000000002;1358.2;867.67265625;923.41796875;;;;
244;3;10000;49995000;0.5;False;32;numpy;True;True;15.616369900060818;1198.1699999999998;1301.6;867.31328125;923.05859375;;;;
244;4;10000;49995000;0.5;False;32;numpy;True;True;15.572286800015718;1182.48;1317.1;867.656640625;923.39453125;;;;
244;5;10000;49995000;0.5;False;32;numpy;True;True;15.629556499887258;1071.26;1373.6;867.378125;923.109375;;;;
244;6;10000;49995000;0.5;False;32;numpy;True;True;15.65082580014132;1162.89;1339.6;867.5375;923.2578125;;;;
244;7;10000;49995000;0.5;False;32;numpy;True;True;15.60713280015625;1260.5099999999998;1346.8;867.924609375;923.6484375;;;;
244;8;10000;49995000;0.5;False;32;numpy;True;True;15.596721299923956;1178.0300000000002;1344.4;867.566015625;923.30078125;;;;
244;9;10000;49995000;0.5;False;32;numpy;True;True;15.588852100074291;1186.2499999999998;1386.3;867.644140625;923.44140625;;;;
244;10;10000;49995000;0.5;False;32;numpy;True;True;15.588470099959522;1077.3;1320.4;867.683203125;923.4296875;;;;
245;1;10000;49995000;0.5;False;32;cupy;False;False;3.794809600105509;;;;;;;;
245;2;10000;49995000;0.5;False;32;cupy;False;False;3.769631600007415;;;;;;;;
245;3;10000;49995000;0.5;False;32;cupy;False;False;3.8007851000875235;;;;;;;;
245;4;10000;49995000;0.5;False;32;cupy;False;False;3.8178451999556273;;;;;;;;
245;5;10000;49995000;0.5;False;32;cupy;False;False;3.8081499999389052;;;;;;;;
245;6;10000;49995000;0.5;False;32;cupy;False;False;3.810390800004825;;;;;;;;
245;7;10000;49995000;0.5;False;32;cupy;False;False;3.8290528999641538;;;;;;;;
245;8;10000;49995000;0.5;False;32;cupy;False;False;3.8150571000296623;;;;;;;;
245;9;10000;49995000;0.5;False;32;cupy;False;False;3.806400700006634;;;;;;;;
245;10;10000;49995000;0.5;False;32;cupy;False;False;3.8372112000361085;;;;;;;;
246;1;10000;49995000;0.5;False;32;cupy;True;True;3.843268800061196;99.28;101.1;670.925;726.79296875;63.0;64;3413.0546875;3413.0546875
246;2;10000;49995000;0.5;False;32;cupy;True;True;3.895295799942687;98.59;100.5;671.433984375;727.4140625;58.1;63;3413.0546875;3413.0546875
246;3;10000;49995000;0.5;False;32;cupy;True;True;3.8531045999843627;99.99000000000001;103.3;671.15859375;727.078125;58.5;63;3413.0546875;3413.0546875
246;4;10000;49995000;0.5;False;32;cupy;True;True;3.8500358001329005;100.36999999999999;104.1;669.662109375;725.59375;62.6;63;3413.0546875;3413.0546875
246;5;10000;49995000;0.5;False;32;cupy;True;True;3.8527510999701917;99.28;103.3;671.021875;726.875;62.7;64;3413.0546875;3413.0546875
246;6;10000;49995000;0.5;False;32;cupy;True;True;3.8664303000550717;99.63;100.7;671.219140625;727.1640625;58.0;64;3413.0546875;3413.0546875
246;7;10000;49995000;0.5;False;32;cupy;True;True;3.834872300038114;99.41;102.0;670.858203125;726.69140625;58.0;64;3413.0546875;3413.0546875
246;8;10000;49995000;0.5;False;32;cupy;True;True;3.8335546001326293;99.86999999999999;101.6;671.15859375;727.08203125;63.0;64;3413.0546875;3413.0546875
246;9;10000;49995000;0.5;False;32;cupy;True;True;3.852740400005132;98.99;100.5;671.316796875;727.2265625;61.3;64;3413.0546875;3413.0546875
246;10;10000;49995000;0.5;False;32;cupy;True;True;3.864692699862644;99.24999999999997;101.9;670.598828125;726.4375;57.2;63;3413.0546875;3413.0546875
247;1;10000;49995000;0.5;False;64;numpy;False;False;30.0029813000001;;;;;;;;
247;2;10000;49995000;0.5;False;64;numpy;False;False;29.94626530003734;;;;;;;;
247;3;10000;49995000;0.5;False;64;numpy;False;False;29.971841000020504;;;;;;;;
247;4;10000;49995000;0.5;False;64;numpy;False;False;29.984117900021374;;;;;;;;
247;5;10000;49995000;0.5;False;64;numpy;False;False;29.987229299964383;;;;;;;;
247;6;10000;49995000;0.5;False;64;numpy;False;False;30.02848089998588;;;;;;;;
247;7;10000;49995000;0.5;False;64;numpy;False;False;29.95518400007859;;;;;;;;
247;8;10000;49995000;0.5;False;64;numpy;False;False;29.966121699893847;;;;;;;;
247;9;10000;49995000;0.5;False;64;numpy;False;False;29.995274899993092;;;;;;;;
247;10;10000;49995000;0.5;False;64;numpy;False;False;30.034818900050595;;;;;;;;
248;1;10000;49995000;0.5;False;64;numpy;True;True;30.413063699845225;1172.85;1236.9;1249.7796875;1305.48046875;;;;
248;2;10000;49995000;0.5;False;64;numpy;True;True;30.376129900105298;1163.3899999999999;1222.0;1250.019921875;1305.7578125;;;;
248;3;10000;49995000;0.5;False;64;numpy;True;True;30.421456299955025;1179.23;1248.6;1249.74921875;1305.46484375;;;;
248;4;10000;49995000;0.5;False;64;numpy;True;True;30.433363700052723;1125.26;1198.5;1249.908984375;1305.58984375;;;;
248;5;10000;49995000;0.5;False;64;numpy;True;True;30.475914099952206;1172.02;1264.7;1249.379296875;1305.1171875;;;;
248;6;10000;49995000;0.5;False;64;numpy;True;True;30.434888100018725;1173.3799999999999;1222.2;1249.56328125;1305.29296875;;;;
248;7;10000;49995000;0.5;False;64;numpy;True;True;30.418309200089425;1169.56;1240.6;1249.369140625;1305.05078125;;;;
248;8;10000;49995000;0.5;False;64;numpy;True;True;30.466439299983904;1183.86;1277.2;1249.53984375;1305.3359375;;;;
248;9;10000;49995000;0.5;False;64;numpy;True;True;30.490357300033793;1131.1;1214.1;1249.521875;1305.24609375;;;;
248;10;10000;49995000;0.5;False;64;numpy;True;True;30.42200500005856;1164.06;1244.6;1249.76484375;1305.50390625;;;;
249;1;10000;49995000;0.5;False;64;cupy;False;False;6.073122899979353;;;;;;;;
249;2;10000;49995000;0.5;False;64;cupy;False;False;6.006835300009698;;;;;;;;
249;3;10000;49995000;0.5;False;64;cupy;False;False;6.011973800137639;;;;;;;;
249;4;10000;49995000;0.5;False;64;cupy;False;False;5.980894400039688;;;;;;;;
249;5;10000;49995000;0.5;False;64;cupy;False;False;6.026724199997261;;;;;;;;
249;6;10000;49995000;0.5;False;64;cupy;False;False;6.02734879986383;;;;;;;;
249;7;10000;49995000;0.5;False;64;cupy;False;False;6.019810299854726;;;;;;;;
249;8;10000;49995000;0.5;False;64;cupy;False;False;6.02216159994714;;;;;;;;
249;9;10000;49995000;0.5;False;64;cupy;False;False;6.016294199973345;;;;;;;;
249;10;10000;49995000;0.5;False;64;cupy;False;False;6.051592600066215;;;;;;;;
250;1;10000;49995000;0.5;False;64;cupy;True;True;6.111992500023916;99.21;101.8;699.962890625;755.81640625;74.8;77;3795.0546875;3795.0546875
250;2;10000;49995000;0.5;False;64;cupy;True;True;6.082701799925417;99.33;102.2;699.803515625;755.66015625;75.6;77;3795.0546875;3795.0546875
250;3;10000;49995000;0.5;False;64;cupy;True;True;6.082645800197497;100.16999999999999;102.1;699.50625;755.3828125;72.4;77;3795.0546875;3795.0546875
250;4;10000;49995000;0.5;False;64;cupy;True;True;6.08372150012292;99.28;101.9;699.897265625;755.83203125;74.9;77;3795.0546875;3795.0546875
250;5;10000;49995000;0.5;False;64;cupy;True;True;6.064465999836102;99.36;102.3;699.5078125;755.421875;75.6;77;3795.0546875;3795.0546875
250;6;10000;49995000;0.5;False;64;cupy;True;True;6.08852589991875;99.33000000000001;101.8;699.752734375;755.65625;75.2;76;3795.0546875;3795.0546875
250;7;10000;49995000;0.5;False;64;cupy;True;True;6.091019599931315;99.59;102.2;699.225390625;755.078125;72.5;77;3795.0546875;3795.0546875
250;8;10000;49995000;0.5;False;64;cupy;True;True;6.065294499974698;98.81;102.3;699.64140625;755.48046875;75.4;77;3795.0546875;3795.0546875
250;9;10000;49995000;0.5;False;64;cupy;True;True;6.097198100062087;99.48;101.8;699.510546875;755.390625;75.4;77;3795.0546875;3795.0546875
250;10;10000;49995000;0.5;False;64;cupy;True;True;6.130894199945033;99.15;101.8;699.57109375;755.4296875;75.1;77;3795.0546875;3795.0546875
251;1;10000;49995000;0.5;True;32;numpy;False;False;37.23286510002799;;;;;;;;
251;2;10000;49995000;0.5;True;32;numpy;False;False;36.74664889997803;;;;;;;;
251;3;10000;49995000;0.5;True;32;numpy;False;False;36.10509729990736;;;;;;;;
251;4;10000;49995000;0.5;True;32;numpy;False;False;36.3376050000079;;;;;;;;
251;5;10000;49995000;0.5;True;32;numpy;False;False;36.258353600045666;;;;;;;;
251;6;10000;49995000;0.5;True;32;numpy;False;False;35.886886899825186;;;;;;;;
251;7;10000;49995000;0.5;True;32;numpy;False;False;36.01129400008358;;;;;;;;
251;8;10000;49995000;0.5;True;32;numpy;False;False;35.85623090015724;;;;;;;;
251;9;10000;49995000;0.5;True;32;numpy;False;False;36.28736670012586;;;;;;;;
251;10;10000;49995000;0.5;True;32;numpy;False;False;36.27295469981618;;;;;;;;
252;1;10000;49995000;0.5;True;32;numpy;True;True;37.261984199984;99.61999999999999;100.0;867.284375;923.03515625;;;;
252;2;10000;49995000;0.5;True;32;numpy;True;True;37.35596419987269;99.28;99.9;867.628125;923.359375;;;;
252;3;10000;49995000;0.5;True;32;numpy;True;True;37.36934360000305;99.57999999999998;100.3;867.41484375;923.1796875;;;;
252;4;10000;49995000;0.5;True;32;numpy;True;True;37.227597299963236;99.48999999999998;100.0;867.5515625;923.2890625;;;;
252;5;10000;49995000;0.5;True;32;numpy;True;True;37.43491919990629;99.31;99.9;867.796875;923.50390625;;;;
252;6;10000;49995000;0.5;True;32;numpy;True;True;37.19916519988328;99.5;100.2;867.27734375;923.01953125;;;;
252;7;10000;49995000;0.5;True;32;numpy;True;True;37.38371849991381;99.54000000000002;100.2;867.515625;923.23046875;;;;
252;8;10000;49995000;0.5;True;32;numpy;True;True;37.179652200080454;99.58000000000001;100.1;867.305078125;923.015625;;;;
252;9;10000;49995000;0.5;True;32;numpy;True;True;37.17493660002947;99.34;100.0;867.824609375;923.609375;;;;
252;10;10000;49995000;0.5;True;32;numpy;True;True;37.15405049989931;99.57;100.1;867.386328125;923.109375;;;;
253;1;10000;49995000;0.5;True;32;cupy;False;False;38.88500199979171;;;;;;;;
253;2;10000;49995000;0.5;True;32;cupy;False;False;38.803771700011566;;;;;;;;
253;3;10000;49995000;0.5;True;32;cupy;False;False;38.89340490009636;;;;;;;;
253;4;10000;49995000;0.5;True;32;cupy;False;False;38.6668684000615;;;;;;;;
253;5;10000;49995000;0.5;True;32;cupy;False;False;39.030091899912804;;;;;;;;
253;6;10000;49995000;0.5;True;32;cupy;False;False;38.68175820005126;;;;;;;;
253;7;10000;49995000;0.5;True;32;cupy;False;False;39.13641609996557;;;;;;;;
253;8;10000;49995000;0.5;True;32;cupy;False;False;38.92769409995526;;;;;;;;
253;9;10000;49995000;0.5;True;32;cupy;False;False;38.782303400104865;;;;;;;;
253;10;10000;49995000;0.5;True;32;cupy;False;False;38.77115679997951;;;;;;;;
254;1;10000;49995000;0.5;True;32;cupy;True;True;39.019688999978825;99.67999999999999;100.2;1207.91875;1263.82421875;94.6;96;4045.0546875;4045.0546875
254;2;10000;49995000;0.5;True;32;cupy;True;True;38.98431929992512;99.66999999999999;100.3;1207.776171875;1263.625;95.3;97;4045.0546875;4045.0546875
254;3;10000;49995000;0.5;True;32;cupy;True;True;39.01800799998455;99.64999999999999;100.6;1207.42890625;1263.30859375;95.2;97;4045.0546875;4045.0546875
254;4;10000;49995000;0.5;True;32;cupy;True;True;39.156188499880955;99.59000000000002;100.2;1208.01328125;1263.921875;95.5;97;4045.0546875;4045.0546875
254;5;10000;49995000;0.5;True;32;cupy;True;True;39.0235820999369;99.65;100.2;1207.275390625;1263.16796875;95.4;97;4045.0546875;4045.0546875
254;6;10000;49995000;0.5;True;32;cupy;True;True;38.99096140009351;99.6;100.2;1207.9640625;1263.84375;95.5;97;4045.0546875;4045.0546875
254;7;10000;49995000;0.5;True;32;cupy;True;True;39.0967268999666;99.46000000000001;100.1;1207.90625;1263.78515625;95.1;97;4045.0546875;4045.0546875
254;8;10000;49995000;0.5;True;32;cupy;True;True;38.96895380015485;99.72;100.6;1207.694140625;1263.56640625;95.5;97;4045.0546875;4045.0546875
254;9;10000;49995000;0.5;True;32;cupy;True;True;38.96098949993029;99.83999999999999;100.3;1207.60546875;1263.48046875;95.4;97;4045.0546875;4045.0546875
254;10;10000;49995000;0.5;True;32;cupy;True;True;39.15220899996348;99.53999999999999;100.3;1207.553515625;1263.40625;95.4;97;4045.0546875;4045.0546875
255;1;10000;49995000;0.5;True;64;numpy;False;False;37.90577889978886;;;;;;;;
255;2;10000;49995000;0.5;True;64;numpy;False;False;37.727682600030676;;;;;;;;
255;3;10000;49995000;0.5;True;64;numpy;False;False;37.17658379999921;;;;;;;;
255;4;10000;49995000;0.5;True;64;numpy;False;False;38.24489809991792;;;;;;;;
255;5;10000;49995000;0.5;True;64;numpy;False;False;37.359565400052816;;;;;;;;
255;6;10000;49995000;0.5;True;64;numpy;False;False;37.68084229994565;;;;;;;;
255;7;10000;49995000;0.5;True;64;numpy;False;False;37.29997679986991;;;;;;;;
255;8;10000;49995000;0.5;True;64;numpy;False;False;37.31462090020068;;;;;;;;
255;9;10000;49995000;0.5;True;64;numpy;False;False;37.09674139996059;;;;;;;;
255;10;10000;49995000;0.5;True;64;numpy;False;False;37.45080869994126;;;;;;;;
256;1;10000;49995000;0.5;True;64;numpy;True;True;38.52040189993568;99.36999999999999;99.9;1058.545703125;1114.28125;;;;
256;2;10000;49995000;0.5;True;64;numpy;True;True;38.605163800064474;99.39000000000001;100.2;1058.92734375;1114.65625;;;;
256;3;10000;49995000;0.5;True;64;numpy;True;True;38.76155750011094;99.19;99.7;1058.6453125;1114.36328125;;;;
256;4;10000;49995000;0.5;True;64;numpy;True;True;39.13703559990972;99.51;100.1;1058.813671875;1114.53515625;;;;
256;5;10000;49995000;0.5;True;64;numpy;True;True;38.821172499796376;99.52;100.3;1058.5453125;1114.25;;;;
256;6;10000;49995000;0.5;True;64;numpy;True;True;38.92192790005356;99.56;100.1;1059.22265625;1114.9453125;;;;
256;7;10000;49995000;0.5;True;64;numpy;True;True;38.77727640001103;99.48;100.1;1058.736328125;1114.46484375;;;;
256;8;10000;49995000;0.5;True;64;numpy;True;True;38.696613900130615;99.55;100.2;1058.84921875;1114.5390625;;;;
256;9;10000;49995000;0.5;True;64;numpy;True;True;38.61278100009076;99.44;99.8;1058.89296875;1114.625;;;;
256;10;10000;49995000;0.5;True;64;numpy;True;True;38.54655009997077;99.72;100.3;1058.690625;1114.4296875;;;;
257;1;10000;49995000;0.5;True;64;cupy;False;False;103.90639390004799;;;;;;;;
257;2;10000;49995000;0.5;True;64;cupy;False;False;103.47135760006495;;;;;;;;
257;3;10000;49995000;0.5;True;64;cupy;False;False;103.48920790012926;;;;;;;;
257;4;10000;49995000;0.5;True;64;cupy;False;False;103.62529090000317;;;;;;;;
257;5;10000;49995000;0.5;True;64;cupy;False;False;103.40443490003236;;;;;;;;
257;6;10000;49995000;0.5;True;64;cupy;False;False;103.63764009997249;;;;;;;;
257;7;10000;49995000;0.5;True;64;cupy;False;False;103.63390080002137;;;;;;;;
257;8;10000;49995000;0.5;True;64;cupy;False;False;103.63533890014514;;;;;;;;
257;9;10000;49995000;0.5;True;64;cupy;False;False;103.68349039996974;;;;;;;;
257;10;10000;49995000;0.5;True;64;cupy;False;False;103.6394680000376;;;;;;;;
258;1;10000;49995000;0.5;True;64;cupy;True;True;104.06484390003607;99.87;100.1;1463.648828125;1519.49609375;98.1;100;4045.0546875;4045.0546875
258;2;10000;49995000;0.5;True;64;cupy;True;True;104.12608779990114;99.6;100.0;1463.1421875;1518.97265625;97.9;99;4045.0546875;4045.0546875
258;3;10000;49995000;0.5;True;64;cupy;True;True;104.19359369995072;99.81;100.1;1463.188671875;1519.0;97.7;98;4045.0546875;4045.0546875
258;4;10000;49995000;0.5;True;64;cupy;True;True;104.12529130000621;99.91999999999999;100.1;1463.874609375;1519.8203125;98.3;100;4045.0546875;4045.0546875
258;5;10000;49995000;0.5;True;64;cupy;True;True;103.97552730003372;99.77999999999999;100.0;1463.19140625;1519.1015625;97.7;100;4045.0546875;4045.0546875
258;6;10000;49995000;0.5;True;64;cupy;True;True;104.2638811999932;99.83000000000001;100.1;1463.11328125;1518.98046875;97.7;100;4045.0546875;4045.0546875
258;7;10000;49995000;0.5;True;64;cupy;True;True;104.17906220001169;99.79999999999998;100.1;1463.840625;1519.73046875;97.9;100;4045.0546875;4045.0546875
258;8;10000;49995000;0.5;True;64;cupy;True;True;104.24033739999868;99.85000000000001;100.0;1463.69296875;1519.5234375;97.9;100;4045.0546875;4045.0546875
258;9;10000;49995000;0.5;True;64;cupy;True;True;104.16410889988765;99.83999999999999;100.1;1463.42421875;1519.27734375;98.0;100;4045.0546875;4045.0546875
258;10;10000;49995000;0.5;True;64;cupy;True;True;103.97626439994201;99.64;99.9;1463.528125;1519.40625;97.8;98;4045.0546875;4045.0546875
259;1;10000;99990000;1;False;32;numpy;False;False;15.361683700000867;;;;;;;;
259;2;10000;99990000;1;False;32;numpy;False;False;15.451435100054368;;;;;;;;
259;3;10000;99990000;1;False;32;numpy;False;False;15.415013399906456;;;;;;;;
259;4;10000;99990000;1;False;32;numpy;False;False;15.417721800040454;;;;;;;;
259;5;10000;99990000;1;False;32;numpy;False;False;15.384450700134039;;;;;;;;
259;6;10000;99990000;1;False;32;numpy;False;False;15.431719300104305;;;;;;;;
259;7;10000;99990000;1;False;32;numpy;False;False;15.450960099929944;;;;;;;;
259;8;10000;99990000;1;False;32;numpy;False;False;15.426017000107095;;;;;;;;
259;9;10000;99990000;1;False;32;numpy;False;False;15.400226700119674;;;;;;;;
259;10;10000;99990000;1;False;32;numpy;False;False;15.42807300016284;;;;;;;;
260;1;10000;99990000;1;False;32;numpy;True;True;15.654237699927762;1257.6399999999999;1412.8;867.37109375;923.09765625;;;;
260;2;10000;99990000;1;False;32;numpy;True;True;15.675045399926603;1163.53;1404.0;867.58046875;923.30078125;;;;
260;3;10000;99990000;1;False;32;numpy;True;True;15.67005389998667;1242.6299999999999;1422.1;867.466015625;923.1953125;;;;
260;4;10000;99990000;1;False;32;numpy;True;True;15.660733300028369;1151.3200000000002;1403.1;867.415625;923.125;;;;
260;5;10000;99990000;1;False;32;numpy;True;True;15.67178550013341;1240.77;1408.3;867.94375;923.67578125;;;;
260;6;10000;99990000;1;False;32;numpy;True;True;15.694739599945024;1180.2;1394.1;867.634375;923.37109375;;;;
260;7;10000;99990000;1;False;32;numpy;True;True;15.623591999989003;1239.56;1428.2;867.78984375;923.5234375;;;;
260;8;10000;99990000;1;False;32;numpy;True;True;15.653120399918407;1301.2900000000002;1411.2;867.631640625;923.31640625;;;;
260;9;10000;99990000;1;False;32;numpy;True;True;15.705396700184792;1140.15;1433.4;867.513671875;923.22265625;;;;
260;10;10000;99990000;1;False;32;numpy;True;True;15.659627899993211;1175.8999999999999;1387.4;867.569140625;923.2734375;;;;
261;1;10000;99990000;1;False;32;cupy;False;False;3.7647808000911027;;;;;;;;
261;2;10000;99990000;1;False;32;cupy;False;False;3.802131799980998;;;;;;;;
261;3;10000;99990000;1;False;32;cupy;False;False;3.773962700041011;;;;;;;;
261;4;10000;99990000;1;False;32;cupy;False;False;3.799830799922347;;;;;;;;
261;5;10000;99990000;1;False;32;cupy;False;False;3.7911073002032936;;;;;;;;
261;6;10000;99990000;1;False;32;cupy;False;False;3.7890158002264798;;;;;;;;
261;7;10000;99990000;1;False;32;cupy;False;False;3.804388400167227;;;;;;;;
261;8;10000;99990000;1;False;32;cupy;False;False;3.787397700129077;;;;;;;;
261;9;10000;99990000;1;False;32;cupy;False;False;3.814184700138867;;;;;;;;
261;10;10000;99990000;1;False;32;cupy;False;False;3.7922916999086738;;;;;;;;
262;1;10000;99990000;1;False;32;cupy;True;True;3.842487300047651;99.43999999999998;101.1;2387.290625;2443.2109375;57.5;64;4037.0546875;4037.0546875
262;2;10000;99990000;1;False;32;cupy;True;True;3.847709200112149;99.06;100.4;2387.14609375;2443.0;57.0;64;4037.0546875;4037.0546875
262;3;10000;99990000;1;False;32;cupy;True;True;3.862431999994442;99.22;100.4;2387.404296875;2443.2890625;58.6;63;4037.0546875;4037.0546875
262;4;10000;99990000;1;False;32;cupy;True;True;3.8518095000181347;99.92;100.7;2387.20625;2443.08984375;60.9;64;4037.0546875;4037.0546875
262;5;10000;99990000;1;False;32;cupy;True;True;3.840286700055003;99.63000000000001;100.8;2387.48671875;2443.390625;61.0;63;4037.0546875;4037.0546875
262;6;10000;99990000;1;False;32;cupy;True;True;3.8476861999370158;99.07999999999998;100.8;2387.27421875;2443.21875;62.0;63;4037.0546875;4037.0546875
262;7;10000;99990000;1;False;32;cupy;True;True;3.847689999965951;98.78;103.0;2387.129296875;2443.046875;63.5;71;4037.0546875;4037.0546875
262;8;10000;99990000;1;False;32;cupy;True;True;3.841099999845028;99.41;101.0;2386.801171875;2442.6640625;62.2;64;4037.0546875;4037.0546875
262;9;10000;99990000;1;False;32;cupy;True;True;3.823543000034988;99.96000000000001;101.2;2386.8109375;2442.6796875;63.0;64;4037.0546875;4037.0546875
262;10;10000;99990000;1;False;32;cupy;True;True;3.8286131001077592;100.18999999999998;101.1;2387.38984375;2443.25390625;66.1;96;4037.0546875;4037.0546875
263;1;10000;99990000;1;False;64;numpy;False;False;30.123117200098932;;;;;;;;
263;2;10000;99990000;1;False;64;numpy;False;False;30.15991590009071;;;;;;;;
263;3;10000;99990000;1;False;64;numpy;False;False;30.20316409994848;;;;;;;;
263;4;10000;99990000;1;False;64;numpy;False;False;30.172468000091612;;;;;;;;
263;5;10000;99990000;1;False;64;numpy;False;False;30.202809300040826;;;;;;;;
263;6;10000;99990000;1;False;64;numpy;False;False;30.236036599846557;;;;;;;;
263;7;10000;99990000;1;False;64;numpy;False;False;30.145442999899387;;;;;;;;
263;8;10000;99990000;1;False;64;numpy;False;False;30.211279100039974;;;;;;;;
263;9;10000;99990000;1;False;64;numpy;False;False;30.18878149986267;;;;;;;;
263;10;10000;99990000;1;False;64;numpy;False;False;30.19452799996361;;;;;;;;
264;1;10000;99990000;1;False;64;numpy;True;True;30.55525179998949;1172.8400000000001;1278.0;1249.451953125;1305.19921875;;;;
264;2;10000;99990000;1;False;64;numpy;True;True;30.49276000005193;1206.74;1285.1;1249.543359375;1305.26953125;;;;
264;3;10000;99990000;1;False;64;numpy;True;True;30.478883899981156;1206.6799999999998;1241.5;1249.27890625;1305.0;;;;
264;4;10000;99990000;1;False;64;numpy;True;True;30.52456990000792;1236.91;1296.1;1249.5890625;1305.30859375;;;;
264;5;10000;99990000;1;False;64;numpy;True;True;30.509682800155133;1220.9699999999998;1266.8;1249.3890625;1305.1328125;;;;
264;6;10000;99990000;1;False;64;numpy;True;True;30.547019500052556;1179.74;1264.0;1249.630859375;1305.3671875;;;;
264;7;10000;99990000;1;False;64;numpy;True;True;30.50642169988714;1224.06;1266.1;1249.630078125;1305.3203125;;;;
264;8;10000;99990000;1;False;64;numpy;True;True;30.495359499938786;1212.13;1241.1;1249.58671875;1305.29296875;;;;
264;9;10000;99990000;1;False;64;numpy;True;True;30.537893500179052;1224.9;1285.4;1249.483984375;1305.2109375;;;;
264;10;10000;99990000;1;False;64;numpy;True;True;30.534997100010514;1233.0300000000002;1274.6;1249.3578125;1305.05859375;;;;
265;1;10000;99990000;1;False;64;cupy;False;False;121.79830790008418;;;;;;;;
265;2;10000;99990000;1;False;64;cupy;False;False;121.81265279999934;;;;;;;;
265;3;10000;99990000;1;False;64;cupy;False;False;121.98074460006319;;;;;;;;
265;4;10000;99990000;1;False;64;cupy;False;False;121.80850980011746;;;;;;;;
265;5;10000;99990000;1;False;64;cupy;False;False;121.80732999998145;;;;;;;;
265;6;10000;99990000;1;False;64;cupy;False;False;121.94003719999455;;;;;;;;
265;7;10000;99990000;1;False;64;cupy;False;False;121.93641060008667;;;;;;;;
265;8;10000;99990000;1;False;64;cupy;False;False;122.1674786999356;;;;;;;;
265;9;10000;99990000;1;False;64;cupy;False;False;121.83137699984945;;;;;;;;
265;10;10000;99990000;1;False;64;cupy;False;False;121.85242490004748;;;;;;;;
266;1;10000;99990000;1;False;64;cupy;True;True;122.47368640010245;99.83;100.0;3179.2171875;3235.08203125;98.7;100;4037.0546875;4037.0546875
266;2;10000;99990000;1;False;64;cupy;True;True;122.46420030016452;99.85;100.0;3179.512109375;3235.34375;98.1;100;4037.0546875;4037.0546875
266;3;10000;99990000;1;False;64;cupy;True;True;122.47012179996818;99.9;100.0;3174.80390625;3211.015625;97.8;98;4037.0546875;4037.0546875
266;4;10000;99990000;1;False;64;cupy;True;True;122.44270469993353;99.72;100.0;3179.416796875;3235.33203125;98.2;100;4037.0546875;4037.0546875
266;5;10000;99990000;1;False;64;cupy;True;True;122.44571590004489;99.77000000000001;100.0;3179.64375;3235.5;98.4;100;4037.0546875;4037.0546875
266;6;10000;99990000;1;False;64;cupy;True;True;122.46974879992194;99.78999999999999;100.1;3179.6453125;3235.5703125;97.9;100;4037.0546875;4037.0546875
266;7;10000;99990000;1;False;64;cupy;True;True;122.4248210999649;99.85;100.1;3179.4609375;3235.30859375;97.8;100;4037.0546875;4037.0546875
266;8;10000;99990000;1;False;64;cupy;True;True;122.46370259998366;99.85;100.1;3179.361328125;3235.24609375;97.5;98;4037.0546875;4037.0546875
266;9;10000;99990000;1;False;64;cupy;True;True;122.46569509990513;99.79;100.1;3179.43671875;3235.2890625;98.1;100;4037.0546875;4037.0546875
266;10;10000;99990000;1;False;64;cupy;True;True;122.45205660001375;99.9;100.2;3179.802734375;3235.6484375;98.4;100;4037.0546875;4037.0546875
267;1;10000;99990000;1;True;32;numpy;False;False;72.957327199867;;;;;;;;
267;2;10000;99990000;1;True;32;numpy;False;False;72.21316000004299;;;;;;;;
267;3;10000;99990000;1;True;32;numpy;False;False;72.21011739992537;;;;;;;;
267;4;10000;99990000;1;True;32;numpy;False;False;72.80113399983384;;;;;;;;
267;5;10000;99990000;1;True;32;numpy;False;False;72.26482650008984;;;;;;;;
267;6;10000;99990000;1;True;32;numpy;False;False;72.17546420008875;;;;;;;;
267;7;10000;99990000;1;True;32;numpy;False;False;71.88615650008433;;;;;;;;
267;8;10000;99990000;1;True;32;numpy;False;False;72.16889850003645;;;;;;;;
267;9;10000;99990000;1;True;32;numpy;False;False;72.2690481999889;;;;;;;;
267;10;10000;99990000;1;True;32;numpy;False;False;72.2572208000347;;;;;;;;
268;1;10000;99990000;1;True;32;numpy;True;True;73.45846340013668;99.56;100.0;1245.779296875;1296.515625;;;;
268;2;10000;99990000;1;True;32;numpy;True;True;73.30187579989433;99.56000000000002;100.1;1248.637109375;1304.23828125;;;;
268;3;10000;99990000;1;True;32;numpy;True;True;73.32246139994822;99.58;100.0;1248.966015625;1304.6328125;;;;
268;4;10000;99990000;1;True;32;numpy;True;True;73.7135192998685;99.43;100.1;1248.741796875;1304.44921875;;;;
268;5;10000;99990000;1;True;32;numpy;True;True;73.68810740020126;99.65;100.1;1248.703125;1304.34765625;;;;
268;6;10000;99990000;1;True;32;numpy;True;True;73.89494749996811;99.62;99.9;1249.132421875;1304.78125;;;;
268;7;10000;99990000;1;True;32;numpy;True;True;73.56279599992558;99.36999999999999;99.9;1249.04375;1304.71484375;;;;
268;8;10000;99990000;1;True;32;numpy;True;True;73.78622480016202;99.59;100.3;1249.284375;1304.99609375;;;;
268;9;10000;99990000;1;True;32;numpy;True;True;73.3962065000087;99.28999999999999;99.7;1248.6140625;1304.32421875;;;;
268;10;10000;99990000;1;True;32;numpy;True;True;73.7170895000454;99.53000000000002;100.1;1249.250390625;1304.91796875;;;;
269;1;10000;99990000;1;True;32;cupy;False;False;537.5623962997925;;;;;;;;
269;2;10000;99990000;1;True;32;cupy;False;False;537.7738131999504;;;;;;;;
269;3;10000;99990000;1;True;32;cupy;False;False;537.6466402001679;;;;;;;;
269;4;10000;99990000;1;True;32;cupy;False;False;537.9930001001339;;;;;;;;
269;5;10000;99990000;1;True;32;cupy;False;False;537.4438982000574;;;;;;;;
269;6;10000;99990000;1;True;32;cupy;False;False;537.3967313000467;;;;;;;;
269;7;10000;99990000;1;True;32;cupy;False;False;121.62294059991837;;;;;;;;
269;8;10000;99990000;1;True;32;cupy;False;False;537.9929505002219;;;;;;;;
269;9;10000;99990000;1;True;32;cupy;False;False;537.6295241001062;;;;;;;;
269;10;10000;99990000;1;True;32;cupy;False;False;121.65937309991568;;;;;;;;
270;1;10000;99990000;1;True;32;cupy;True;True;539.6775773998816;99.86999999999999;100.0;5502.6078125;5563.296875;100.0;100;3987.8546875;4031.0546875
270;2;10000;99990000;1;True;32;cupy;True;True;539.0206844999921;99.83999999999999;100.0;5456.2296875;5492.70703125;100.0;100;4031.0546875;4031.0546875
270;3;10000;99990000;1;True;32;cupy;True;True;122.21626430004835;99.79999999999998;99.9;5469.805859375;5525.6640625;98.1;100;4031.0546875;4031.0546875
270;4;10000;99990000;1;True;32;cupy;True;True;536.988561199978;99.83999999999999;100.0;5456.663671875;5493.16015625;99.8;100;4031.0546875;4031.0546875
270;5;10000;99990000;1;True;32;cupy;True;True;537.3635738999583;99.88999999999999;100.0;5469.915625;5525.828125;99.5;100;4031.0546875;4031.0546875
270;6;10000;99990000;1;True;32;cupy;True;True;537.0558249999303;99.89999999999999;100.0;5460.4984375;5516.48828125;99.6;100;4031.0546875;4031.0546875
270;7;10000;99990000;1;True;32;cupy;True;True;537.7456599001307;99.91;100.0;5456.1671875;5503.20703125;99.5;100;4031.0546875;4031.0546875
270;8;10000;99990000;1;True;32;cupy;True;True;536.6420453998726;99.83999999999999;99.9;5466.5953125;5513.39453125;99.8;100;4031.0546875;4031.0546875
270;9;10000;99990000;1;True;32;cupy;True;True;539.3732074999716;99.75;99.9;5469.2078125;5525.109375;99.4;100;4031.0546875;4031.0546875
270;10;10000;99990000;1;True;32;cupy;True;True;537.1994288999122;99.88;100.0;5469.45859375;5525.421875;99.6;100;4031.0546875;4031.0546875
271;1;10000;99990000;1;True;64;numpy;False;False;74.93201539991423;;;;;;;;
271;2;10000;99990000;1;True;64;numpy;False;False;75.32479789992794;;;;;;;;
271;3;10000;99990000;1;True;64;numpy;False;False;74.49463850003667;;;;;;;;
271;4;10000;99990000;1;True;64;numpy;False;False;74.2884434000589;;;;;;;;
271;5;10000;99990000;1;True;64;numpy;False;False;74.16094209998846;;;;;;;;
271;6;10000;99990000;1;True;64;numpy;False;False;74.81651819986291;;;;;;;;
271;7;10000;99990000;1;True;64;numpy;False;False;74.58695259992965;;;;;;;;
271;8;10000;99990000;1;True;64;numpy;False;False;74.31589570012875;;;;;;;;
271;9;10000;99990000;1;True;64;numpy;False;False;74.94869700004347;;;;;;;;
271;10;10000;99990000;1;True;64;numpy;False;False;74.43218550016172;;;;;;;;
272;1;10000;99990000;1;True;64;numpy;True;True;76.78313859994523;99.52000000000001;100.1;1630.38515625;1686.0625;;;;
272;2;10000;99990000;1;True;64;numpy;True;True;76.65302379988134;99.75;100.0;1630.792578125;1686.46875;;;;
272;3;10000;99990000;1;True;64;numpy;True;True;76.67979890014976;99.60000000000001;100.0;1631.0421875;1686.71875;;;;
272;4;10000;99990000;1;True;64;numpy;True;True;76.47353200009093;99.64000000000001;100.1;1630.753125;1686.453125;;;;
272;5;10000;99990000;1;True;64;numpy;True;True;76.32150200009346;99.57000000000001;100.0;1630.732421875;1686.44140625;;;;
272;6;10000;99990000;1;True;64;numpy;True;True;76.09039189992473;99.52999999999999;100.1;1626.583203125;1678.18359375;;;;
272;7;10000;99990000;1;True;64;numpy;True;True;76.19261960010044;99.53999999999999;99.8;1631.08828125;1686.76171875;;;;
272;8;10000;99990000;1;True;64;numpy;True;True;76.17967460001819;99.66999999999999;100.1;1630.516796875;1686.21484375;;;;
272;9;10000;99990000;1;True;64;numpy;True;True;76.14007359999232;99.60999999999999;100.0;1630.4640625;1686.1640625;;;;
272;10;10000;99990000;1;True;64;numpy;True;True;76.23361749993637;99.41;99.8;1630.844140625;1686.53515625;;;;
273;1;10000;99990000;1;True;64;cupy;False;False;181.91965499985963;;;;;;;;
273;2;10000;99990000;1;True;64;cupy;False;False;181.93311830004677;;;;;;;;
273;3;10000;99990000;1;True;64;cupy;False;False;181.97623070003465;;;;;;;;
273;4;10000;99990000;1;True;64;cupy;False;False;181.84083969984204;;;;;;;;
273;5;10000;99990000;1;True;64;cupy;False;False;181.90825939993374;;;;;;;;
273;6;10000;99990000;1;True;64;cupy;False;False;181.8075164000038;;;;;;;;
273;7;10000;99990000;1;True;64;cupy;False;False;181.83498609997332;;;;;;;;
273;8;10000;99990000;1;True;64;cupy;False;False;181.8580555000808;;;;;;;;
273;9;10000;99990000;1;True;64;cupy;False;False;181.88844610005617;;;;;;;;
273;10;10000;99990000;1;True;64;cupy;False;False;181.96529740002006;;;;;;;;
274;1;10000;99990000;1;True;64;cupy;True;True;182.49729119986296;99.8;100.1;5915.090234375;5970.953125;98.3;100;4031.0546875;4031.0546875
274;2;10000;99990000;1;True;64;cupy;True;True;182.4141013000626;99.83000000000001;100.1;5898.005078125;5953.88671875;98.3;100;4031.0546875;4031.0546875
274;3;10000;99990000;1;True;64;cupy;True;True;182.4648875000421;99.88;100.0;5915.455859375;5971.33984375;99.0;100;4031.0546875;4031.0546875
274;4;10000;99990000;1;True;64;cupy;True;True;182.52101729996502;99.78999999999999;100.0;5915.2296875;5970.859375;98.2;100;4031.0546875;4031.0546875
274;5;10000;99990000;1;True;64;cupy;True;True;182.42433409998193;99.82999999999998;100.0;5915.266015625;5971.18359375;98.5;100;4031.0546875;4031.0546875
274;6;10000;99990000;1;True;64;cupy;True;True;182.44356729998253;99.80000000000001;100.0;5915.269140625;5971.13671875;98.9;100;4031.0546875;4031.0546875
274;7;10000;99990000;1;True;64;cupy;True;True;182.44449010002427;99.86999999999999;100.1;5892.854296875;5938.9375;98.6;100;4031.0546875;4031.0546875
274;8;10000;99990000;1;True;64;cupy;True;True;182.48676349991;99.77000000000001;100.0;5915.652734375;5971.4765625;99.1;100;4031.0546875;4031.0546875
274;9;10000;99990000;1;True;64;cupy;True;True;182.39167380006984;99.83;100.0;5915.37421875;5971.23828125;98.7;100;4031.0546875;4031.0546875
274;10;10000;99990000;1;True;64;cupy;True;True;182.37909940001555;99.74999999999999;99.8;5909.283203125;5946.97265625;99.1;100;4031.0546875;4031.0546875
