id;repeticion;neuronas;conexiones;densidad_conexiones;sparse;precision;backend;mostrar_progreso;medir_rendimiento;tiempo_total;tiempo_ejecucion;cpu_media;cpu_maxima;ram_media;ram_maxima;gpu_media;gpu_maxima;vram_media;vram_maxima
1;1;1;;;;;;False;False;0.8400707999244332;0.002347900066524744;;;;;;;;
1;2;1;;;;;;False;False;0.8191349001135677;0.002467700047418475;;;;;;;;
1;3;1;;;;;;False;False;0.859311600215733;0.0024989000521600246;;;;;;;;
1;4;1;;;;;;False;False;0.826259900117293;0.0023972000926733017;;;;;;;;
1;5;1;;;;;;False;False;0.7938618999905884;0.0023909001611173153;;;;;;;;
1;6;1;;;;;;False;False;0.7954134000465274;0.0026165000163018703;;;;;;;;
1;7;1;;;;;;False;False;0.7959663001820445;0.0024203001521527767;;;;;;;;
1;8;1;;;;;;False;False;0.8038512000348419;0.002496300032362342;;;;;;;;
1;9;1;;;;;;False;False;0.7955236001871526;0.0024747001007199287;;;;;;;;
1;10;1;;;;;;False;False;0.7972420000005513;0.0024161001201719046;;;;;;;;
2;1;1;;;;;;True;True;0.8110148999840021;0.0057697000447660685;0.0;0;340.03359375;340.03515625;;;;
2;2;1;;;;;;True;True;0.8044539999682456;0.004950500093400478;332.31;3323.1;340.025390625;340.02734375;;;;
2;3;1;;;;;;True;True;0.8105574001092464;0.005007699830457568;330.96999999999997;3309.7;340.16640625;340.16796875;;;;
2;4;1;;;;;;True;True;0.7924092998728156;0.004542200127616525;352.87;3528.7;340.197265625;340.19921875;;;;
2;5;1;;;;;;True;True;0.8077601999975741;0.0049237001221627;280.12;2801.2;340.0296875;340.03125;;;;
2;6;1;;;;;;True;True;0.799895100062713;0.004950100090354681;0.0;0;339.8578125;339.859375;;;;
2;7;1;;;;;;True;True;0.80788360000588;0.005406700074672699;0.0;0;340.326171875;340.328125;;;;
2;8;1;;;;;;True;True;0.8072889000177383;0.005498499842360616;298.59000000000003;2985.9;340.08984375;340.09375;;;;
2;9;1;;;;;;True;True;0.8015734001528472;0.005076400004327297;0.0;0;340.32578125;340.328125;;;;
2;10;1;;;;;;True;True;0.814952600048855;0.005405500065535307;0.0;0;340.036328125;340.0390625;;;;
3;1;1;0;0;False;32;numpy;False;False;0.8183355999644846;0.024754300015047193;;;;;;;;
3;2;1;0;0;False;32;numpy;False;False;0.8166346000507474;0.025761299999430776;;;;;;;;
3;3;1;0;0;False;32;numpy;False;False;0.8276472999714315;0.02467449987307191;;;;;;;;
3;4;1;0;0;False;32;numpy;False;False;0.8267600000835955;0.024694900028407574;;;;;;;;
3;5;1;0;0;False;32;numpy;False;False;0.8245178000070155;0.024322499986737967;;;;;;;;
3;6;1;0;0;False;32;numpy;False;False;0.8211053998675197;0.024736399995163083;;;;;;;;
3;7;1;0;0;False;32;numpy;False;False;0.8259318000636995;0.02493240009061992;;;;;;;;
3;8;1;0;0;False;32;numpy;False;False;0.8208894000854343;0.024499600054696202;;;;;;;;
3;9;1;0;0;False;32;numpy;False;False;0.8266112001147121;0.024604100035503507;;;;;;;;
3;10;1;0;0;False;32;numpy;False;False;0.8228008998557925;0.024734800215810537;;;;;;;;
4;1;1;0;0;False;32;numpy;True;True;0.8292936000507325;0.029878699919208884;107.3;552.5;340.348828125;340.35546875;;;;
4;2;1;0;0;False;32;numpy;True;True;0.8258337001316249;0.02982899989001453;102.25999999999999;518.9;340.003125;340.0078125;;;;
4;3;1;0;0;False;32;numpy;True;True;0.8271970998030156;0.03063710010610521;107.85999999999999;546.5;340.76015625;340.765625;;;;
4;4;1;0;0;False;32;numpy;True;True;0.8297743001021445;0.03019939991645515;55.660000000000004;556.6;340.04140625;340.04296875;;;;
4;5;1;0;0;False;32;numpy;True;True;0.8484934000298381;0.029172000009566545;109.16999999999999;573.8;340.271875;340.2734375;;;;
4;6;1;0;0;False;32;numpy;True;True;0.8265544001478702;0.029979299986734986;109.3;572.2;340.060546875;340.0625;;;;
4;7;1;0;0;False;32;numpy;True;True;0.8335748999379575;0.029737499775364995;108.05;602.3;340.189453125;340.19140625;;;;
4;8;1;0;0;False;32;numpy;True;True;0.8402229000348598;0.030223200097680092;103.9;542.2;340.185546875;340.1875;;;;
4;9;1;0;0;False;32;numpy;True;True;0.8511482998728752;0.030927699990570545;102.68000000000002;514.7;340.4828125;340.48828125;;;;
4;10;1;0;0;False;32;numpy;True;True;0.827054699882865;0.03059810004197061;52.19;521.9;340.548828125;340.55078125;;;;
5;1;1;0;0;False;32;cupy;False;False;2.244403300108388;1.222427099943161;;;;;;;;
5;2;1;0;0;False;32;cupy;False;False;2.208272899966687;1.2106008999980986;;;;;;;;
5;3;1;0;0;False;32;cupy;False;False;2.1863164000678807;1.1853411998599768;;;;;;;;
5;4;1;0;0;False;32;cupy;False;False;2.1486766999587417;1.155750900041312;;;;;;;;
5;5;1;0;0;False;32;cupy;False;False;2.159127499908209;1.1726704000029713;;;;;;;;
5;6;1;0;0;False;32;cupy;False;False;2.210311100119725;1.1860420000739396;;;;;;;;
5;7;1;0;0;False;32;cupy;False;False;2.188438900047913;1.1852981001138687;;;;;;;;
5;8;1;0;0;False;32;cupy;False;False;2.1609661001712084;1.166535200085491;;;;;;;;
5;9;1;0;0;False;32;cupy;False;False;2.134624200174585;1.142582500120625;;;;;;;;
5;10;1;0;0;False;32;cupy;False;False;2.187279300065711;1.1592765001114458;;;;;;;;
6;1;1;0;0;False;32;cupy;True;True;2.220344299916178;1.1991767999716103;98.30999999999999;110.4;431.826171875;431.8359375;10.0;11;303.0546875;303.0546875
6;2;1;0;0;False;32;cupy;True;True;2.1874075999949127;1.1808357001282275;100.51;111.2;431.96953125;431.98046875;9.1;11;303.0546875;303.0546875
6;3;1;0;0;False;32;cupy;True;True;2.2078172999899834;1.1823789000045508;100.5;110.3;432.209375;432.21875;8.6;11;303.0546875;303.0546875
6;4;1;0;0;False;32;cupy;True;True;2.195528599899262;1.1818015000317246;99.28;111.8;431.7640625;431.7734375;9.2;12;303.0546875;303.0546875
6;5;1;0;0;False;32;cupy;True;True;2.2332352998200804;1.1884107000660151;99.72999999999999;109.9;432.01640625;432.0234375;11.0;11;303.0546875;303.0546875
6;6;1;0;0;False;32;cupy;True;True;2.2286388999782503;1.2094387002289295;95.17000000000002;110.2;431.962890625;431.97265625;7.2;11;303.0546875;303.0546875
6;7;1;0;0;False;32;cupy;True;True;2.247941899811849;1.2217109000775963;98.16;109.3;431.81328125;431.8203125;10.8;11;303.0546875;303.0546875
6;8;1;0;0;False;32;cupy;True;True;2.2162254999857396;1.172539999941364;96.63;110.5;431.892578125;431.90234375;9.0;11;303.0546875;303.0546875
6;9;1;0;0;False;32;cupy;True;True;2.2029542999807745;1.1772827000822872;98.4;109.1;431.89921875;431.90625;10.4;12;303.0546875;303.0546875
6;10;1;0;0;False;32;cupy;True;True;2.224659899948165;1.1904637000989169;97.96000000000001;109.8;431.584375;431.59375;9.5;11;303.0546875;303.0546875
7;1;1;0;0;False;64;numpy;False;False;0.8303536998573691;0.024219999788329005;;;;;;;;
7;2;1;0;0;False;64;numpy;False;False;0.8187376998830587;0.024069800041615963;;;;;;;;
7;3;1;0;0;False;64;numpy;False;False;0.8167417000513524;0.023947600042447448;;;;;;;;
7;4;1;0;0;False;64;numpy;False;False;0.8198671999853104;0.02396350004710257;;;;;;;;
7;5;1;0;0;False;64;numpy;False;False;0.871268100105226;0.024073100183159113;;;;;;;;
7;6;1;0;0;False;64;numpy;False;False;0.8266082999762148;0.024153699865564704;;;;;;;;
7;7;1;0;0;False;64;numpy;False;False;0.8214030000381172;0.02359610004350543;;;;;;;;
7;8;1;0;0;False;64;numpy;False;False;0.8219268000684679;0.024032199988141656;;;;;;;;
7;9;1;0;0;False;64;numpy;False;False;0.8272450999356806;0.023955299984663725;;;;;;;;
7;10;1;0;0;False;64;numpy;False;False;0.8188556998502463;0.023982299957424402;;;;;;;;
8;1;1;0;0;False;64;numpy;True;True;0.8666598000563681;0.029568699887022376;105.33000000000001;540.1;340.208984375;340.2109375;;;;
8;2;1;0;0;False;64;numpy;True;True;0.8360923000145704;0.02899169991724193;110.38000000000002;555.2;340.056640625;340.05859375;;;;
8;3;1;0;0;False;64;numpy;True;True;0.8377408999949694;0.029879300156608224;96.13;482.9;340.600390625;340.60546875;;;;
8;4;1;0;0;False;64;numpy;True;True;0.8324695997871459;0.02902609994634986;104.80999999999999;556.2;340.041015625;340.04296875;;;;
8;5;1;0;0;False;64;numpy;True;True;0.8311005998402834;0.028559800004586577;51.71;517.1;340.34921875;340.3515625;;;;
8;6;1;0;0;False;64;numpy;True;True;0.8260838999412954;0.028994299937039614;113.74000000000001;622.9;340.0453125;340.046875;;;;
8;7;1;0;0;False;64;numpy;True;True;0.8306016998831183;0.029151500202715397;58.33;583.3;340.388671875;340.390625;;;;
8;8;1;0;0;False;64;numpy;True;True;0.8239404000341892;0.02924880012869835;104.2;550.1;340.556640625;340.55859375;;;;
8;9;1;0;0;False;64;numpy;True;True;0.8245834999252111;0.027976199984550476;108.95;555.1;340.181640625;340.18359375;;;;
8;10;1;0;0;False;64;numpy;True;True;0.8167610000818968;0.02933440008200705;57.56;575.6;340.236328125;340.23828125;;;;
9;1;1;0;0;False;64;cupy;False;False;2.1934965001419187;1.1903637000359595;;;;;;;;
9;2;1;0;0;False;64;cupy;False;False;2.1426439001224935;1.157421300187707;;;;;;;;
9;3;1;0;0;False;64;cupy;False;False;2.180127599975094;1.1926943000871688;;;;;;;;
9;4;1;0;0;False;64;cupy;False;False;2.1616877999622375;1.1640371999237686;;;;;;;;
9;5;1;0;0;False;64;cupy;False;False;2.1504978998564184;1.1616154999937862;;;;;;;;
9;6;1;0;0;False;64;cupy;False;False;2.183297800133005;1.1544209001585841;;;;;;;;
9;7;1;0;0;False;64;cupy;False;False;2.153605100000277;1.1657277999911457;;;;;;;;
9;8;1;0;0;False;64;cupy;False;False;2.177667499985546;1.1800136999227107;;;;;;;;
9;9;1;0;0;False;64;cupy;False;False;2.1474260999821126;1.15854680002667;;;;;;;;
9;10;1;0;0;False;64;cupy;False;False;2.153805600013584;1.1584905001800507;;;;;;;;
10;1;1;0;0;False;64;cupy;True;True;2.209242100128904;1.1648297000210732;99.28;112.0;431.61875;431.62890625;10.5;12;303.0546875;303.0546875
10;2;1;0;0;False;64;cupy;True;True;2.2177336998283863;1.2093815000262111;99.07000000000002;110.2;431.3515625;431.359375;8.7;11;303.0546875;303.0546875
10;3;1;0;0;False;64;cupy;True;True;2.2836708000395447;1.1998043998610228;100.28999999999999;109.9;431.875390625;431.8828125;8.9;11;303.0546875;303.0546875
10;4;1;0;0;False;64;cupy;True;True;2.182383499806747;1.1657666000537574;99.61999999999999;111.3;431.5640625;431.57421875;10.3;12;303.0546875;303.0546875
10;5;1;0;0;False;64;cupy;True;True;2.264110199874267;1.2388546001166105;94.17;110.4;431.548828125;431.55859375;11.0;11;303.0546875;303.0546875
10;6;1;0;0;False;64;cupy;True;True;2.191387200029567;1.182912499876693;99.22;109.3;431.642578125;431.65234375;8.8;11;303.0546875;303.0546875
10;7;1;0;0;False;64;cupy;True;True;2.203294300008565;1.1841931999661028;99.39000000000001;109.1;431.879296875;431.88671875;11.2;12;303.0546875;303.0546875
10;8;1;0;0;False;64;cupy;True;True;2.2260195000562817;1.185851899906993;99.66;109.6;431.719921875;431.73046875;9.8;11;303.0546875;303.0546875
10;9;1;0;0;False;64;cupy;True;True;2.2088756999000907;1.1870405999943614;100.06;109.8;431.712890625;431.72265625;10.0;12;303.0546875;303.0546875
10;10;1;0;0;False;64;cupy;True;True;2.1933577999006957;1.1756281000562012;99.61;109.2;431.74296875;431.75390625;9.8;11;303.0546875;303.0546875
11;1;1;0;0;True;32;numpy;False;False;0.82231630012393;0.029096300015226007;;;;;;;;
11;2;1;0;0;True;32;numpy;False;False;0.8163604999426752;0.028536500176414847;;;;;;;;
11;3;1;0;0;True;32;numpy;False;False;0.8108087999280542;0.028431799961254;;;;;;;;
11;4;1;0;0;True;32;numpy;False;False;0.8190971999429166;0.02871469990350306;;;;;;;;
11;5;1;0;0;True;32;numpy;False;False;0.8511631998699158;0.02912710001692176;;;;;;;;
11;6;1;0;0;True;32;numpy;False;False;0.8248560000211;0.028923099860548973;;;;;;;;
11;7;1;0;0;True;32;numpy;False;False;0.8439625999890268;0.029340799897909164;;;;;;;;
11;8;1;0;0;True;32;numpy;False;False;0.8300542000215501;0.029233699897304177;;;;;;;;
11;9;1;0;0;True;32;numpy;False;False;0.8284412999637425;0.028668100014328957;;;;;;;;
11;10;1;0;0;True;32;numpy;False;False;0.8198019000701606;0.029117700178176165;;;;;;;;
12;1;1;0;0;True;32;numpy;True;True;0.8346893000416458;0.035573599860072136;87.92999999999999;442.0;340.318359375;340.3203125;;;;
12;2;1;0;0;True;32;numpy;True;True;0.8292632999364287;0.033230500062927604;97.52000000000001;493.7;340.259765625;340.26171875;;;;
12;3;1;0;0;True;32;numpy;True;True;0.8455934999510646;0.03363880002871156;90.60999999999999;457.2;340.568359375;340.5703125;;;;
12;4;1;0;0;True;32;numpy;True;True;0.8585711000487208;0.033270300133153796;98.08;495.1;340.126171875;340.12890625;;;;
12;5;1;0;0;True;32;numpy;True;True;0.8420417001470923;0.034627400105819106;83.03999999999999;441.5;340.287109375;340.2890625;;;;
12;6;1;0;0;True;32;numpy;True;True;0.8315204000100493;0.0346522000618279;130.23000000000002;482.2;340.353515625;340.35546875;;;;
12;7;1;0;0;True;32;numpy;True;True;0.835921399993822;0.03397090011276305;95.17;490.5;340.20078125;340.20703125;;;;
12;8;1;0;0;True;32;numpy;True;True;0.8321027001366019;0.033808100037276745;95.92;486.7;340.1109375;340.11328125;;;;
12;9;1;0;0;True;32;numpy;True;True;0.8369384999386966;0.034233300015330315;91.32000000000001;475.2;340.115234375;340.1171875;;;;
12;10;1;0;0;True;32;numpy;True;True;0.8675724999047816;0.033849400002509356;95.62;481.7;340.388671875;340.390625;;;;
13;1;1;0;0;True;32;cupy;False;False;2.066267899936065;1.1185814999043941;;;;;;;;
13;2;1;0;0;True;32;cupy;False;False;2.059619599953294;1.1082888999953866;;;;;;;;
13;3;1;0;0;True;32;cupy;False;False;2.076425699982792;1.1194235000293702;;;;;;;;
13;4;1;0;0;True;32;cupy;False;False;2.0889024001080543;1.1233286000788212;;;;;;;;
13;5;1;0;0;True;32;cupy;False;False;2.0797077000606805;1.1142187002114952;;;;;;;;
13;6;1;0;0;True;32;cupy;False;False;2.0792999998666346;1.1233900000806898;;;;;;;;
13;7;1;0;0;True;32;cupy;False;False;2.0853392998687923;1.1294503998942673;;;;;;;;
13;8;1;0;0;True;32;cupy;False;False;2.0826449999585748;1.1184225000906736;;;;;;;;
13;9;1;0;0;True;32;cupy;False;False;2.091885499889031;1.1240299998316914;;;;;;;;
13;10;1;0;0;True;32;cupy;False;False;2.0810191000346094;1.1256150000263005;;;;;;;;
14;1;1;0;0;True;32;cupy;True;True;2.1282804999500513;1.1510228998959064;99.54;113.6;394.215625;394.22265625;8.8;11;301.0546875;301.0546875
14;2;1;0;0;True;32;cupy;True;True;2.1297846999950707;1.1445551998913288;99.94000000000001;112.4;394.94609375;394.953125;9.5;11;301.0546875;301.0546875
14;3;1;0;0;True;32;cupy;True;True;2.139202899998054;1.1652955000754446;97.54;108.0;394.008984375;394.015625;9.8;11;301.0546875;301.0546875
14;4;1;0;0;True;32;cupy;True;True;2.1245262001175433;1.1488358001224697;98.33000000000001;103.2;393.980859375;393.98828125;9.5;11;301.0546875;301.0546875
14;5;1;0;0;True;32;cupy;True;True;2.1093925000168383;1.1453272998332977;96.91;100.8;393.9265625;393.93359375;8.8;11;301.0546875;301.0546875
14;6;1;0;0;True;32;cupy;True;True;2.1336760001722723;1.1640734998509288;98.97;111.7;393.856640625;393.86328125;9.9;11;301.0546875;301.0546875
14;7;1;0;0;True;32;cupy;True;True;2.1070139999501407;1.1361703998409212;99.11;106.7;394.00859375;394.015625;10.4;12;301.0546875;301.0546875
14;8;1;0;0;True;32;cupy;True;True;2.1554974999744445;1.157520700013265;99.04;111.1;393.849609375;393.859375;9.8;11;301.0546875;301.0546875
14;9;1;0;0;True;32;cupy;True;True;2.121490499936044;1.1513860998675227;97.51;113.0;394.357421875;394.3671875;8.8;11;301.0546875;301.0546875
14;10;1;0;0;True;32;cupy;True;True;2.1403973000124097;1.1741655999794602;98.4;103.7;393.952734375;393.96484375;9.9;11;301.0546875;301.0546875
15;1;1;0;0;True;64;numpy;False;False;0.8442492999602109;0.027822100091725588;;;;;;;;
15;2;1;0;0;True;64;numpy;False;False;0.8352372997906059;0.02784250001423061;;;;;;;;
15;3;1;0;0;True;64;numpy;False;False;0.8318609001580626;0.02825720002874732;;;;;;;;
15;4;1;0;0;True;64;numpy;False;False;0.8169301999732852;0.027779099997133017;;;;;;;;
15;5;1;0;0;True;64;numpy;False;False;0.8357211998663843;0.02798670018091798;;;;;;;;
15;6;1;0;0;True;64;numpy;False;False;0.8411935998592526;0.02795159979723394;;;;;;;;
15;7;1;0;0;True;64;numpy;False;False;0.8282521998044103;0.028141000075265765;;;;;;;;
15;8;1;0;0;True;64;numpy;False;False;0.839266600087285;0.027648499934002757;;;;;;;;
15;9;1;0;0;True;64;numpy;False;False;0.8306010998785496;0.0276806999463588;;;;;;;;
15;10;1;0;0;True;64;numpy;False;False;0.8214664999395609;0.028088999912142754;;;;;;;;
16;1;1;0;0;True;64;numpy;True;True;0.8417867000680417;0.03339109988883138;94.35;482.8;340.345703125;340.34765625;;;;
16;2;1;0;0;True;64;numpy;True;True;0.8405020998325199;0.033352999947965145;142.76999999999998;487.1;340.646484375;340.6484375;;;;
16;3;1;0;0;True;64;numpy;True;True;0.8328020998742431;0.03263660008087754;99.27000000000001;509.4;340.091796875;340.09375;;;;
16;4;1;0;0;True;64;numpy;True;True;0.8551386999897659;0.034430500119924545;96.5;491.4;340.142578125;340.14453125;;;;
16;5;1;0;0;True;64;numpy;True;True;0.8383436999283731;0.032247900031507015;100.84;512.3;340.392578125;340.39453125;;;;
16;6;1;0;0;True;64;numpy;True;True;0.8356338997837156;0.0326857001055032;97.81;500.5;340.59140625;340.59375;;;;
16;7;1;0;0;True;64;numpy;True;True;0.8337522998917848;0.03321280004456639;96.16;495.9;340.373046875;340.375;;;;
16;8;1;0;0;True;64;numpy;True;True;0.828341200016439;0.033336899941787124;97.09;489.3;340.352734375;340.35546875;;;;
16;9;1;0;0;True;64;numpy;True;True;0.8325042000506073;0.03239369997754693;99.09;495.9;340.466796875;340.46875;;;;
16;10;1;0;0;True;64;numpy;True;True;0.833531100070104;0.03332090005278587;95.14000000000001;499.3;340.275;340.28125;;;;
17;1;1;0;0;True;64;cupy;False;False;2.083478500135243;1.1216589000541717;;;;;;;;
17;2;1;0;0;True;64;cupy;False;False;2.0661897000391036;1.111532400129363;;;;;;;;
17;3;1;0;0;True;64;cupy;False;False;2.0495166000910103;1.102115800138563;;;;;;;;
17;4;1;0;0;True;64;cupy;False;False;2.0922298999503255;1.1237629998940974;;;;;;;;
17;5;1;0;0;True;64;cupy;False;False;2.1175967000890523;1.1403873001690954;;;;;;;;
17;6;1;0;0;True;64;cupy;False;False;2.0641214998904616;1.117484100162983;;;;;;;;
17;7;1;0;0;True;64;cupy;False;False;2.0635820999741554;1.120866799959913;;;;;;;;
17;8;1;0;0;True;64;cupy;False;False;2.0696409998927265;1.1150944998953491;;;;;;;;
17;9;1;0;0;True;64;cupy;False;False;2.0713152000680566;1.1139214001595974;;;;;;;;
17;10;1;0;0;True;64;cupy;False;False;2.0805965000763535;1.12319379998371;;;;;;;;
18;1;1;0;0;True;64;cupy;True;True;2.100172499893233;1.1431076999288052;99.65;106.1;393.692578125;393.703125;9.4;11;301.0546875;301.0546875
18;2;1;0;0;True;64;cupy;True;True;2.1112568997778;1.13318459992297;99.3;111.1;393.738671875;393.74609375;9.8;11;301.0546875;301.0546875
18;3;1;0;0;True;64;cupy;True;True;2.1489736998919398;1.1706345998682082;100.29;112.2;393.6796875;393.69140625;8.8;11;301.0546875;301.0546875
18;4;1;0;0;True;64;cupy;True;True;2.1388988997787237;1.1630736000370234;98.4;107.8;393.828125;393.8359375;9.9;11;301.0546875;301.0546875
18;5;1;0;0;True;64;cupy;True;True;2.165520500158891;1.1550447999034077;99.79999999999998;105.4;393.88203125;393.89453125;9.0;12;301.0546875;301.0546875
18;6;1;0;0;True;64;cupy;True;True;2.74056369997561;1.570435900008306;93.58000000000001;109.7;393.916796875;393.9296875;9.2;11;301.0546875;301.0546875
18;7;1;0;0;True;64;cupy;True;True;2.259978499962017;1.1903044001664966;97.96;110.3;393.99296875;394.0;9.4;11;301.0546875;301.0546875
18;8;1;0;0;True;64;cupy;True;True;2.3439293999690562;1.2568296000827104;99.38999999999999;110.5;393.726171875;393.734375;8.4;11;302.426953125;308.14453125
18;9;1;0;0;True;64;cupy;True;True;2.507914299843833;1.3573956000618637;97.83999999999999;105.5;393.984765625;393.9921875;11.0;12;302.471484375;308.0
18;10;1;0;0;True;64;cupy;True;True;2.340745900059119;1.2360609997995198;99.75999999999999;109.1;393.944921875;393.953125;9.5;11;301.0546875;301.0546875
19;1;10;0;0;False;32;numpy;False;False;0.8539454999845475;0.027338699903339148;;;;;;;;
19;2;10;0;0;False;32;numpy;False;False;0.8480764999985695;0.02593420003540814;;;;;;;;
19;3;10;0;0;False;32;numpy;False;False;0.8373747998848557;0.02598010003566742;;;;;;;;
19;4;10;0;0;False;32;numpy;False;False;0.8265592998359352;0.026056600036099553;;;;;;;;
19;5;10;0;0;False;32;numpy;False;False;0.8479164000600576;0.026429099962115288;;;;;;;;
19;6;10;0;0;False;32;numpy;False;False;0.8568246001377702;0.026155800092965364;;;;;;;;
19;7;10;0;0;False;32;numpy;False;False;0.8389197001233697;0.02597830002196133;;;;;;;;
19;8;10;0;0;False;32;numpy;False;False;0.8210012000054121;0.025975599884986877;;;;;;;;
19;9;10;0;0;False;32;numpy;False;False;0.8286247998476028;0.025559100089594722;;;;;;;;
19;10;10;0;0;False;32;numpy;False;False;0.8295014000032097;0.02591450000181794;;;;;;;;
20;1;10;0;0;False;32;numpy;True;True;0.8473592000082135;0.030751599930226803;104.25;522.6;340.650390625;340.65234375;;;;
20;2;10;0;0;False;32;numpy;True;True;0.8490308001637459;0.031515699811279774;97.94000000000001;501.6;340.65;340.65234375;;;;
20;3;10;0;0;False;32;numpy;True;True;0.8419387999456376;0.032013799995183945;100.74;542.5;340.4515625;340.453125;;;;
20;4;10;0;0;False;32;numpy;True;True;0.8730658998247236;0.03406530013307929;86.55;469.1;340.435546875;340.44921875;;;;
20;5;10;0;0;False;32;numpy;True;True;0.8503080999944359;0.03168849996291101;96.33;508.2;340.68203125;340.68359375;;;;
20;6;10;0;0;False;32;numpy;True;True;0.841651099966839;0.03105869982391596;105.25999999999999;539.7;340.604296875;340.6171875;;;;
20;7;10;0;0;False;32;numpy;True;True;0.8404735999647528;0.031426699832081795;99.52000000000001;524.5;340.282421875;340.2890625;;;;
20;8;10;0;0;False;32;numpy;True;True;0.8375907000154257;0.031073799822479486;102.66;523.5;340.3421875;340.34375;;;;
20;9;10;0;0;False;32;numpy;True;True;0.846780100138858;0.031124799977988005;100.61;514.1;340.259765625;340.26171875;;;;
20;10;10;0;0;False;32;numpy;True;True;0.8544127999339253;0.030973199987784028;103.88;534.5;340.401953125;340.41796875;;;;
21;1;10;0;0;False;32;cupy;False;False;2.1796196000650525;1.171161999925971;;;;;;;;
21;2;10;0;0;False;32;cupy;False;False;2.087292700074613;1.0936035998165607;;;;;;;;
21;3;10;0;0;False;32;cupy;False;False;2.1188815999776125;1.0975707999896258;;;;;;;;
21;4;10;0;0;False;32;cupy;False;False;2.1055719000287354;1.1044314000755548;;;;;;;;
21;5;10;0;0;False;32;cupy;False;False;2.1127716000191867;1.0952063000295311;;;;;;;;
21;6;10;0;0;False;32;cupy;False;False;2.0963084001559764;1.0931851998902857;;;;;;;;
21;7;10;0;0;False;32;cupy;False;False;2.0860764000099152;1.0921253999695182;;;;;;;;
21;8;10;0;0;False;32;cupy;False;False;2.0925080999732018;1.0987914998549968;;;;;;;;
21;9;10;0;0;False;32;cupy;False;False;2.099947600159794;1.0835917999502271;;;;;;;;
21;10;10;0;0;False;32;cupy;False;False;2.101683899993077;1.0940045001916587;;;;;;;;
22;1;10;0;0;False;32;cupy;True;True;2.1536879998166114;1.1184469999279827;100.84;107.0;472.503125;472.51171875;7.6;12;309.0546875;309.0546875
22;2;10;0;0;False;32;cupy;True;True;2.141958500025794;1.1154933001380414;98.65999999999998;107.6;473.139453125;473.234375;9.2;12;309.0546875;309.0546875
22;3;10;0;0;False;32;cupy;True;True;2.1655500000342727;1.1464237000327557;99.58000000000001;106.6;472.544140625;472.55078125;10.5;12;309.0546875;309.0546875
22;4;10;0;0;False;32;cupy;True;True;2.1790320000145584;1.1384228998795152;101.32000000000001;106.2;472.8359375;472.84375;8.3;12;309.0546875;309.0546875
22;5;10;0;0;False;32;cupy;True;True;2.1616592998616397;1.1231968000065535;99.44000000000001;107.2;472.7046875;472.71875;9.2;12;309.0546875;309.0546875
22;6;10;0;0;False;32;cupy;True;True;2.209268700098619;1.130224300082773;99.23;106.6;473.133203125;473.140625;9.6;12;309.0546875;309.0546875
22;7;10;0;0;False;32;cupy;True;True;2.128917400026694;1.1112016001716256;98.97000000000001;107.6;472.722265625;472.73046875;7.6;12;309.0546875;309.0546875
22;8;10;0;0;False;32;cupy;True;True;2.167925300076604;1.1346231000497937;100.55;107.5;472.841015625;472.84765625;8.6;12;309.0546875;309.0546875
22;9;10;0;0;False;32;cupy;True;True;2.1768230001907796;1.1187760999891907;99.28;109.4;472.4390625;472.515625;9.8;12;309.0546875;309.0546875
22;10;10;0;0;False;32;cupy;True;True;2.161564900074154;1.1078057000413537;100.11999999999999;109.7;472.59765625;472.60546875;7.3;12;309.0546875;309.0546875
23;1;10;0;0;False;64;numpy;False;False;0.8316792999394238;0.022554900031536818;;;;;;;;
23;2;10;0;0;False;64;numpy;False;False;0.8284484001342207;0.02150199981406331;;;;;;;;
23;3;10;0;0;False;64;numpy;False;False;0.831644200021401;0.02128309989348054;;;;;;;;
23;4;10;0;0;False;64;numpy;False;False;0.818793100072071;0.021545599913224578;;;;;;;;
23;5;10;0;0;False;64;numpy;False;False;0.8295527000445873;0.02148599992506206;;;;;;;;
23;6;10;0;0;False;64;numpy;False;False;0.8343342998996377;0.021630699979141355;;;;;;;;
23;7;10;0;0;False;64;numpy;False;False;0.8286574000958353;0.021344600012525916;;;;;;;;
23;8;10;0;0;False;64;numpy;False;False;0.8240998999681324;0.021206900011748075;;;;;;;;
23;9;10;0;0;False;64;numpy;False;False;0.8303694999776781;0.021238400135189295;;;;;;;;
23;10;10;0;0;False;64;numpy;False;False;0.8322618000674993;0.021409599808976054;;;;;;;;
24;1;10;0;0;False;64;numpy;True;True;0.8350339999888092;0.02707960014231503;53.71;537.1;340.201171875;340.203125;;;;
24;2;10;0;0;False;64;numpy;True;True;0.8584760001394898;0.030947099905461073;114.62;587.5;340.411328125;340.4140625;;;;
24;3;10;0;0;False;64;numpy;True;True;0.8441213998012245;0.026302099926397204;61.629999999999995;616.3;340.50234375;340.50390625;;;;
24;4;10;0;0;False;64;numpy;True;True;0.8475940998177975;0.027142199920490384;50.6;506.0;340.669921875;340.671875;;;;
24;5;10;0;0;False;64;numpy;True;True;0.8438607999123633;0.0267149000428617;119.89000000000001;613.8;340.753515625;340.76953125;;;;
24;6;10;0;0;False;64;numpy;True;True;0.8343280002009124;0.02706869994290173;117.66;600.6;340.372265625;340.375;;;;
24;7;10;0;0;False;64;numpy;True;True;0.8372378000058234;0.02621679985895753;122.54;631.7;340.396875;340.3984375;;;;
24;8;10;0;0;False;64;numpy;True;True;0.8365833000279963;0.02696250006556511;55.92999999999999;559.3;340.612890625;340.62890625;;;;
24;9;10;0;0;False;64;numpy;True;True;0.8453164999373257;0.0272601000033319;120.56999999999998;616.3;340.312890625;340.31640625;;;;
24;10;10;0;0;False;64;numpy;True;True;0.8382226000539958;0.026788099901750684;126.86999999999998;635.3;340.48984375;340.4921875;;;;
25;1;10;0;0;False;64;cupy;False;False;2.1230757001321763;1.1269630000460893;;;;;;;;
25;2;10;0;0;False;64;cupy;False;False;2.066750699887052;1.075872200075537;;;;;;;;
25;3;10;0;0;False;64;cupy;False;False;2.07152480003424;1.0728448999579996;;;;;;;;
25;4;10;0;0;False;64;cupy;False;False;2.1513016000390053;1.0877541999798268;;;;;;;;
25;5;10;0;0;False;64;cupy;False;False;2.076357000041753;1.0825847999658436;;;;;;;;
25;6;10;0;0;False;64;cupy;False;False;2.08084399998188;1.089297499973327;;;;;;;;
25;7;10;0;0;False;64;cupy;False;False;2.070684799924493;1.0827097001019865;;;;;;;;
25;8;10;0;0;False;64;cupy;False;False;2.082402199972421;1.0899157000239938;;;;;;;;
25;9;10;0;0;False;64;cupy;False;False;2.1101702000014484;1.0878118998371065;;;;;;;;
25;10;10;0;0;False;64;cupy;False;False;2.08489240007475;1.0802609999664128;;;;;;;;
26;1;10;0;0;False;64;cupy;True;True;2.1549440999515355;1.112005400005728;98.97;106.9;432.60625;432.6171875;10.9;13;309.0546875;309.0546875
26;2;10;0;0;False;64;cupy;True;True;2.1723625999875367;1.1367347000632435;98.15;107.0;432.441796875;432.453125;10.1;13;309.0546875;309.0546875
26;3;10;0;0;False;64;cupy;True;True;2.175600100075826;1.1703508000355214;99.47999999999999;104.3;432.9328125;432.9453125;8.9;13;309.0546875;309.0546875
26;4;10;0;0;False;64;cupy;True;True;2.1603887998498976;1.1276227000635117;99.38;105.6;432.476953125;432.48828125;12.1;13;309.0546875;309.0546875
26;5;10;0;0;False;64;cupy;True;True;2.1528431000187993;1.1111745999660343;98.41999999999999;105.4;432.47578125;432.484375;11.7;13;309.0546875;309.0546875
26;6;10;0;0;False;64;cupy;True;True;2.1252115999814123;1.0927386002149433;98.61;108.4;432.817578125;432.87890625;10.0;13;309.0546875;309.0546875
26;7;10;0;0;False;64;cupy;True;True;2.117670699954033;1.0993492000270635;99.97;108.2;432.561328125;432.65625;10.3;13;309.0546875;309.0546875
26;8;10;0;0;False;64;cupy;True;True;2.1465194998309016;1.1264452999457717;100.00000000000001;105.7;432.90546875;432.93359375;12.2;13;309.0546875;309.0546875
26;9;10;0;0;False;64;cupy;True;True;2.1423607000615448;1.1087996999267489;98.35;107.0;432.590234375;432.6015625;11.3;13;309.0546875;309.0546875
26;10;10;0;0;False;64;cupy;True;True;2.161012299824506;1.1307306999806315;99.85;106.2;432.66171875;432.67578125;11.7;13;309.0546875;309.0546875
27;1;10;0;0;True;32;numpy;False;False;0.8468519998714328;0.029541300144046545;;;;;;;;
27;2;10;0;0;True;32;numpy;False;False;0.8417771998792887;0.030010699992999434;;;;;;;;
27;3;10;0;0;True;32;numpy;False;False;0.8470817001070827;0.03008980001322925;;;;;;;;
27;4;10;0;0;True;32;numpy;False;False;0.8318612000439316;0.030074300011619925;;;;;;;;
27;5;10;0;0;True;32;numpy;False;False;0.8355662999674678;0.029742400161921978;;;;;;;;
27;6;10;0;0;True;32;numpy;False;False;0.8267934999894351;0.03003060002811253;;;;;;;;
27;7;10;0;0;True;32;numpy;False;False;0.848713899962604;0.030042900005355477;;;;;;;;
27;8;10;0;0;True;32;numpy;False;False;0.8334274999797344;0.02963200001977384;;;;;;;;
27;9;10;0;0;True;32;numpy;False;False;0.8478649000171572;0.03004830004647374;;;;;;;;
27;10;10;0;0;True;32;numpy;False;False;0.8391911000944674;0.02964839991182089;;;;;;;;
28;1;10;0;0;True;32;numpy;True;True;0.8462076000869274;0.03463219990953803;90.51;458.5;340.310546875;340.3125;;;;
28;2;10;0;0;True;32;numpy;True;True;0.8816494999919087;0.03512849984690547;140.17;472.2;340.387890625;340.390625;;;;
28;3;10;0;0;True;32;numpy;True;True;0.8558748001232743;0.03593609994277358;89.75;451.7;340.648828125;340.65234375;;;;
28;4;10;0;0;True;32;numpy;True;True;0.8832292000297457;0.03571379999630153;129.25;447.9;340.693359375;340.6953125;;;;
28;5;10;0;0;True;32;numpy;True;True;0.8520245000254363;0.034212700091302395;45.7;457.0;340.392578125;340.40625;;;;
28;6;10;0;0;True;32;numpy;True;True;0.8446970998775214;0.035068999975919724;93.63;475.8;340.44375;340.45703125;;;;
28;7;10;0;0;True;32;numpy;True;True;0.8445949999149889;0.036271599819883704;85.12;440.6;340.380859375;340.3828125;;;;
28;8;10;0;0;True;32;numpy;True;True;0.854124000063166;0.035541499964892864;135.84;462.0;340.251953125;340.265625;;;;
28;9;10;0;0;True;32;numpy;True;True;0.8448225001338869;0.0347695997916162;90.02000000000001;457.7;340.29921875;340.30078125;;;;
28;10;10;0;0;True;32;numpy;True;True;0.8278119000606239;0.03507660003378987;84.27000000000001;430.3;340.421484375;340.4375;;;;
29;1;10;0;0;True;32;cupy;False;False;2.1026490998920053;1.127501100068912;;;;;;;;
29;2;10;0;0;True;32;cupy;False;False;1.9994192998856306;1.0357760998886079;;;;;;;;
29;3;10;0;0;True;32;cupy;False;False;2.0155283000785857;1.0558241000398993;;;;;;;;
29;4;10;0;0;True;32;cupy;False;False;2.0377273000776768;1.0520451001357287;;;;;;;;
29;5;10;0;0;True;32;cupy;False;False;2.000899199862033;1.0441440001595765;;;;;;;;
29;6;10;0;0;True;32;cupy;False;False;2.0091373999603093;1.0544478001538664;;;;;;;;
29;7;10;0;0;True;32;cupy;False;False;2.006404400104657;1.0514520001597703;;;;;;;;
29;8;10;0;0;True;32;cupy;False;False;1.9994616000913084;1.0440314000006765;;;;;;;;
29;9;10;0;0;True;32;cupy;False;False;2.031736900098622;1.0419038999825716;;;;;;;;
29;10;10;0;0;True;32;cupy;False;False;2.0109853001777083;1.0454873000271618;;;;;;;;
30;1;10;0;0;True;32;cupy;True;True;2.0799487000331283;1.0891953001264483;99.96000000000001;108.7;394.1484375;394.15625;9.2;12;301.0546875;301.0546875
30;2;10;0;0;True;32;cupy;True;True;2.0479132998734713;1.071171899791807;97.98;107.5;394.075390625;394.08203125;10.3;12;301.0546875;301.0546875
30;3;10;0;0;True;32;cupy;True;True;2.0652183999773115;1.0840339998248965;98.75;106.1;394.31796875;394.32421875;10.5;12;301.0546875;301.0546875
30;4;10;0;0;True;32;cupy;True;True;2.0769466999918222;1.0912203998304904;100.7;106.7;394.555859375;394.64453125;9.2;12;301.0546875;301.0546875
30;5;10;0;0;True;32;cupy;True;True;2.088377899955958;1.0646732000168413;99.39;107.1;394.3484375;394.35546875;10.8;12;301.0546875;301.0546875
30;6;10;0;0;True;32;cupy;True;True;2.0692910000216216;1.0800784998573363;99.97;106.9;394.79140625;394.80078125;10.2;12;301.0546875;301.0546875
30;7;10;0;0;True;32;cupy;True;True;2.05293760006316;1.0663431000430137;99.71000000000001;107.3;393.9625;393.97265625;9.6;12;301.0546875;301.0546875
30;8;10;0;0;True;32;cupy;True;True;2.04899699985981;1.0753888001199812;100.82000000000001;107.3;394.658203125;394.734375;9.6;12;301.0546875;301.0546875
30;9;10;0;0;True;32;cupy;True;True;2.0810645997989923;1.0833952000830323;97.63;106.4;394.223828125;394.30078125;10.8;12;301.0546875;301.0546875
30;10;10;0;0;True;32;cupy;True;True;2.054537999909371;1.0580682000145316;100.28999999999999;107.7;394.063671875;394.08984375;11.5;12;301.0546875;301.0546875
31;1;10;0;0;True;64;numpy;False;False;0.8304289998486638;0.025404500076547265;;;;;;;;
31;2;10;0;0;True;64;numpy;False;False;0.857530599925667;0.02503200015053153;;;;;;;;
31;3;10;0;0;True;64;numpy;False;False;0.8353627000469714;0.02522529987618327;;;;;;;;
31;4;10;0;0;True;64;numpy;False;False;0.8297290001064539;0.02551360009238124;;;;;;;;
31;5;10;0;0;True;64;numpy;False;False;0.8269470001105219;0.02557580010034144;;;;;;;;
31;6;10;0;0;True;64;numpy;False;False;0.8239476999733597;0.025216899812221527;;;;;;;;
31;7;10;0;0;True;64;numpy;False;False;0.8307286000344902;0.02482119994238019;;;;;;;;
31;8;10;0;0;True;64;numpy;False;False;0.8273924998939037;0.024995600106194615;;;;;;;;
31;9;10;0;0;True;64;numpy;False;False;0.8280513000208884;0.02515319990925491;;;;;;;;
31;10;10;0;0;True;64;numpy;False;False;0.8305474000517279;0.024619600037112832;;;;;;;;
32;1;10;0;0;True;64;numpy;True;True;0.8702020000200719;0.03053259989246726;102.31;515.2;340.458984375;340.4609375;;;;
32;2;10;0;0;True;64;numpy;True;True;0.8449937000405043;0.030369200045242906;107.72999999999999;549.8;340.767578125;340.76953125;;;;
32;3;10;0;0;True;64;numpy;True;True;0.8380091998260468;0.030112799955531955;103.97999999999999;546.3;340.607421875;340.609375;;;;
32;4;10;0;0;True;64;numpy;True;True;0.8378305002115667;0.030225299997255206;104.05;530.2;340.298828125;340.30078125;;;;
32;5;10;0;0;True;64;numpy;True;True;0.8490983999799937;0.03073620004579425;104.49000000000001;546.7;340.5875;340.58984375;;;;
32;6;10;0;0;True;64;numpy;True;True;0.8330085999332368;0.03036369988694787;109.58000000000001;569.6;340.7125;340.71484375;;;;
32;7;10;0;0;True;64;numpy;True;True;0.8415358997881413;0.030168799916282296;98.46000000000001;513.0;340.373046875;340.375;;;;
32;8;10;0;0;True;64;numpy;True;True;0.845651000039652;0.030301099875941873;49.61;496.1;340.556640625;340.55859375;;;;
32;9;10;0;0;True;64;numpy;True;True;0.847577900160104;0.030739399837329984;104.89000000000001;548.4;340.782421875;340.796875;;;;
32;10;10;0;0;True;64;numpy;True;True;0.8391114000696689;0.030668099876493216;53.48;534.8;340.4828125;340.48828125;;;;
33;1;10;0;0;True;64;cupy;False;False;2.0177690000273287;1.051273199962452;;;;;;;;
33;2;10;0;0;True;64;cupy;False;False;1.986639600014314;1.034557200036943;;;;;;;;
33;3;10;0;0;True;64;cupy;False;False;1.9827677998691797;1.0330970999784768;;;;;;;;
33;4;10;0;0;True;64;cupy;False;False;2.0343033000826836;1.052487599896267;;;;;;;;
33;5;10;0;0;True;64;cupy;False;False;1.9958413999993354;1.0458436000626534;;;;;;;;
33;6;10;0;0;True;64;cupy;False;False;2.037134400103241;1.0772698000073433;;;;;;;;
33;7;10;0;0;True;64;cupy;False;False;1.9992060998920351;1.0476106000132859;;;;;;;;
33;8;10;0;0;True;64;cupy;False;False;2.0021948001813143;1.0359263001009822;;;;;;;;
33;9;10;0;0;True;64;cupy;False;False;2.0204445999115705;1.0488620998803526;;;;;;;;
33;10;10;0;0;True;64;cupy;False;False;2.3288936000317335;1.3606541999615729;;;;;;;;
34;1;10;0;0;True;64;cupy;True;True;2.0962371001951396;1.0787859000265598;98.58000000000001;106.6;394.256640625;394.3359375;8.7;12;301.0546875;301.0546875
34;2;10;0;0;True;64;cupy;True;True;2.0511782001703978;1.0598880001343787;98.9;108.0;394.451953125;394.52734375;9.6;12;301.0546875;301.0546875
34;3;10;0;0;True;64;cupy;True;True;2.047589300200343;1.0633205000776798;98.85000000000001;107.2;394.774609375;394.78125;10.8;12;301.0546875;301.0546875
34;4;10;0;0;True;64;cupy;True;True;2.0702686000149697;1.0801038001663983;98.89;107.2;394.28671875;394.328125;11.3;13;301.0546875;301.0546875
34;5;10;0;0;True;64;cupy;True;True;2.0478924999479204;1.0711194998584688;97.0;107.0;394.668359375;394.71484375;10.5;12;301.0546875;301.0546875
34;6;10;0;0;True;64;cupy;True;True;2.0997798000462353;1.083184399874881;97.78999999999999;108.8;394.38203125;394.42578125;7.6;12;301.0546875;301.0546875
34;7;10;0;0;True;64;cupy;True;True;2.0944638999644667;1.0919170000124723;96.42;105.2;393.683203125;393.69140625;10.2;12;301.0546875;301.0546875
34;8;10;0;0;True;64;cupy;True;True;2.0893854999449104;1.1024604998528957;98.60999999999999;108.3;394.140234375;394.15234375;8.1;12;301.0546875;301.0546875
34;9;10;0;0;True;64;cupy;True;True;2.079902400029823;1.0832052000332624;99.78999999999999;107.0;394.055859375;394.0625;9.1;12;301.0546875;301.0546875
34;10;10;0;0;True;64;cupy;True;True;2.0185381998308003;1.0495017999783158;99.0;108.3;393.610546875;393.6171875;10.8;12;301.0546875;301.0546875
34;1;10;45;0.5;False;32;numpy;False;False;0.8260855001863092;0.025998600060120225;;;;;;;;
34;2;10;45;0.5;False;32;numpy;False;False;0.8423206999432296;0.026084500132128596;;;;;;;;
34;3;10;45;0.5;False;32;numpy;False;False;0.8415465001016855;0.026107699843123555;;;;;;;;
34;4;10;45;0.5;False;32;numpy;False;False;0.8329916000366211;0.025851899990811944;;;;;;;;
34;5;10;45;0.5;False;32;numpy;False;False;0.8314286000095308;0.026134800165891647;;;;;;;;
34;6;10;45;0.5;False;32;numpy;False;False;0.8201097000855953;0.02584080002270639;;;;;;;;
34;7;10;45;0.5;False;32;numpy;False;False;0.8283122000284493;0.025556599954143167;;;;;;;;
34;8;10;45;0.5;False;32;numpy;False;False;0.8400113000534475;0.026221900014206767;;;;;;;;
34;9;10;45;0.5;False;32;numpy;False;False;0.8302025999873877;0.02584090013988316;;;;;;;;
34;10;10;45;0.5;False;32;numpy;False;False;0.8375701999757439;0.025870000012218952;;;;;;;;
35;1;10;45;0.5;False;32;numpy;True;True;0.8664345000870526;0.030913899885490537;46.29;462.9;341.060546875;341.0625;;;;
35;2;10;45;0.5;False;32;numpy;True;True;0.8563067000359297;0.0306123998016119;51.57000000000001;515.7;340.9515625;340.95703125;;;;
35;3;10;45;0.5;False;32;numpy;True;True;0.838535699993372;0.03147440007887781;102.79;534.2;340.545703125;340.55859375;;;;
35;4;10;45;0.5;False;32;numpy;True;True;0.8405007000546902;0.03112980001606047;104.73000000000002;533.7;340.681640625;340.68359375;;;;
35;5;10;45;0.5;False;32;numpy;True;True;0.8328538001514971;0.031528899911791086;93.34;492.3;340.4828125;340.484375;;;;
35;6;10;45;0.5;False;32;numpy;True;True;0.844594300026074;0.03072979999706149;105.3;532.6;340.851171875;340.8671875;;;;
35;7;10;45;0.5;False;32;numpy;True;True;0.844394400017336;0.031886700075119734;102.65;517.2;340.9421875;340.9453125;;;;
35;8;10;45;0.5;False;32;numpy;True;True;0.8471397999674082;0.030624400125816464;103.55;532.2;340.369140625;340.37109375;;;;
35;9;10;45;0.5;False;32;numpy;True;True;0.8374853001441807;0.031200299970805645;101.28999999999999;517.8;340.313671875;340.31640625;;;;
35;10;10;45;0.5;False;32;numpy;True;True;0.8356176998931915;0.031424100045114756;101.7;528.6;341.044921875;341.046875;;;;
36;1;10;45;0.5;False;32;cupy;False;False;2.132507999893278;1.1049178000539541;;;;;;;;
36;2;10;45;0.5;False;32;cupy;False;False;2.1039476001169533;1.0990187001880258;;;;;;;;
36;3;10;45;0.5;False;32;cupy;False;False;2.117012499831617;1.0798874001484364;;;;;;;;
36;4;10;45;0.5;False;32;cupy;False;False;2.11118539981544;1.1002976999152452;;;;;;;;
36;5;10;45;0.5;False;32;cupy;False;False;2.1126125999726355;1.0951119000092149;;;;;;;;
36;6;10;45;0.5;False;32;cupy;False;False;2.101306200027466;1.0915874000638723;;;;;;;;
36;7;10;45;0.5;False;32;cupy;False;False;2.095064900116995;1.0874210000038147;;;;;;;;
36;8;10;45;0.5;False;32;cupy;False;False;2.1400882001034915;1.1272903000935912;;;;;;;;
36;9;10;45;0.5;False;32;cupy;False;False;2.111853500129655;1.095750299980864;;;;;;;;
36;10;10;45;0.5;False;32;cupy;False;False;2.0826364001259208;1.0882137001026422;;;;;;;;
37;1;10;45;0.5;False;32;cupy;True;True;2.1656589000485837;1.1260973000898957;99.22;107.8;472.574609375;472.5859375;9.4;11;309.0546875;309.0546875
37;2;10;45;0.5;False;32;cupy;True;True;2.1441293999087065;1.1171494000591338;100.47999999999999;106.7;472.5203125;472.53125;11.0;12;309.0546875;309.0546875
37;3;10;45;0.5;False;32;cupy;True;True;2.182966000167653;1.1568593999836594;97.64;111.7;472.52109375;472.546875;10.0;12;309.0546875;309.0546875
37;4;10;45;0.5;False;32;cupy;True;True;2.138710900209844;1.1147143999114633;99.41;108.8;472.86640625;472.875;10.4;12;309.0546875;309.0546875
37;5;10;45;0.5;False;32;cupy;True;True;2.141762400045991;1.1081377998925745;99.22999999999999;108.0;473.08828125;473.09765625;9.0;12;309.0546875;309.0546875
37;6;10;45;0.5;False;32;cupy;True;True;2.1522570999804884;1.1146852998062968;101.17;108.1;472.50078125;472.62890625;10.8;12;309.0546875;309.0546875
37;7;10;45;0.5;False;32;cupy;True;True;2.1598191000521183;1.12419019988738;96.86;107.0;472.8875;472.8984375;11.0;12;309.0546875;309.0546875
37;8;10;45;0.5;False;32;cupy;True;True;2.1887379998806864;1.1345555000007153;97.44999999999999;106.1;472.725390625;472.734375;7.5;12;309.0546875;309.0546875
37;9;10;45;0.5;False;32;cupy;True;True;2.135066600050777;1.117690599989146;98.4;106.4;472.604296875;472.61328125;10.0;12;309.0546875;309.0546875
37;10;10;45;0.5;False;32;cupy;True;True;2.185205399990082;1.146538799861446;98.24;106.1;472.656640625;472.68359375;9.3;12;309.0546875;309.0546875
38;1;10;45;0.5;False;64;numpy;False;False;0.8469857000745833;0.021790499798953533;;;;;;;;
38;2;10;45;0.5;False;64;numpy;False;False;0.824921099934727;0.021478600101545453;;;;;;;;
38;3;10;45;0.5;False;64;numpy;False;False;0.8230711999349296;0.021644399967044592;;;;;;;;
38;4;10;45;0.5;False;64;numpy;False;False;0.8252707999199629;0.02152670011855662;;;;;;;;
38;5;10;45;0.5;False;64;numpy;False;False;0.8216532999649644;0.02132520009763539;;;;;;;;
38;6;10;45;0.5;False;64;numpy;False;False;0.8238971000537276;0.02195709990337491;;;;;;;;
38;7;10;45;0.5;False;64;numpy;False;False;0.821294300025329;0.021591000026091933;;;;;;;;
38;8;10;45;0.5;False;64;numpy;False;False;0.8250735998153687;0.021337299840524793;;;;;;;;
38;9;10;45;0.5;False;64;numpy;False;False;0.8299507000483572;0.02152490010485053;;;;;;;;
38;10;10;45;0.5;False;64;numpy;False;False;0.8224772999528795;0.021389500005170703;;;;;;;;
39;1;10;45;0.5;False;64;numpy;True;True;0.8367173001170158;0.027089999988675117;121.4;626.1;340.63515625;340.63671875;;;;
39;2;10;45;0.5;False;64;numpy;True;True;0.8324512999970466;0.027180799981579185;122.62;639.1;340.725;340.7265625;;;;
39;3;10;45;0.5;False;64;numpy;True;True;0.843929500086233;0.026933399960398674;119.85999999999999;604.8;340.367578125;340.37109375;;;;
39;4;10;45;0.5;False;64;numpy;True;True;0.8357449001632631;0.027209100080654025;108.71;568.6;340.865625;340.8671875;;;;
39;5;10;45;0.5;False;64;numpy;True;True;0.8485020999796689;0.026116000022739172;115.80999999999999;633.8;340.376171875;340.37890625;;;;
39;6;10;45;0.5;False;64;numpy;True;True;0.8316698002163321;0.02656939998269081;106.60999999999999;550.4;340.927734375;340.9296875;;;;
39;7;10;45;0.5;False;64;numpy;True;True;0.8446440999396145;0.02636629994958639;56.42999999999999;564.3;340.60390625;340.60546875;;;;
39;8;10;45;0.5;False;64;numpy;True;True;0.8293093000538647;0.025642599910497665;127.54;668.9;340.13515625;340.13671875;;;;
39;9;10;45;0.5;False;64;numpy;True;True;0.8508446998894215;0.02635780000127852;63.010000000000005;630.1;340.794921875;340.8125;;;;
39;10;10;45;0.5;False;64;numpy;True;True;0.8549782999325544;0.026425199816003442;59.61;596.1;340.849609375;340.8515625;;;;
40;1;10;45;0.5;False;64;cupy;False;False;2.1065231999382377;1.1000097999349236;;;;;;;;
40;2;10;45;0.5;False;64;cupy;False;False;2.132800200022757;1.115756600163877;;;;;;;;
40;3;10;45;0.5;False;64;cupy;False;False;2.1014105998910964;1.0770218998659402;;;;;;;;
40;4;10;45;0.5;False;64;cupy;False;False;2.1050120000727475;1.0864055000711232;;;;;;;;
40;5;10;45;0.5;False;64;cupy;False;False;2.0882862000726163;1.0904552999418229;;;;;;;;
40;6;10;45;0.5;False;64;cupy;False;False;2.084252699976787;1.0831485001835972;;;;;;;;
40;7;10;45;0.5;False;64;cupy;False;False;2.0921251999679953;1.0876146999653429;;;;;;;;
40;8;10;45;0.5;False;64;cupy;False;False;2.0820005999412388;1.0901307999156415;;;;;;;;
40;9;10;45;0.5;False;64;cupy;False;False;2.1058440001215786;1.0892744997981936;;;;;;;;
40;10;10;45;0.5;False;64;cupy;False;False;2.096265299944207;1.0906706999521703;;;;;;;;
41;1;10;45;0.5;False;64;cupy;True;True;2.165596100036055;1.1326879998669028;98.6;105.5;432.8;432.9453125;10.6;13;309.0546875;309.0546875
41;2;10;45;0.5;False;64;cupy;True;True;2.160042200004682;1.1107332999818027;99.19;106.0;433.171484375;433.1796875;10.1;13;309.0546875;309.0546875
41;3;10;45;0.5;False;64;cupy;True;True;2.1457358999177814;1.1143267001025379;99.5;106.7;432.899609375;433.08984375;10.0;12;309.0546875;309.0546875
41;4;10;45;0.5;False;64;cupy;True;True;2.1529478000011295;1.1318153000902385;99.35999999999999;105.7;432.625390625;432.6953125;11.0;13;309.0546875;309.0546875
41;5;10;45;0.5;False;64;cupy;True;True;2.1369129000231624;1.1022876999340951;98.12;106.1;432.680859375;432.69140625;11.4;13;309.0546875;309.0546875
41;6;10;45;0.5;False;64;cupy;True;True;2.1660980000160635;1.112196700181812;98.79;106.1;433.018359375;433.02734375;11.2;13;309.0546875;309.0546875
41;7;10;45;0.5;False;64;cupy;True;True;2.1354367998428643;1.0986412998754531;99.50999999999999;106.8;433.02578125;433.26953125;11.0;13;309.0546875;309.0546875
41;8;10;45;0.5;False;64;cupy;True;True;2.109078000066802;1.09549989993684;100.00999999999999;108.5;432.4578125;432.765625;10.9;13;309.0546875;309.0546875
41;9;10;45;0.5;False;64;cupy;True;True;2.1351020999718457;1.1159037000034004;98.27000000000001;107.1;432.93125;432.94140625;10.4;13;309.0546875;309.0546875
41;10;10;45;0.5;False;64;cupy;True;True;2.1724294999148697;1.136035299859941;98.19;105.8;432.465234375;432.6484375;10.5;13;309.0546875;309.0546875
42;1;10;45;0.5;True;32;numpy;False;False;0.8422317998483777;0.02975640003569424;;;;;;;;
42;2;10;45;0.5;True;32;numpy;False;False;0.8372408000286669;0.029373900033533573;;;;;;;;
42;3;10;45;0.5;True;32;numpy;False;False;0.8301528999581933;0.030341000063344836;;;;;;;;
42;4;10;45;0.5;True;32;numpy;False;False;0.8320796999614686;0.029784100130200386;;;;;;;;
42;5;10;45;0.5;True;32;numpy;False;False;0.8346621000673622;0.02998350001871586;;;;;;;;
42;6;10;45;0.5;True;32;numpy;False;False;0.8283202999737114;0.029930900083854795;;;;;;;;
42;7;10;45;0.5;True;32;numpy;False;False;0.8382633998990059;0.029961499851197004;;;;;;;;
42;8;10;45;0.5;True;32;numpy;False;False;0.8357720000203699;0.030213199788704515;;;;;;;;
42;9;10;45;0.5;True;32;numpy;False;False;0.8377503999508917;0.02975059999153018;;;;;;;;
42;10;10;45;0.5;True;32;numpy;False;False;0.8483937000855803;0.029455000068992376;;;;;;;;
43;1;10;45;0.5;True;32;numpy;True;True;0.8376180999912322;0.0357377000618726;82.86;433.3;340.44296875;340.453125;;;;
43;2;10;45;0.5;True;32;numpy;True;True;0.8424819998908788;0.03652699990198016;89.53999999999999;450.0;340.55234375;340.5625;;;;
43;3;10;45;0.5;True;32;numpy;True;True;0.8468879999127239;0.035418199840933084;87.42999999999999;450.2;341.035546875;341.05078125;;;;
43;4;10;45;0.5;True;32;numpy;True;True;0.8502332998905331;0.03569309995509684;86.58;446.7;340.54375;340.546875;;;;
43;5;10;45;0.5;True;32;numpy;True;True;0.8549957000650465;0.036023300141096115;136.05;471.8;340.728515625;340.73046875;;;;
43;6;10;45;0.5;True;32;numpy;True;True;0.8598797000013292;0.03566649998538196;85.63;435.7;340.822265625;340.82421875;;;;
43;7;10;45;0.5;True;32;numpy;True;True;0.8665575999766588;0.03571570012718439;131.67000000000002;487.0;340.541015625;340.54296875;;;;
43;8;10;45;0.5;True;32;numpy;True;True;0.8517455998808146;0.03647269983775914;130.60999999999999;453.0;340.837890625;340.84765625;;;;
43;9;10;45;0.5;True;32;numpy;True;True;0.850503500085324;0.03601639997214079;91.14000000000001;464.8;340.6703125;340.6875;;;;
43;10;10;45;0.5;True;32;numpy;True;True;0.8399119998794049;0.035613999934867024;82.6;446.2;340.54921875;340.55078125;;;;
44;1;10;45;0.5;True;32;cupy;False;False;2.1465725998859853;1.1173723000101745;;;;;;;;
44;2;10;45;0.5;True;32;cupy;False;False;2.140177800087258;1.113031700020656;;;;;;;;
44;3;10;45;0.5;True;32;cupy;False;False;2.1954685000237077;1.1118139000609517;;;;;;;;
44;4;10;45;0.5;True;32;cupy;False;False;2.1490666000172496;1.1073763000313193;;;;;;;;
44;5;10;45;0.5;True;32;cupy;False;False;2.129634100012481;1.1070371000096202;;;;;;;;
44;6;10;45;0.5;True;32;cupy;False;False;2.1566854000557214;1.1213380999397486;;;;;;;;
44;7;10;45;0.5;True;32;cupy;False;False;2.1322440998628736;1.102722099982202;;;;;;;;
44;8;10;45;0.5;True;32;cupy;False;False;2.1521945998538285;1.1074408001732081;;;;;;;;
44;9;10;45;0.5;True;32;cupy;False;False;2.126217700075358;1.103687500115484;;;;;;;;
44;10;10;45;0.5;True;32;cupy;False;False;2.1498108999803662;1.10354629997164;;;;;;;;
45;1;10;45;0.5;True;32;cupy;True;True;2.2106846999377012;1.12430280004628;100.34;112.0;446.251171875;446.2578125;12.0;12;303.0546875;303.0546875
45;2;10;45;0.5;True;32;cupy;True;True;2.2107426000293344;1.140798700042069;97.78;110.9;446.2390625;446.2578125;10.2;12;303.0546875;303.0546875
45;3;10;45;0.5;True;32;cupy;True;True;2.2004403001628816;1.136004799976945;98.21;109.8;446.37421875;446.3828125;10.8;12;303.0546875;303.0546875
45;4;10;45;0.5;True;32;cupy;True;True;2.1938475999049842;1.1258499999530613;98.47999999999999;107.6;446.5640625;446.578125;8.4;12;303.0546875;303.0546875
45;5;10;45;0.5;True;32;cupy;True;True;2.2097201999276876;1.1581200000364333;98.71000000000001;110.6;446.456640625;446.58984375;8.8;12;303.0546875;303.0546875
45;6;10;45;0.5;True;32;cupy;True;True;2.174315300071612;1.118531199870631;99.41999999999999;102.5;446.13515625;446.265625;11.5;12;303.0546875;303.0546875
45;7;10;45;0.5;True;32;cupy;True;True;2.1716049001552165;1.1148212999105453;99.60999999999999;113.8;446.242578125;446.25390625;10.8;12;303.0546875;303.0546875
45;8;10;45;0.5;True;32;cupy;True;True;2.2551225000061095;1.1475228001363575;99.22999999999999;111.3;446.373046875;446.3828125;10.8;12;303.0546875;303.0546875
45;9;10;45;0.5;True;32;cupy;True;True;2.187978400150314;1.1220111001748592;97.9;101.5;446.4109375;446.421875;7.6;12;303.0546875;303.0546875
45;10;10;45;0.5;True;32;cupy;True;True;2.199806099990383;1.1402757000178099;99.82000000000002;114.0;446.328515625;446.45703125;9.6;12;303.0546875;303.0546875
46;1;10;45;0.5;True;64;numpy;False;False;0.8338063000701368;0.02494259993545711;;;;;;;;
46;2;10;45;0.5;True;64;numpy;False;False;0.8326628000941128;0.024926200043410063;;;;;;;;
46;3;10;45;0.5;True;64;numpy;False;False;0.8397185001522303;0.024748799856752157;;;;;;;;
46;4;10;45;0.5;True;64;numpy;False;False;0.8227419999893755;0.024927400052547455;;;;;;;;
46;5;10;45;0.5;True;64;numpy;False;False;0.8473881999962032;0.025402999948710203;;;;;;;;
46;6;10;45;0.5;True;64;numpy;False;False;0.8344124001450837;0.025534600019454956;;;;;;;;
46;7;10;45;0.5;True;64;numpy;False;False;0.8303829000797123;0.02573280013166368;;;;;;;;
46;8;10;45;0.5;True;64;numpy;False;False;0.8306220001541078;0.02726920018903911;;;;;;;;
46;9;10;45;0.5;True;64;numpy;False;False;0.8308357999194413;0.025472499895840883;;;;;;;;
46;10;10;45;0.5;True;64;numpy;False;False;0.8426105000544339;0.02570699993520975;;;;;;;;
47;1;10;45;0.5;True;64;numpy;True;True;0.8406440000981092;0.03038709983229637;105.32000000000001;549.9;340.6328125;340.64453125;;;;
47;2;10;45;0.5;True;64;numpy;True;True;0.8679757001809776;0.030574699863791466;108.55;581.2;340.642578125;340.64453125;;;;
47;3;10;45;0.5;True;64;numpy;True;True;0.8856587000191212;0.03047639993019402;46.28;462.8;340.668359375;340.6875;;;;
47;4;10;45;0.5;True;64;numpy;True;True;0.8390622001606971;0.03079270012676716;105.28;547.3;340.548828125;340.55078125;;;;
47;5;10;45;0.5;True;64;numpy;True;True;0.8433722001500428;0.030819799983873963;102.95;556.6;340.787109375;340.7890625;;;;
47;6;10;45;0.5;True;64;numpy;True;True;0.8381707000080496;0.030347299994900823;108.28;546.3;340.713671875;340.7265625;;;;
47;7;10;45;0.5;True;64;numpy;True;True;0.8376339999958873;0.030086500104516745;53.35;533.5;340.63515625;340.63671875;;;;
47;8;10;45;0.5;True;64;numpy;True;True;0.849892099853605;0.040197200141847134;73.67999999999999;413.9;340.793359375;340.80859375;;;;
47;9;10;45;0.5;True;64;numpy;True;True;0.8437606999650598;0.03108219988644123;95.45;488.2;340.464453125;340.48046875;;;;
47;10;10;45;0.5;True;64;numpy;True;True;0.8278815001249313;0.030380799900740385;105.1;538.8;340.54140625;340.54296875;;;;
48;1;10;45;0.5;True;64;cupy;False;False;2.1399236998986453;1.1021994000766426;;;;;;;;
48;2;10;45;0.5;True;64;cupy;False;False;2.1297363999765366;1.0908156000077724;;;;;;;;
48;3;10;45;0.5;True;64;cupy;False;False;2.157157300040126;1.0911745000630617;;;;;;;;
48;4;10;45;0.5;True;64;cupy;False;False;2.115921299904585;1.0792002999223769;;;;;;;;
48;5;10;45;0.5;True;64;cupy;False;False;2.128145399969071;1.086181400110945;;;;;;;;
48;6;10;45;0.5;True;64;cupy;False;False;2.1151766998227686;1.0837248999159783;;;;;;;;
48;7;10;45;0.5;True;64;cupy;False;False;2.1018664999864995;1.0760629000142217;;;;;;;;
48;8;10;45;0.5;True;64;cupy;False;False;2.1620348999276757;1.1050078000407666;;;;;;;;
48;9;10;45;0.5;True;64;cupy;False;False;2.1117940000258386;1.0874771000817418;;;;;;;;
48;10;10;45;0.5;True;64;cupy;False;False;2.1077091000042856;1.0765197000000626;;;;;;;;
49;1;10;45;0.5;True;64;cupy;True;True;2.1880204000044614;1.1166868000291288;100.65;102.5;446.147265625;446.16015625;8.4;12;303.0546875;303.0546875
49;2;10;45;0.5;True;64;cupy;True;True;2.1659033000469208;1.1076702999416739;100.19;102.5;446.412109375;446.4375;9.6;12;303.0546875;303.0546875
49;3;10;45;0.5;True;64;cupy;True;True;2.218135600211099;1.1516698999330401;97.08000000000001;113.5;446.487109375;446.61328125;11.0;12;303.0546875;303.0546875
49;4;10;45;0.5;True;64;cupy;True;True;2.1997438000980765;1.128175700083375;99.17;101.3;446.79453125;446.80078125;10.5;12;303.0546875;303.0546875
49;5;10;45;0.5;True;64;cupy;True;True;2.1994010999333113;1.1379416999407113;100.35;105.8;446.374609375;446.390625;10.8;12;303.0546875;303.0546875
49;6;10;45;0.5;True;64;cupy;True;True;2.166840600082651;1.1001359999645501;100.80000000000001;102.0;445.945703125;446.05859375;8.2;13;303.0546875;303.0546875
49;7;10;45;0.5;True;64;cupy;True;True;2.2158258999697864;1.1713250998873264;100.12;109.6;446.136328125;446.14453125;9.8;12;303.0546875;303.0546875
49;8;10;45;0.5;True;64;cupy;True;True;2.1981263000052422;1.1276366000529379;97.41;102.2;446.65859375;446.66796875;11.5;12;303.0546875;303.0546875
49;9;10;45;0.5;True;64;cupy;True;True;2.224631099961698;1.1321618999354541;99.46;108.3;446.344140625;446.3515625;11.7;12;303.0546875;303.0546875
49;10;10;45;0.5;True;64;cupy;True;True;2.191156200133264;1.1275392000097781;99.16;111.1;446.657421875;446.66796875;9.6;12;303.0546875;303.0546875
51;1;10;90;1;False;32;numpy;False;False;0.8460931000299752;0.026261200197041035;;;;;;;;
51;2;10;90;1;False;32;numpy;False;False;0.8344475000631064;0.025711399968713522;;;;;;;;
51;3;10;90;1;False;32;numpy;False;False;0.823942800052464;0.0258196999784559;;;;;;;;
51;4;10;90;1;False;32;numpy;False;False;0.8246039999648929;0.025810200022533536;;;;;;;;
51;5;10;90;1;False;32;numpy;False;False;0.833157500019297;0.02612189995124936;;;;;;;;
51;6;10;90;1;False;32;numpy;False;False;0.8189763000700623;0.02586869988590479;;;;;;;;
51;7;10;90;1;False;32;numpy;False;False;0.8259229001123458;0.026740800123661757;;;;;;;;
51;8;10;90;1;False;32;numpy;False;False;0.8228965001180768;0.025680999970063567;;;;;;;;
51;9;10;90;1;False;32;numpy;False;False;0.8453166999388486;0.026094299973919988;;;;;;;;
51;10;10;90;1;False;32;numpy;False;False;0.8348006999585778;0.026298200013116002;;;;;;;;
52;1;10;90;1;False;32;numpy;True;True;0.8604909998830408;0.031321899965405464;101.2;520.6;340.607421875;340.609375;;;;
52;2;10;90;1;False;32;numpy;True;True;0.8412822000682354;0.03153120004571974;102.09;522.3;340.25625;340.2578125;;;;
52;3;10;90;1;False;32;numpy;True;True;0.8516549998894334;0.030274000018835068;103.32000000000001;539.6;340.60390625;340.60546875;;;;
52;4;10;90;1;False;32;numpy;True;True;0.8399906000122428;0.030082000186666846;53.45;534.5;340.28984375;340.3046875;;;;
52;5;10;90;1;False;32;numpy;True;True;0.8360083000734448;0.030330199981108308;102.60999999999999;537.7;340.603515625;340.60546875;;;;
52;6;10;90;1;False;32;numpy;True;True;0.8326769999694079;0.03090759995393455;100.5;521.6;340.505859375;340.5078125;;;;
52;7;10;90;1;False;32;numpy;True;True;0.837341999867931;0.031733799958601594;94.81;493.3;340.90078125;340.90234375;;;;
52;8;10;90;1;False;32;numpy;True;True;0.8422781000845134;0.03211430017836392;94.67;487.0;340.521484375;340.5234375;;;;
52;9;10;90;1;False;32;numpy;True;True;0.8387664998881519;0.031007299898192286;95.42999999999999;504.5;340.44609375;340.453125;;;;
52;10;10;90;1;False;32;numpy;True;True;0.8527792999520898;0.03158980002626777;101.1;524.6;340.833984375;340.8359375;;;;
53;1;10;90;1;False;32;cupy;False;False;2.126945700030774;1.1310971998609602;;;;;;;;
53;2;10;90;1;False;32;cupy;False;False;2.1034993999637663;1.101319900015369;;;;;;;;
53;3;10;90;1;False;32;cupy;False;False;2.13930629985407;1.0966246000025421;;;;;;;;
53;4;10;90;1;False;32;cupy;False;False;2.1224526001606137;1.103736799908802;;;;;;;;
53;5;10;90;1;False;32;cupy;False;False;2.0860082001890987;1.0910525999497622;;;;;;;;
53;6;10;90;1;False;32;cupy;False;False;2.128242500126362;1.1200284999795258;;;;;;;;
53;7;10;90;1;False;32;cupy;False;False;2.113421000074595;1.1107536999043077;;;;;;;;
53;8;10;90;1;False;32;cupy;False;False;2.186851599952206;1.1438544001430273;;;;;;;;
53;9;10;90;1;False;32;cupy;False;False;2.1072068999055773;1.0979480999521911;;;;;;;;
53;10;10;90;1;False;32;cupy;False;False;2.0899339001625776;1.0940847999881953;;;;;;;;
54;1;10;90;1;False;32;cupy;True;True;2.1841476999688894;1.142240900080651;99.36;105.2;472.53046875;472.5546875;9.6;12;309.0546875;309.0546875
54;2;10;90;1;False;32;cupy;True;True;2.152064200025052;1.1270869001746178;98.57000000000001;106.6;472.551953125;472.55859375;10.5;12;309.0546875;309.0546875
54;3;10;90;1;False;32;cupy;True;True;2.1734140999615192;1.1530601000413299;99.80000000000001;111.0;472.75390625;472.78125;10.4;12;309.0546875;309.0546875
54;4;10;90;1;False;32;cupy;True;True;2.1454298000317067;1.1269427000079304;98.10000000000001;107.5;472.901953125;472.92578125;9.6;12;309.0546875;309.0546875
54;5;10;90;1;False;32;cupy;True;True;2.1751710998360068;1.1243029001634568;98.35;106.8;472.799609375;472.80859375;9.6;12;309.0546875;309.0546875
54;6;10;90;1;False;32;cupy;True;True;2.1594292998779565;1.1229014000855386;99.08;107.4;472.665625;472.671875;10.8;12;309.0546875;309.0546875
54;7;10;90;1;False;32;cupy;True;True;2.1574295999016613;1.1297362998593599;99.11;106.1;472.786328125;472.79296875;9.2;12;309.0546875;309.0546875
54;8;10;90;1;False;32;cupy;True;True;2.1712036000099033;1.13367690006271;98.96000000000001;107.6;473.08671875;473.09765625;9.9;12;309.0546875;309.0546875
54;9;10;90;1;False;32;cupy;True;True;2.1785157001577318;1.1357753002084792;97.66999999999999;105.0;472.934765625;472.94140625;10.8;12;309.0546875;309.0546875
54;10;10;90;1;False;32;cupy;True;True;2.1931656000670046;1.153217500075698;95.39;103.9;473.230859375;473.2421875;9.5;12;309.0546875;309.0546875
55;1;10;90;1;False;64;numpy;False;False;0.8318326000589877;0.021507800091058016;;;;;;;;
55;2;10;90;1;False;64;numpy;False;False;0.8480685001704842;0.021393700037151575;;;;;;;;
55;3;10;90;1;False;64;numpy;False;False;0.8258599999826401;0.0216858999338001;;;;;;;;
55;4;10;90;1;False;64;numpy;False;False;0.8268090998753905;0.021589600015431643;;;;;;;;
55;5;10;90;1;False;64;numpy;False;False;0.8345610999967903;0.02169990004040301;;;;;;;;
55;6;10;90;1;False;64;numpy;False;False;0.8249389999546111;0.02134420000948012;;;;;;;;
55;7;10;90;1;False;64;numpy;False;False;0.8198339000809938;0.021913500037044287;;;;;;;;
55;8;10;90;1;False;64;numpy;False;False;0.8310652999207377;0.022052800050005317;;;;;;;;
55;9;10;90;1;False;64;numpy;False;False;0.8275264999829233;0.022003999911248684;;;;;;;;
55;10;10;90;1;False;64;numpy;False;False;0.8216516999527812;0.021689100190997124;;;;;;;;
56;1;10;90;1;False;64;numpy;True;True;0.840691199991852;0.02729590004310012;113.81999999999998;576.8;340.712890625;340.71484375;;;;
56;2;10;90;1;False;64;numpy;True;True;0.8490317000541836;0.029300399823114276;112.96;602.8;340.560546875;340.5625;;;;
56;3;10;90;1;False;64;numpy;True;True;0.8455199000891298;0.027424600208178163;56.92999999999999;569.3;340.38515625;340.38671875;;;;
56;4;10;90;1;False;64;numpy;True;True;0.8510969001799822;0.028080299962311983;115.05;631.2;340.71328125;340.71484375;;;;
56;5;10;90;1;False;64;numpy;True;True;0.8364836999680847;0.026279699988663197;54.71;547.1;340.490234375;340.4921875;;;;
56;6;10;90;1;False;64;numpy;True;True;0.8335124000441283;0.02724110009148717;108.39000000000001;564.6;340.697265625;340.69921875;;;;
56;7;10;90;1;False;64;numpy;True;True;0.8372466000728309;0.02572349994443357;56.98;569.8;340.619140625;340.63671875;;;;
56;8;10;90;1;False;64;numpy;True;True;0.8327768999151886;0.02669509989209473;55.779999999999994;557.8;340.43984375;340.44140625;;;;
56;9;10;90;1;False;64;numpy;True;True;0.8404605998657644;0.027350200107321143;56.31;563.1;340.787109375;340.7890625;;;;
56;10;10;90;1;False;64;numpy;True;True;0.8411086001433432;0.027798800030723214;56.23;562.3;340.892578125;340.89453125;;;;
57;1;10;90;1;False;64;cupy;False;False;2.1020543999038637;1.111532500013709;;;;;;;;
57;2;10;90;1;False;64;cupy;False;False;2.091449499828741;1.0896980999968946;;;;;;;;
57;3;10;90;1;False;64;cupy;False;False;2.120893299812451;1.108700399985537;;;;;;;;
57;4;10;90;1;False;64;cupy;False;False;2.119286100147292;1.0956951000262052;;;;;;;;
57;5;10;90;1;False;64;cupy;False;False;2.109685500152409;1.1004803001414984;;;;;;;;
57;6;10;90;1;False;64;cupy;False;False;2.1209196001291275;1.1191628999076784;;;;;;;;
57;7;10;90;1;False;64;cupy;False;False;2.0978726998437196;1.1052709000650793;;;;;;;;
57;8;10;90;1;False;64;cupy;False;False;2.1544288999866694;1.117836399935186;;;;;;;;
57;9;10;90;1;False;64;cupy;False;False;2.1038920001592487;1.1025489999447018;;;;;;;;
57;10;10;90;1;False;64;cupy;False;False;2.094296800205484;1.0985086001455784;;;;;;;;
58;1;10;90;1;False;64;cupy;True;True;2.165472999913618;1.1323014001827687;97.23;105.9;432.701171875;432.74609375;11.3;13;309.0546875;309.0546875
58;2;10;90;1;False;64;cupy;True;True;2.131487400038168;1.1063009998761117;99.19000000000001;107.0;432.7140625;432.72265625;10.9;13;309.0546875;309.0546875
58;3;10;90;1;False;64;cupy;True;True;2.1855536999646574;1.1573505999986082;97.27;104.7;433.29375;433.30078125;11.2;13;309.0546875;309.0546875
58;4;10;90;1;False;64;cupy;True;True;2.17037140019238;1.138727500103414;100.50999999999999;104.8;432.9421875;432.94921875;10.9;13;309.0546875;309.0546875
58;5;10;90;1;False;64;cupy;True;True;2.1497700000181794;1.125373400049284;99.19000000000001;105.5;433.0109375;433.01953125;10.9;13;309.0546875;309.0546875
58;6;10;90;1;False;64;cupy;True;True;2.151910499902442;1.1235640000086278;100.60999999999999;106.3;432.641796875;432.6484375;11.2;13;309.0546875;309.0546875
58;7;10;90;1;False;64;cupy;True;True;2.1503131999634206;1.107831799890846;98.64000000000001;107.4;433.030078125;433.0703125;11.0;13;309.0546875;309.0546875
58;8;10;90;1;False;64;cupy;True;True;2.1819314998574555;1.143328299978748;97.09;104.8;432.795703125;432.8046875;10.9;13;309.0546875;309.0546875
58;9;10;90;1;False;64;cupy;True;True;2.1542004998773336;1.125299299834296;98.68;106.3;433.204296875;433.2109375;11.2;13;309.0546875;309.0546875
58;10;10;90;1;False;64;cupy;True;True;2.2003281000070274;1.1496810999233276;99.6;106.4;432.6734375;432.69921875;10.9;13;309.0546875;309.0546875
59;1;10;90;1;True;32;numpy;False;False;0.837522900197655;0.030194399878382683;;;;;;;;
59;2;10;90;1;True;32;numpy;False;False;0.8392066999804229;0.029060699976980686;;;;;;;;
59;3;10;90;1;True;32;numpy;False;False;0.8349530000705272;0.029907100135460496;;;;;;;;
59;4;10;90;1;True;32;numpy;False;False;0.8288315001409501;0.030636300100013614;;;;;;;;
59;5;10;90;1;True;32;numpy;False;False;0.8506638999097049;0.030188600067049265;;;;;;;;
59;6;10;90;1;True;32;numpy;False;False;0.8361422999296337;0.030005100183188915;;;;;;;;
59;7;10;90;1;True;32;numpy;False;False;0.8279860001057386;0.030043100006878376;;;;;;;;
59;8;10;90;1;True;32;numpy;False;False;0.8284293001051992;0.029600600013509393;;;;;;;;
59;9;10;90;1;True;32;numpy;False;False;0.8451789000537246;0.030447700060904026;;;;;;;;
59;10;10;90;1;True;32;numpy;False;False;0.8229189000558108;0.030331799993291497;;;;;;;;
60;1;10;90;1;True;32;numpy;True;True;0.8434818999376148;0.035466100089251995;138.33;471.6;340.500390625;340.50390625;;;;
60;2;10;90;1;True;32;numpy;True;True;0.8589067999273539;0.035604999866336584;89.1;453.3;340.69765625;340.69921875;;;;
60;3;10;90;1;True;32;numpy;True;True;0.8439827999100089;0.03504280000925064;94.02000000000001;475.6;340.435546875;340.4375;;;;
60;4;10;90;1;True;32;numpy;True;True;0.8510788998100907;0.036885400069877505;84.80999999999999;434.7;340.6078125;340.609375;;;;
60;5;10;90;1;True;32;numpy;True;True;0.8432277000974864;0.03702639997936785;131.01999999999998;444.6;340.475;340.4765625;;;;
60;6;10;90;1;True;32;numpy;True;True;0.837774199899286;0.03538580005988479;87.13;472.7;340.376953125;340.37890625;;;;
60;7;10;90;1;True;32;numpy;True;True;0.8403427000157535;0.035666200099512935;86.72999999999999;461.7;340.553125;340.5546875;;;;
60;8;10;90;1;True;32;numpy;True;True;0.8503870000131428;0.03545319987460971;91.47;472.7;340.67421875;340.67578125;;;;
60;9;10;90;1;True;32;numpy;True;True;0.848368400009349;0.036092400085181;85.12;463.5;340.7640625;340.77734375;;;;
60;10;10;90;1;True;32;numpy;True;True;0.8394461998250335;0.035938800079748034;84.19;442.2;340.580078125;340.58203125;;;;
61;1;10;90;1;True;32;cupy;False;False;2.153302599908784;1.1269599001388997;;;;;;;;
61;2;10;90;1;True;32;cupy;False;False;2.13419030001387;1.1041401999536902;;;;;;;;
61;3;10;90;1;True;32;cupy;False;False;2.204542800085619;1.1531422000844032;;;;;;;;
61;4;10;90;1;True;32;cupy;False;False;2.1480166998226196;1.1109042998868972;;;;;;;;
61;5;10;90;1;True;32;cupy;False;False;2.2510540999937803;1.224160599987954;;;;;;;;
61;6;10;90;1;True;32;cupy;False;False;2.1485107000917196;1.1125927998218685;;;;;;;;
61;7;10;90;1;True;32;cupy;False;False;2.130502700107172;1.1077944000717252;;;;;;;;
61;8;10;90;1;True;32;cupy;False;False;2.1816386999562383;1.1384100997820497;;;;;;;;
61;9;10;90;1;True;32;cupy;False;False;2.12202430004254;1.097608800046146;;;;;;;;
61;10;10;90;1;True;32;cupy;False;False;2.148374800104648;1.1128205999266356;;;;;;;;
62;1;10;90;1;True;32;cupy;True;True;2.226869500009343;1.1619981999974698;99.69000000000001;110.0;446.287109375;446.296875;9.6;12;303.0546875;303.0546875
62;2;10;90;1;True;32;cupy;True;True;2.2116032000631094;1.1348001998849213;99.17;110.6;446.437109375;446.44921875;10.0;12;303.0546875;303.0546875
62;3;10;90;1;True;32;cupy;True;True;2.185253500007093;1.1221063998527825;100.45;111.6;446.66953125;446.6796875;7.6;12;303.0546875;303.0546875
62;4;10;90;1;True;32;cupy;True;True;2.265402500052005;1.212141599971801;100.63999999999999;112.4;446.015625;446.0234375;8.8;12;303.0546875;303.0546875
62;5;10;90;1;True;32;cupy;True;True;2.201910699950531;1.1555044001433998;100.27;110.9;446.06015625;446.06640625;10.4;12;303.0546875;303.0546875
62;6;10;90;1;True;32;cupy;True;True;2.190827300073579;1.1419130000285804;99.92999999999999;110.3;446.452734375;446.4609375;9.5;12;303.0546875;303.0546875
62;7;10;90;1;True;32;cupy;True;True;2.222079599974677;1.148801000090316;97.21000000000001;113.9;446.282421875;446.29296875;9.8;12;303.0546875;303.0546875
62;8;10;90;1;True;32;cupy;True;True;2.2603247000370175;1.194623799994588;94.56;114.1;446.090625;446.1015625;10.7;12;303.0546875;303.0546875
62;9;10;90;1;True;32;cupy;True;True;2.1983881001360714;1.148417199961841;98.52;111.7;446.1;446.109375;9.6;12;303.0546875;303.0546875
62;10;10;90;1;True;32;cupy;True;True;2.194544699974358;1.1241411999799311;100.16999999999999;111.8;446.488671875;446.5;10.2;12;303.0546875;303.0546875
63;1;10;90;1;True;64;numpy;False;False;0.8367906000930816;0.025554999941959977;;;;;;;;
63;2;10;90;1;True;64;numpy;False;False;0.8340549999848008;0.02504510013386607;;;;;;;;
63;3;10;90;1;True;64;numpy;False;False;0.8231055000796914;0.025483999866992235;;;;;;;;
63;4;10;90;1;True;64;numpy;False;False;0.8180764000862837;0.02513680001720786;;;;;;;;
63;5;10;90;1;True;64;numpy;False;False;0.8373479000292718;0.025254999985918403;;;;;;;;
63;6;10;90;1;True;64;numpy;False;False;0.8198984998743981;0.025194199988618493;;;;;;;;
63;7;10;90;1;True;64;numpy;False;False;0.8324945000931621;0.025361400097608566;;;;;;;;
63;8;10;90;1;True;64;numpy;False;False;0.8358199000358582;0.025871100137010217;;;;;;;;
63;9;10;90;1;True;64;numpy;False;False;0.839969800086692;0.02513520000502467;;;;;;;;
63;10;10;90;1;True;64;numpy;False;False;0.8212693000677973;0.025173099944368005;;;;;;;;
64;1;10;90;1;True;64;numpy;True;True;0.8337021998595446;0.03081750008277595;99.53;524.3;340.425;340.4296875;;;;
64;2;10;90;1;True;64;numpy;True;True;0.8371391000691801;0.030651099979877472;106.35;535.0;340.535546875;340.5390625;;;;
64;3;10;90;1;True;64;numpy;True;True;0.8370076001156121;0.030173900071531534;51.720000000000006;517.2;340.548828125;340.55078125;;;;
64;4;10;90;1;True;64;numpy;True;True;0.8381235999986529;0.030650699976831675;51.910000000000004;519.1;340.552734375;340.5546875;;;;
64;5;10;90;1;True;64;numpy;True;True;0.8483918998390436;0.030077200150117278;105.9;546.5;340.517578125;340.51953125;;;;
64;6;10;90;1;True;64;numpy;True;True;0.8457343000918627;0.03799839993007481;47.17;471.7;340.505859375;340.5078125;;;;
64;7;10;90;1;True;64;numpy;True;True;0.8433507999870926;0.031155900098383427;104.45;556.0;340.578125;340.58203125;;;;
64;8;10;90;1;True;64;numpy;True;True;0.8372042002156377;0.030003499938175082;101.19;541.9;340.6375;340.640625;;;;
64;9;10;90;1;True;64;numpy;True;True;0.8404059999156743;0.03150899987667799;96.82;514.8;340.725;340.7265625;;;;
64;10;10;90;1;True;64;numpy;True;True;0.839697299990803;0.03036420000717044;103.84;539.4;340.5765625;340.578125;;;;
65;1;10;90;1;True;64;cupy;False;False;2.11805190006271;1.0914962999522686;;;;;;;;
65;2;10;90;1;True;64;cupy;False;False;2.1364404999185354;1.0894069999922067;;;;;;;;
65;3;10;90;1;True;64;cupy;False;False;2.1452200000640005;1.095119799952954;;;;;;;;
65;4;10;90;1;True;64;cupy;False;False;2.139504900202155;1.1041188000235707;;;;;;;;
65;5;10;90;1;True;64;cupy;False;False;2.105362399946898;1.0806112999562174;;;;;;;;
65;6;10;90;1;True;64;cupy;False;False;2.1654391000047326;1.105704199988395;;;;;;;;
65;7;10;90;1;True;64;cupy;False;False;2.163032899843529;1.1135152999777347;;;;;;;;
65;8;10;90;1;True;64;cupy;False;False;2.1469884000252932;1.1068061001133174;;;;;;;;
65;9;10;90;1;True;64;cupy;False;False;2.13998099998571;1.1077647001948208;;;;;;;;
65;10;10;90;1;True;64;cupy;False;False;2.1416847999207675;1.1040431000292301;;;;;;;;
66;1;10;90;1;True;64;cupy;True;True;2.1911113997921348;1.1251360999885947;99.19999999999999;113.8;446.62265625;446.6328125;11.5;12;303.0546875;303.0546875
66;2;10;90;1;True;64;cupy;True;True;2.2080956001300365;1.1154612000100315;98.63;114.5;445.926953125;445.93359375;10.5;12;303.0546875;303.0546875
66;3;10;90;1;True;64;cupy;True;True;2.2248132000677288;1.1509660999290645;98.55;113.5;446.4078125;446.4140625;10.3;12;303.0546875;303.0546875
66;4;10;90;1;True;64;cupy;True;True;2.1740393000654876;1.1242944998666644;100.25000000000001;109.5;446.22421875;446.23046875;12.0;12;303.0546875;303.0546875
66;5;10;90;1;True;64;cupy;True;True;2.1844540999736637;1.1353606001939625;99.32000000000002;111.6;446.19453125;446.203125;11.0;12;303.0546875;303.0546875
66;6;10;90;1;True;64;cupy;True;True;2.197892599971965;1.1407495001330972;98.82;101.4;446.372265625;446.37890625;10.0;12;303.0546875;303.0546875
66;7;10;90;1;True;64;cupy;True;True;2.1828020999673754;1.114733099937439;98.95000000000002;101.8;445.946484375;445.953125;10.5;12;303.0546875;303.0546875
66;8;10;90;1;True;64;cupy;True;True;2.2662760000675917;1.1748306001536548;96.13;101.7;446.107421875;446.1171875;10.8;12;303.0546875;303.0546875
66;9;10;90;1;True;64;cupy;True;True;2.1748458999209106;1.1131889999378473;99.69000000000001;101.5;446.655859375;446.66796875;12.8;14;303.0546875;303.0546875
66;10;10;90;1;True;64;cupy;True;True;2.1919644000008702;1.1388042999897152;97.78999999999999;109.4;446.517578125;446.52734375;11.0;12;303.0546875;303.0546875
67;1;100;0;0;False;32;numpy;False;False;0.8429495999589562;0.028670100029557943;;;;;;;;
67;2;100;0;0;False;32;numpy;False;False;0.8385416001547128;0.029373700032010674;;;;;;;;
67;3;100;0;0;False;32;numpy;False;False;0.8328606002032757;0.029431199887767434;;;;;;;;
67;4;100;0;0;False;32;numpy;False;False;0.8371721999719739;0.029020800022408366;;;;;;;;
67;5;100;0;0;False;32;numpy;False;False;0.8396938999649137;0.02983700018376112;;;;;;;;
67;6;100;0;0;False;32;numpy;False;False;0.8418669998645782;0.02958520012907684;;;;;;;;
67;7;100;0;0;False;32;numpy;False;False;0.8349969999399036;0.029354300117120147;;;;;;;;
67;8;100;0;0;False;32;numpy;False;False;0.853114299941808;0.02884069993160665;;;;;;;;
67;9;100;0;0;False;32;numpy;False;False;0.840693200007081;0.029494700022041798;;;;;;;;
67;10;100;0;0;False;32;numpy;False;False;0.8365055997855961;0.029399899998679757;;;;;;;;
68;1;100;0;0;False;32;numpy;True;True;0.8617674000561237;0.03579709981568158;92.9;484.8;341.895703125;342.33984375;;;;
68;2;100;0;0;False;32;numpy;True;True;0.8506971998140216;0.03507989994250238;81.09;409.9;341.928515625;342.37109375;;;;
68;3;100;0;0;False;32;numpy;True;True;0.8797637999523431;0.035157799953594804;90.08;452.2;341.9453125;342.390625;;;;
68;4;100;0;0;False;32;numpy;True;True;0.8622792998794466;0.03454059991054237;87.66;440.5;341.835546875;342.28515625;;;;
68;5;100;0;0;False;32;numpy;True;True;0.8707379000261426;0.0347221998963505;92.33;484.9;342.126953125;342.578125;;;;
68;6;100;0;0;False;32;numpy;True;True;0.8443697998300195;0.0353488998953253;140.84;506.3;342.119140625;342.56640625;;;;
68;7;100;0;0;False;32;numpy;True;True;0.872900600079447;0.035304199904203415;88.91;452.6;341.75625;342.20703125;;;;
68;8;100;0;0;False;32;numpy;True;True;0.8497480999212712;0.03440609993413091;138.21999999999997;508.4;341.8140625;342.2578125;;;;
68;9;100;0;0;False;32;numpy;True;True;0.8498197000008076;0.03567719995044172;85.25;452.7;341.648828125;342.10546875;;;;
68;10;100;0;0;False;32;numpy;True;True;0.853815799811855;0.03500450006686151;86.82000000000001;451.9;341.73828125;342.1796875;;;;
69;1;100;0;0;False;32;cupy;False;False;2.4216418999712914;1.399306499864906;;;;;;;;
69;2;100;0;0;False;32;cupy;False;False;2.3682254999876022;1.3711457999888808;;;;;;;;
69;3;100;0;0;False;32;cupy;False;False;2.396693899994716;1.3790496001020074;;;;;;;;
69;4;100;0;0;False;32;cupy;False;False;2.3751846000086516;1.3626852000597864;;;;;;;;
69;5;100;0;0;False;32;cupy;False;False;2.415046200156212;1.3779082999099046;;;;;;;;
69;6;100;0;0;False;32;cupy;False;False;2.3821711000055075;1.3656488999258727;;;;;;;;
69;7;100;0;0;False;32;cupy;False;False;2.393136299913749;1.3647902000229806;;;;;;;;
69;8;100;0;0;False;32;cupy;False;False;2.3902746997773647;1.3710844998713583;;;;;;;;
69;9;100;0;0;False;32;cupy;False;False;2.342995800077915;1.3508043000474572;;;;;;;;
69;10;100;0;0;False;32;cupy;False;False;2.392816900042817;1.3695807000622153;;;;;;;;
70;1;100;0;0;False;32;cupy;True;True;2.447502300143242;1.416327100014314;96.60999999999999;108.4;475.81796875;476.33203125;9.8;11;311.0546875;311.0546875
70;2;100;0;0;False;32;cupy;True;True;2.425202399957925;1.3859538999386132;100.60999999999999;109.3;475.675;476.1953125;10.2;11;311.0546875;311.0546875
70;3;100;0;0;False;32;cupy;True;True;2.4233604001346976;1.3958890000358224;99.07999999999998;110.4;475.6953125;476.171875;10.2;11;311.0546875;311.0546875
70;4;100;0;0;False;32;cupy;True;True;2.414295200025663;1.3847317998297513;100.6;109.5;475.4328125;475.96875;9.2;11;311.0546875;311.0546875
70;5;100;0;0;False;32;cupy;True;True;2.4238498001359403;1.392603199928999;96.91000000000001;108.7;475.716015625;476.23046875;11.3;12;311.0546875;311.0546875
70;6;100;0;0;False;32;cupy;True;True;2.4581666998565197;1.4115587000269443;99.63;105.2;475.913671875;476.43359375;9.0;11;311.0546875;311.0546875
70;7;100;0;0;False;32;cupy;True;True;2.4373127999715507;1.3820472001098096;98.72999999999999;108.7;475.5984375;476.09765625;9.4;11;311.0546875;311.0546875
70;8;100;0;0;False;32;cupy;True;True;2.5085909999907017;1.439142000162974;99.96000000000001;109.0;475.595703125;476.16796875;9.8;11;311.0546875;311.0546875
70;9;100;0;0;False;32;cupy;True;True;2.426346299936995;1.3861815000418574;98.89;111.0;475.703125;476.19921875;9.9;11;311.0546875;311.0546875
70;10;100;0;0;False;32;cupy;True;True;2.4249862998258322;1.3961506998166442;100.22999999999999;109.6;475.597265625;476.08203125;9.9;11;311.0546875;311.0546875
71;1;100;0;0;False;64;numpy;False;False;0.8298768999520689;0.025072099873796105;;;;;;;;
71;2;100;0;0;False;64;numpy;False;False;0.8356534000486135;0.02494279993698001;;;;;;;;
71;3;100;0;0;False;64;numpy;False;False;0.8446520001161844;0.02494559995830059;;;;;;;;
71;4;100;0;0;False;64;numpy;False;False;0.8293812000192702;0.025107100140303373;;;;;;;;
71;5;100;0;0;False;64;numpy;False;False;0.8257233998738229;0.02492390014231205;;;;;;;;
71;6;100;0;0;False;64;numpy;False;False;0.8250954998657107;0.025048299925401807;;;;;;;;
71;7;100;0;0;False;64;numpy;False;False;0.8459367000032216;0.025285499868914485;;;;;;;;
71;8;100;0;0;False;64;numpy;False;False;0.8289188998751342;0.024613199988380075;;;;;;;;
71;9;100;0;0;False;64;numpy;False;False;0.8276064998935908;0.024595099966973066;;;;;;;;
71;10;100;0;0;False;64;numpy;False;False;0.8307604999281466;0.024725700030103326;;;;;;;;
72;1;100;0;0;False;64;numpy;True;True;0.8445703000761569;0.030355999944731593;97.62;509.5;341.9140625;342.3671875;;;;
72;2;100;0;0;False;64;numpy;True;True;0.8561365001369268;0.03019790002144873;106.93000000000002;554.7;341.762890625;342.19921875;;;;
72;3;100;0;0;False;64;numpy;True;True;0.8396308000665158;0.030754399951547384;104.30999999999999;527.3;342.22578125;342.671875;;;;
72;4;100;0;0;False;64;numpy;True;True;0.8402757998555899;0.031102800043299794;96.28999999999999;511.0;341.736328125;342.18359375;;;;
72;5;100;0;0;False;64;numpy;True;True;0.8427140000276268;0.030489700147882104;105.1;535.5;341.55234375;341.98828125;;;;
72;6;100;0;0;False;64;numpy;True;True;0.8425535000860691;0.029767800122499466;107.50999999999999;539.1;341.84609375;342.296875;;;;
72;7;100;0;0;False;64;numpy;True;True;0.8546517000067979;0.029532099841162562;106.13;541.3;342.131640625;342.578125;;;;
72;8;100;0;0;False;64;numpy;True;True;0.838729599956423;0.030557200079783797;52.57000000000001;525.7;341.855859375;342.30859375;;;;
72;9;100;0;0;False;64;numpy;True;True;0.8590559000149369;0.030602300073951483;54.4;544.0;341.79765625;342.234375;;;;
72;10;100;0;0;False;64;numpy;True;True;0.8383510001003742;0.030367700150236487;102.13000000000001;519.7;341.742578125;342.1875;;;;
73;1;100;0;0;False;64;cupy;False;False;2.3728875000961125;1.359689800068736;;;;;;;;
73;2;100;0;0;False;64;cupy;False;False;2.3429652999620885;1.343099100049585;;;;;;;;
73;3;100;0;0;False;64;cupy;False;False;2.3619705999735743;1.36620599986054;;;;;;;;
73;4;100;0;0;False;64;cupy;False;False;2.3589155999943614;1.365773000055924;;;;;;;;
73;5;100;0;0;False;64;cupy;False;False;2.3327867002226412;1.335735599976033;;;;;;;;
73;6;100;0;0;False;64;cupy;False;False;2.3404665999114513;1.3396133000496775;;;;;;;;
73;7;100;0;0;False;64;cupy;False;False;2.3740044999867678;1.3687489000149071;;;;;;;;
73;8;100;0;0;False;64;cupy;False;False;2.353499500080943;1.3382323000114411;;;;;;;;
73;9;100;0;0;False;64;cupy;False;False;2.3588767999317497;1.343665299937129;;;;;;;;
73;10;100;0;0;False;64;cupy;False;False;2.361569199943915;1.353186900028959;;;;;;;;
74;1;100;0;0;False;64;cupy;True;True;2.4215427001472563;1.4014385000336915;96.55000000000001;108.9;440.021484375;440.515625;10.7;11;311.0546875;311.0546875
74;2;100;0;0;False;64;cupy;True;True;2.4296703999862075;1.390242600115016;99.34;109.1;440.3265625;440.85546875;10.6;11;311.0546875;311.0546875
74;3;100;0;0;False;64;cupy;True;True;2.390269799856469;1.364292399957776;99.14000000000001;110.2;440.4984375;440.9765625;8.6;11;311.0546875;311.0546875
74;4;100;0;0;False;64;cupy;True;True;2.408514700131491;1.3811954001430422;99.31000000000002;106.2;440.358984375;440.87890625;10.0;12;311.0546875;311.0546875
74;5;100;0;0;False;64;cupy;True;True;2.400645100045949;1.3694261000491679;99.47;110.0;440.103125;440.57421875;9.6;11;311.0546875;311.0546875
74;6;100;0;0;False;64;cupy;True;True;2.4095862999092788;1.3813203999307007;98.63000000000002;108.1;440.276171875;440.76171875;8.0;11;311.0546875;311.0546875
74;7;100;0;0;False;64;cupy;True;True;2.382897000061348;1.3725230998825282;99.27000000000001;107.5;440.471484375;441.0;11.1;12;311.0546875;311.0546875
74;8;100;0;0;False;64;cupy;True;True;2.4107154000084847;1.3875508001074195;100.02999999999999;107.4;440.336328125;440.8359375;9.0;11;311.0546875;311.0546875
74;9;100;0;0;False;64;cupy;True;True;2.40394109999761;1.3614393000025302;98.05;108.7;440.2265625;440.7421875;9.9;11;311.0546875;311.0546875
74;10;100;0;0;False;64;cupy;True;True;2.394709900021553;1.3800879998598248;99.74;106.3;440.003515625;440.4921875;9.6;11;311.0546875;311.0546875
75;1;100;0;0;True;32;numpy;False;False;0.8533133000601083;0.03355189994908869;;;;;;;;
75;2;100;0;0;True;32;numpy;False;False;0.8367826999165118;0.033284000121057034;;;;;;;;
75;3;100;0;0;True;32;numpy;False;False;0.8549981999676675;0.03310879995115101;;;;;;;;
75;4;100;0;0;True;32;numpy;False;False;0.840861399890855;0.03368290001526475;;;;;;;;
75;5;100;0;0;True;32;numpy;False;False;0.8508044998161495;0.0327953000087291;;;;;;;;
75;6;100;0;0;True;32;numpy;False;False;0.8382858999539167;0.03365920018404722;;;;;;;;
75;7;100;0;0;True;32;numpy;False;False;0.830658100079745;0.03305869991891086;;;;;;;;
75;8;100;0;0;True;32;numpy;False;False;0.8360997000709176;0.03273080009967089;;;;;;;;
75;9;100;0;0;True;32;numpy;False;False;0.8423717999830842;0.03256820002570748;;;;;;;;
75;10;100;0;0;True;32;numpy;False;False;0.8354110999498516;0.033716600155457854;;;;;;;;
76;1;100;0;0;True;32;numpy;True;True;0.8428935999982059;0.03788869990967214;84.08;432.5;342.046484375;342.4921875;;;;
76;2;100;0;0;True;32;numpy;True;True;0.8620069001335651;0.04005059995688498;80.71000000000001;423.6;342.1125;342.55859375;;;;
76;3;100;0;0;True;32;numpy;True;True;0.8423535998445004;0.03731700009666383;87.03999999999999;440.0;341.91953125;342.36328125;;;;
76;4;100;0;0;True;32;numpy;True;True;0.8519419999793172;0.03869899990968406;82.79;421.1;341.855078125;342.30859375;;;;
76;5;100;0;0;True;32;numpy;True;True;0.8583456000778824;0.03944690013304353;83.11;421.8;341.711328125;342.16015625;;;;
76;6;100;0;0;True;32;numpy;True;True;0.8455213999841362;0.04016890004277229;71.9;394.1;341.640625;342.0859375;;;;
76;7;100;0;0;True;32;numpy;True;True;0.8513133998494595;0.04018980008549988;74.34;399.5;341.914453125;342.359375;;;;
76;8;100;0;0;True;32;numpy;True;True;0.8639640000183135;0.0399729001801461;79.41;431.8;341.94921875;342.38671875;;;;
76;9;100;0;0;True;32;numpy;True;True;0.8537084998097271;0.03988589998334646;79.33;400.7;341.763671875;342.20703125;;;;
76;10;100;0;0;True;32;numpy;True;True;0.8479484000708908;0.03873870009556413;79.99;421.4;342.17109375;342.625;;;;
77;1;100;0;0;True;32;cupy;False;False;2.261353800073266;1.3165603999514133;;;;;;;;
77;2;100;0;0;True;32;cupy;False;False;2.2475604999344796;1.2977388999424875;;;;;;;;
77;3;100;0;0;True;32;cupy;False;False;2.2790853001642972;1.3161295999307185;;;;;;;;
77;4;100;0;0;True;32;cupy;False;False;2.2432772999163717;1.2883504000492394;;;;;;;;
77;5;100;0;0;True;32;cupy;False;False;2.225729300174862;1.2757896999828517;;;;;;;;
77;6;100;0;0;True;32;cupy;False;False;2.278391999891028;1.3002923000603914;;;;;;;;
77;7;100;0;0;True;32;cupy;False;False;2.2615670999512076;1.2958980000112206;;;;;;;;
77;8;100;0;0;True;32;cupy;False;False;2.28803259995766;1.3099638998974115;;;;;;;;
77;9;100;0;0;True;32;cupy;False;False;2.2595911000389606;1.3015465999487787;;;;;;;;
77;10;100;0;0;True;32;cupy;False;False;2.2826693998649716;1.3283009000588208;;;;;;;;
78;1;100;0;0;True;32;cupy;True;True;2.351570899831131;1.3592092001345009;99.03;109.1;395.850390625;396.16015625;8.6;11;301.0546875;301.0546875
78;2;100;0;0;True;32;cupy;True;True;2.3159946999512613;1.3317317999899387;99.86999999999999;107.7;395.26171875;395.77734375;8.4;11;301.0546875;301.0546875
78;3;100;0;0;True;32;cupy;True;True;2.291854500072077;1.3178052001167089;99.78999999999999;109.4;395.452734375;395.9140625;9.9;11;301.0546875;301.0546875
78;4;100;0;0;True;32;cupy;True;True;2.3194470000453293;1.3361931000836194;98.81;109.2;395.59375;395.93359375;9.5;11;301.0546875;301.0546875
78;5;100;0;0;True;32;cupy;True;True;2.3510036000516266;1.3575943000614643;97.29999999999998;108.4;395.55625;396.046875;10.2;11;301.0546875;301.0546875
78;6;100;0;0;True;32;cupy;True;True;2.3107497999444604;1.3268638998270035;98.89;110.9;395.812890625;396.32421875;9.5;11;301.0546875;301.0546875
78;7;100;0;0;True;32;cupy;True;True;2.3255278998985887;1.341571600176394;100.07;106.8;395.908984375;396.296875;9.5;11;301.0546875;301.0546875
78;8;100;0;0;True;32;cupy;True;True;2.2975484000053257;1.3170896000228822;99.75000000000001;109.1;395.812109375;396.12890625;10.2;11;301.0546875;301.0546875
78;9;100;0;0;True;32;cupy;True;True;2.318962400080636;1.338670700090006;96.02;107.5;395.534375;395.9609375;8.4;11;301.0546875;301.0546875
78;10;100;0;0;True;32;cupy;True;True;2.303553600097075;1.333268899936229;99.73;106.9;395.99375;396.31640625;9.2;11;301.0546875;301.0546875
79;1;100;0;0;True;64;numpy;False;False;0.8331745001487434;0.028019400080665946;;;;;;;;
79;2;100;0;0;True;64;numpy;False;False;0.8506660999264568;0.028326900210231543;;;;;;;;
79;3;100;0;0;True;64;numpy;False;False;0.842212000163272;0.02826800011098385;;;;;;;;
79;4;100;0;0;True;64;numpy;False;False;0.8519753001164645;0.028209100011736155;;;;;;;;
79;5;100;0;0;True;64;numpy;False;False;0.8389215001370758;0.027120700106024742;;;;;;;;
79;6;100;0;0;True;64;numpy;False;False;0.824999500066042;0.027478300034999847;;;;;;;;
79;7;100;0;0;True;64;numpy;False;False;0.8355143000371754;0.02731220005080104;;;;;;;;
79;8;100;0;0;True;64;numpy;False;False;0.8393820999190211;0.028358800103887916;;;;;;;;
79;9;100;0;0;True;64;numpy;False;False;0.8584197999443859;0.028013299917802215;;;;;;;;
79;10;100;0;0;True;64;numpy;False;False;0.84575380012393;0.028268499998375773;;;;;;;;
80;1;100;0;0;True;64;numpy;True;True;0.8590331000741571;0.03305010008625686;93.92999999999999;502.5;342.137890625;342.59765625;;;;
80;2;100;0;0;True;64;numpy;True;True;0.8411110998131335;0.03416260005906224;92.62;487.4;341.993359375;342.43359375;;;;
80;3;100;0;0;True;64;numpy;True;True;0.8371611998882145;0.03401020006276667;88.25;449.0;341.9484375;342.390625;;;;
80;4;100;0;0;True;64;numpy;True;True;0.8515320001170039;0.03497970011085272;94.58;497.5;342.149609375;342.58984375;;;;
80;5;100;0;0;True;64;numpy;True;True;0.854691700078547;0.03393470006994903;90.9;466.3;342.00703125;342.44921875;;;;
80;6;100;0;0;True;64;numpy;True;True;0.8415733000729233;0.03459699987433851;140.56;498.7;341.95546875;342.41796875;;;;
80;7;100;0;0;True;64;numpy;True;True;0.8485534000210464;0.033887899946421385;92.58;480.6;342.042578125;342.48828125;;;;
80;8;100;0;0;True;64;numpy;True;True;0.843891000142321;0.03434949996881187;96.6;486.9;341.820703125;342.28125;;;;
80;9;100;0;0;True;64;numpy;True;True;0.8454066999256611;0.03343569999560714;87.67;443.7;341.790625;342.2421875;;;;
80;10;100;0;0;True;64;numpy;True;True;0.8681879001669586;0.038731500040739775;118.35999999999999;450.1;341.84765625;342.29296875;;;;
81;1;100;0;0;True;64;cupy;False;False;2.268128100084141;1.3218270998913795;;;;;;;;
81;2;100;0;0;True;64;cupy;False;False;2.2408958999440074;1.295310900080949;;;;;;;;
81;3;100;0;0;True;64;cupy;False;False;2.265341999940574;1.3099110999610275;;;;;;;;
81;4;100;0;0;True;64;cupy;False;False;2.2865728000178933;1.3076692000031471;;;;;;;;
81;5;100;0;0;True;64;cupy;False;False;2.309419499943033;1.3228329999838024;;;;;;;;
81;6;100;0;0;True;64;cupy;False;False;2.2832468999549747;1.3046335999388248;;;;;;;;
81;7;100;0;0;True;64;cupy;False;False;2.254513699794188;1.3013494000770152;;;;;;;;
81;8;100;0;0;True;64;cupy;False;False;2.3930116000119597;1.428196799941361;;;;;;;;
81;9;100;0;0;True;64;cupy;False;False;2.2750061000697315;1.3163747999351472;;;;;;;;
81;10;100;0;0;True;64;cupy;False;False;2.2969692000187933;1.33507480006665;;;;;;;;
82;1;100;0;0;True;64;cupy;True;True;2.2875222000293434;1.3263198998756707;98.16;105.6;395.7046875;396.1796875;9.8;11;301.0546875;301.0546875
82;2;100;0;0;True;64;cupy;True;True;2.332461600191891;1.3464867000002414;99.88000000000001;109.4;395.5796875;396.04296875;11.4;12;301.0546875;301.0546875
82;3;100;0;0;True;64;cupy;True;True;2.308024700032547;1.3225661001633853;98.19;110.5;395.784375;396.10546875;8.8;11;301.0546875;301.0546875
82;4;100;0;0;True;64;cupy;True;True;2.3459691999014467;1.3530131001025438;98.63000000000001;111.6;395.569140625;396.0546875;8.5;11;301.0546875;301.0546875
82;5;100;0;0;True;64;cupy;True;True;2.3272730000317097;1.3132730000652373;98.9;109.9;394.857421875;395.33203125;11.4;12;301.0546875;301.0546875
82;6;100;0;0;True;64;cupy;True;True;2.312207099981606;1.3324409001506865;98.39999999999999;106.3;395.569140625;396.02734375;8.8;11;301.0546875;301.0546875
82;7;100;0;0;True;64;cupy;True;True;2.326539499917999;1.327583899954334;98.96000000000001;108.2;395.373828125;395.859375;9.2;11;301.0546875;301.0546875
82;8;100;0;0;True;64;cupy;True;True;2.3012661000248045;1.3222103000152856;99.49;110.7;395.677734375;396.08203125;9.9;11;301.0546875;301.0546875
82;9;100;0;0;True;64;cupy;True;True;2.353960300097242;1.3714464001823217;97.58;109.9;395.27890625;395.7890625;10.0;11;301.0546875;301.0546875
82;10;100;0;0;True;64;cupy;True;True;2.3191580998245627;1.3344575001392514;98.75999999999999;108.6;395.662109375;396.171875;9.2;11;301.0546875;301.0546875
83;1;100;990;0.1;False;32;numpy;False;False;0.8396802998613566;0.030392100103199482;;;;;;;;
83;2;100;990;0.1;False;32;numpy;False;False;0.8575393001083285;0.029166700085625052;;;;;;;;
83;3;100;990;0.1;False;32;numpy;False;False;0.8359773999545723;0.02896649995818734;;;;;;;;
83;4;100;990;0.1;False;32;numpy;False;False;0.8249685999471694;0.02953579998575151;;;;;;;;
83;5;100;990;0.1;False;32;numpy;False;False;0.8390404998790473;0.028970299987122416;;;;;;;;
83;6;100;990;0.1;False;32;numpy;False;False;0.8295942000113428;0.02932870015501976;;;;;;;;
83;7;100;990;0.1;False;32;numpy;False;False;0.8356431999709457;0.029150400077924132;;;;;;;;
83;8;100;990;0.1;False;32;numpy;False;False;0.8376263999380171;0.029369299998506904;;;;;;;;
83;9;100;990;0.1;False;32;numpy;False;False;0.832905099960044;0.029526600148528814;;;;;;;;
83;10;100;990;0.1;False;32;numpy;False;False;0.8392107000108808;0.02938650012947619;;;;;;;;
84;1;100;990;0.1;False;32;numpy;True;True;0.8577542998827994;0.03480160003527999;136.19;484.1;341.9;342.34375;;;;
84;2;100;990;0.1;False;32;numpy;True;True;0.8473865000996739;0.033635899890214205;92.05999999999999;474.2;342.195703125;342.640625;;;;
84;3;100;990;0.1;False;32;numpy;True;True;0.8724136999808252;0.03466410003602505;91.38;470.9;342.178125;342.625;;;;
84;4;100;990;0.1;False;32;numpy;True;True;0.8403576998971403;0.035217300057411194;89.05999999999999;454.9;342.029296875;342.46875;;;;
84;5;100;990;0.1;False;32;numpy;True;True;0.8403274000156671;0.03532109991647303;84.69000000000001;441.8;342.39296875;342.8359375;;;;
84;6;100;990;0.1;False;32;numpy;True;True;0.8436286998912692;0.03602150012739003;78.31;392.6;342.198046875;342.64453125;;;;
84;7;100;990;0.1;False;32;numpy;True;True;0.8401021999306977;0.03513289988040924;86.05999999999999;448.2;342.30390625;342.75;;;;
84;8;100;990;0.1;False;32;numpy;True;True;0.845655299955979;0.035828699823468924;94.6;474.0;341.90859375;342.35546875;;;;
84;9;100;990;0.1;False;32;numpy;True;True;0.8623281999025494;0.03401589998975396;137.78;480.0;342.331640625;342.78125;;;;
84;10;100;990;0.1;False;32;numpy;True;True;0.8464607999194413;0.03529589995741844;94.58;475.7;342.227734375;342.67578125;;;;
85;1;100;990;0.1;False;32;cupy;False;False;2.374090800061822;1.3712071001064032;;;;;;;;
85;2;100;990;0.1;False;32;cupy;False;False;2.3894120999611914;1.3780310999136418;;;;;;;;
85;3;100;990;0.1;False;32;cupy;False;False;2.3736715998966247;1.3662183999549598;;;;;;;;
85;4;100;990;0.1;False;32;cupy;False;False;2.3956885000225157;1.378955600084737;;;;;;;;
85;5;100;990;0.1;False;32;cupy;False;False;2.3701082000043243;1.3702271999791265;;;;;;;;
85;6;100;990;0.1;False;32;cupy;False;False;2.38663910003379;1.3838041999842972;;;;;;;;
85;7;100;990;0.1;False;32;cupy;False;False;2.3909308000002056;1.3718874000478536;;;;;;;;
85;8;100;990;0.1;False;32;cupy;False;False;2.36767810001038;1.3580946000292897;;;;;;;;
85;9;100;990;0.1;False;32;cupy;False;False;2.3513003999833018;1.338848700048402;;;;;;;;
85;10;100;990;0.1;False;32;cupy;False;False;2.3792312999721617;1.3611765999812633;;;;;;;;
86;1;100;990;0.1;False;32;cupy;True;True;2.41372529999353;1.4013519999571145;100.17;109.2;476.575390625;477.10546875;10.7;11;311.0546875;311.0546875
86;2;100;990;0.1;False;32;cupy;True;True;2.4438241999596357;1.3907423000782728;99.72999999999999;111.0;476.433203125;476.95703125;10.7;11;311.0546875;311.0546875
86;3;100;990;0.1;False;32;cupy;True;True;2.449183100135997;1.417816799832508;98.88;108.0;475.822265625;476.31640625;8.2;11;311.0546875;311.0546875
86;4;100;990;0.1;False;32;cupy;True;True;2.4590576000045985;1.432522000046447;99.13;108.0;475.937109375;476.44140625;9.4;11;311.0546875;311.0546875
86;5;100;990;0.1;False;32;cupy;True;True;2.410246300045401;1.3875643000937998;98.76;108.6;476.133984375;476.66015625;9.9;11;311.0546875;311.0546875
86;6;100;990;0.1;False;32;cupy;True;True;2.443768700119108;1.4129477001260966;99.21000000000001;109.0;476.026171875;476.5078125;9.1;11;311.0546875;311.0546875
86;7;100;990;0.1;False;32;cupy;True;True;2.436416800133884;1.3983896998688579;99.47999999999999;108.9;475.722265625;476.2109375;9.9;11;311.0546875;311.0546875
86;8;100;990;0.1;False;32;cupy;True;True;2.42283509997651;1.3958727000281215;100.09;110.1;476.628125;477.171875;9.8;11;311.0546875;311.0546875
86;9;100;990;0.1;False;32;cupy;True;True;2.397336799884215;1.3727581999264657;99.87;111.0;476.37421875;476.875;10.1;11;311.0546875;311.0546875
86;10;100;990;0.1;False;32;cupy;True;True;2.447856100043282;1.4189790999516845;98.83999999999999;110.3;476.275390625;476.7890625;8.6;11;311.0546875;311.0546875
87;1;100;990;0.1;False;64;numpy;False;False;0.8418808998540044;0.02528090006671846;;;;;;;;
87;2;100;990;0.1;False;64;numpy;False;False;0.8249121000990272;0.0245707998983562;;;;;;;;
87;3;100;990;0.1;False;64;numpy;False;False;0.8368887999095023;0.02480410016141832;;;;;;;;
87;4;100;990;0.1;False;64;numpy;False;False;0.8222289001569152;0.025807600002735853;;;;;;;;
87;5;100;990;0.1;False;64;numpy;False;False;0.8350459998473525;0.024113799910992384;;;;;;;;
87;6;100;990;0.1;False;64;numpy;False;False;0.8223421999718994;0.024753800127655268;;;;;;;;
87;7;100;990;0.1;False;64;numpy;False;False;0.8144688000902534;0.02467889990657568;;;;;;;;
87;8;100;990;0.1;False;64;numpy;False;False;0.8251435998827219;0.02432510000653565;;;;;;;;
87;9;100;990;0.1;False;64;numpy;False;False;0.8418374999891967;0.02547640004195273;;;;;;;;
87;10;100;990;0.1;False;64;numpy;False;False;0.8277805000543594;0.024365799967199564;;;;;;;;
88;1;100;990;0.1;False;64;numpy;True;True;0.8361271000467241;0.03123980015516281;93.65;468.6;342.059765625;342.515625;;;;
88;2;100;990;0.1;False;64;numpy;True;True;0.8356442002113909;0.03116130013950169;48.94;489.4;342.397265625;342.83984375;;;;
88;3;100;990;0.1;False;64;numpy;True;True;0.8400781999807805;0.03088849992491305;105.30999999999999;539.5;342.293359375;342.73828125;;;;
88;4;100;990;0.1;False;64;numpy;True;True;0.8333646000828594;0.030127899954095483;105.34;545.5;342.32734375;342.77734375;;;;
88;5;100;990;0.1;False;64;numpy;True;True;0.8440151000395417;0.030453299870714545;92.10999999999999;483.7;342.24765625;342.69921875;;;;
88;6;100;990;0.1;False;64;numpy;True;True;0.8410495999269187;0.029475799994543195;107.9;547.3;342.18046875;342.62890625;;;;
88;7;100;990;0.1;False;64;numpy;True;True;0.8526216000318527;0.029818899929523468;50.97;509.7;342.412890625;342.859375;;;;
88;8;100;990;0.1;False;64;numpy;True;True;0.8390347000677139;0.03059100010432303;100.9;545.5;342.313671875;342.76171875;;;;
88;9;100;990;0.1;False;64;numpy;True;True;0.8486985000781715;0.03081150003708899;96.96;511.9;342.22734375;342.6796875;;;;
88;10;100;990;0.1;False;64;numpy;True;True;0.8345043000299484;0.03006859985180199;108.8;551.8;342.34609375;342.79296875;;;;
89;1;100;990;0.1;False;64;cupy;False;False;2.3719126998912543;1.3736896000336856;;;;;;;;
89;2;100;990;0.1;False;64;cupy;False;False;2.353694399818778;1.356100499862805;;;;;;;;
89;3;100;990;0.1;False;64;cupy;False;False;2.3683966000098735;1.3729633998591453;;;;;;;;
89;4;100;990;0.1;False;64;cupy;False;False;2.3755085000302643;1.359653800027445;;;;;;;;
89;5;100;990;0.1;False;64;cupy;False;False;2.39655529987067;1.344351700041443;;;;;;;;
89;6;100;990;0.1;False;64;cupy;False;False;2.357706199865788;1.3524253000505269;;;;;;;;
89;7;100;990;0.1;False;64;cupy;False;False;2.383952399948612;1.3819655999541283;;;;;;;;
89;8;100;990;0.1;False;64;cupy;False;False;2.4270619000308216;1.4016181000042707;;;;;;;;
89;9;100;990;0.1;False;64;cupy;False;False;2.485613700002432;1.3811725999694318;;;;;;;;
89;10;100;990;0.1;False;64;cupy;False;False;2.435390800004825;1.3772925999946892;;;;;;;;
90;1;100;990;0.1;False;64;cupy;True;True;2.4472870999015868;1.3790613000746816;100.46000000000001;108.4;440.61328125;441.09765625;8.6;11;311.0546875;311.0546875
90;2;100;990;0.1;False;64;cupy;True;True;2.514705700101331;1.408332800026983;97.97999999999999;108.7;440.407421875;440.93359375;8.9;11;311.0546875;311.0546875
90;3;100;990;0.1;False;64;cupy;True;True;2.428287599934265;1.3740515999961644;99.49000000000002;108.7;440.67109375;441.21484375;8.6;11;311.0546875;311.0546875
90;4;100;990;0.1;False;64;cupy;True;True;2.4610075000673532;1.3896641000173986;98.35;107.8;440.676953125;441.16015625;10.4;11;311.0546875;311.0546875
90;5;100;990;0.1;False;64;cupy;True;True;2.4564533000811934;1.3919476999435574;99.41999999999999;106.5;440.591796875;441.109375;9.8;11;311.0546875;311.0546875
90;6;100;990;0.1;False;64;cupy;True;True;2.482203899882734;1.4038633999880403;99.69;108.5;441.0828125;441.55859375;9.0;11;311.0546875;311.0546875
90;7;100;990;0.1;False;64;cupy;True;True;2.4236383999232203;1.3909108999650925;99.19;107.7;440.5578125;441.078125;8.7;11;311.0546875;311.0546875
90;8;100;990;0.1;False;64;cupy;True;True;2.422856800025329;1.3807105999439955;99.28999999999999;107.4;440.483984375;441.03125;9.9;11;311.0546875;311.0546875
90;9;100;990;0.1;False;64;cupy;True;True;2.457321400055662;1.391623199917376;98.54;107.9;440.6265625;441.1015625;9.1;11;311.0546875;311.0546875
90;10;100;990;0.1;False;64;cupy;True;True;2.4772868999280035;1.4318714998662472;97.67;110.5;440.744140625;441.2109375;9.6;11;311.0546875;311.0546875
91;1;100;990;0.1;True;32;numpy;False;False;0.839951200177893;0.03325310000218451;;;;;;;;
91;2;100;990;0.1;True;32;numpy;False;False;0.856764999916777;0.03436669986695051;;;;;;;;
91;3;100;990;0.1;True;32;numpy;False;False;0.8426864999346435;0.032946000108495355;;;;;;;;
91;4;100;990;0.1;True;32;numpy;False;False;0.8411548000294715;0.03393439995124936;;;;;;;;
91;5;100;990;0.1;True;32;numpy;False;False;0.8305389999877661;0.03302589990198612;;;;;;;;
91;6;100;990;0.1;True;32;numpy;False;False;0.8302922998555005;0.03342100000008941;;;;;;;;
91;7;100;990;0.1;True;32;numpy;False;False;0.8602835999336094;0.03298939997330308;;;;;;;;
91;8;100;990;0.1;True;32;numpy;False;False;0.8253616997972131;0.03296079998835921;;;;;;;;
91;9;100;990;0.1;True;32;numpy;False;False;0.8328541000373662;0.03387610008940101;;;;;;;;
91;10;100;990;0.1;True;32;numpy;False;False;0.8435223998967558;0.034591800067573786;;;;;;;;
92;1;100;990;0.1;True;32;numpy;True;True;0.8491450001019984;0.03886960004456341;83.9;422.6;341.861328125;342.3125;;;;
92;2;100;990;0.1;True;32;numpy;True;True;0.850233499892056;0.038978799944743514;120.89000000000001;405.3;342.044921875;342.48828125;;;;
92;3;100;990;0.1;True;32;numpy;True;True;0.8488017001654953;0.04024629993364215;76.25;391.5;342.384765625;342.828125;;;;
92;4;100;990;0.1;True;32;numpy;True;True;0.8392461999319494;0.03989809984341264;119.17;411.9;342.0078125;342.45703125;;;;
92;5;100;990;0.1;True;32;numpy;True;True;0.8595867000985891;0.03985970001667738;121.54;427.0;341.76640625;342.19921875;;;;
92;6;100;990;0.1;True;32;numpy;True;True;0.8625429000239819;0.04115650011226535;83.05999999999999;431.2;342.187890625;342.63671875;;;;
92;7;100;990;0.1;True;32;numpy;True;True;0.8518634000793099;0.03929110011085868;123.7;433.8;342.2984375;342.7421875;;;;
92;8;100;990;0.1;True;32;numpy;True;True;0.8437350001186132;0.04007759992964566;113.72;396.4;342.331640625;342.78515625;;;;
92;9;100;990;0.1;True;32;numpy;True;True;0.8458709998521954;0.03853960009291768;80.62;426.4;342.426171875;342.875;;;;
92;10;100;990;0.1;True;32;numpy;True;True;0.8603018999565393;0.03965639998205006;81.8;415.8;342.19609375;342.65234375;;;;
93;1;100;990;0.1;True;32;cupy;False;False;2.4553038999438286;1.4057636999059469;;;;;;;;
93;2;100;990;0.1;True;32;cupy;False;False;2.448036399902776;1.4075153002049774;;;;;;;;
93;3;100;990;0.1;True;32;cupy;False;False;2.4596655999775976;1.4300862001255155;;;;;;;;
93;4;100;990;0.1;True;32;cupy;False;False;2.4188171001151204;1.377525100018829;;;;;;;;
93;5;100;990;0.1;True;32;cupy;False;False;2.448100300040096;1.4031976000405848;;;;;;;;
93;6;100;990;0.1;True;32;cupy;False;False;2.4286765998695046;1.3858544998802245;;;;;;;;
93;7;100;990;0.1;True;32;cupy;False;False;2.4413720001466572;1.3928242998663336;;;;;;;;
93;8;100;990;0.1;True;32;cupy;False;False;2.4874082000460476;1.4123945999890566;;;;;;;;
93;9;100;990;0.1;True;32;cupy;False;False;2.4395192000083625;1.3857914998661727;;;;;;;;
93;10;100;990;0.1;True;32;cupy;False;False;2.433218900114298;1.3946262001991272;;;;;;;;
94;1;100;990;0.1;True;32;cupy;True;True;2.50472109997645;1.4267388000153005;99.74000000000001;105.8;451.5203125;452.0078125;11.0;11;303.0546875;303.0546875
94;2;100;990;0.1;True;32;cupy;True;True;2.498016299912706;1.4130128999240696;98.66;106.9;451.386328125;451.90234375;10.9;12;303.0546875;303.0546875
94;3;100;990;0.1;True;32;cupy;True;True;2.449669500114396;1.3898742999881506;98.67999999999999;104.1;451.208203125;451.671875;11.6;13;303.0546875;303.0546875
94;4;100;990;0.1;True;32;cupy;True;True;2.47497049998492;1.3891125998925418;99.08000000000001;105.1;451.78046875;452.29296875;12.2;15;303.0546875;303.0546875
94;5;100;990;0.1;True;32;cupy;True;True;2.4719734999816865;1.419634000165388;99.39000000000001;107.4;451.34453125;451.8046875;10.7;11;303.0546875;303.0546875
94;6;100;990;0.1;True;32;cupy;True;True;2.5040798999834806;1.4269326000940055;98.61;105.3;451.447265625;451.90625;10.1;11;303.0546875;303.0546875
94;7;100;990;0.1;True;32;cupy;True;True;2.506174399983138;1.423650600016117;98.85;106.5;451.475390625;451.99609375;10.7;11;303.0546875;303.0546875
94;8;100;990;0.1;True;32;cupy;True;True;2.4784043999388814;1.4140436998568475;98.98;107.2;451.23203125;451.76953125;10.6;11;303.0546875;303.0546875
94;9;100;990;0.1;True;32;cupy;True;True;2.4883884999435395;1.432970599969849;98.31;102.7;451.95546875;452.4609375;11.0;11;303.0546875;303.0546875
94;10;100;990;0.1;True;32;cupy;True;True;2.5446758000180125;1.4643711999524385;96.75;105.2;451.653515625;452.15234375;10.6;11;303.0546875;303.0546875
95;1;100;990;0.1;True;64;numpy;False;False;0.8398737001698464;0.028366100043058395;;;;;;;;
95;2;100;990;0.1;True;64;numpy;False;False;0.820067600114271;0.02841900009661913;;;;;;;;
95;3;100;990;0.1;True;64;numpy;False;False;0.8301684001926333;0.028262299951165915;;;;;;;;
95;4;100;990;0.1;True;64;numpy;False;False;0.8406428000889719;0.029423800064250827;;;;;;;;
95;5;100;990;0.1;True;64;numpy;False;False;0.8358401998411864;0.028517600148916245;;;;;;;;
95;6;100;990;0.1;True;64;numpy;False;False;0.8279642001725733;0.028267899993807077;;;;;;;;
95;7;100;990;0.1;True;64;numpy;False;False;0.8252687000203878;0.028188900090754032;;;;;;;;
95;8;100;990;0.1;True;64;numpy;False;False;0.8257331000640988;0.028553100069984794;;;;;;;;
95;9;100;990;0.1;True;64;numpy;False;False;0.8476664000190794;0.02864560019224882;;;;;;;;
95;10;100;990;0.1;True;64;numpy;False;False;0.8218279001303017;0.028826500056311488;;;;;;;;
96;1;100;990;0.1;True;64;numpy;True;True;0.8376545000355691;0.034598000114783645;88.38;447.9;342.046484375;342.5;;;;
96;2;100;990;0.1;True;64;numpy;True;True;0.837063199840486;0.03538939985446632;98.17;497.0;342.26875;342.71875;;;;
96;3;100;990;0.1;True;64;numpy;True;True;0.8496587998233736;0.03511870000511408;90.72;456.6;341.947265625;342.3984375;;;;
96;4;100;990;0.1;True;64;numpy;True;True;0.8426665000151843;0.03458320000208914;87.39;455.5;342.405078125;342.84765625;;;;
96;5;100;990;0.1;True;64;numpy;True;True;0.8428162999916822;0.0341820998582989;95.47999999999999;478.9;342.20078125;342.6484375;;;;
96;6;100;990;0.1;True;64;numpy;True;True;0.851172300055623;0.03473549988120794;86.65;445.5;342.3890625;342.83203125;;;;
96;7;100;990;0.1;True;64;numpy;True;True;0.8478379999287426;0.03420570003800094;88.52000000000001;456.1;341.99453125;342.4375;;;;
96;8;100;990;0.1;True;64;numpy;True;True;0.8369783998932689;0.03353479993529618;44.510000000000005;445.1;342.1265625;342.5625;;;;
96;9;100;990;0.1;True;64;numpy;True;True;0.8489747999701649;0.034699999960139394;93.56;475.8;342.272265625;342.71484375;;;;
96;10;100;990;0.1;True;64;numpy;True;True;0.833846400026232;0.03417000011540949;95.69000000000001;480.6;342.25078125;342.703125;;;;
97;1;100;990;0.1;True;64;cupy;False;False;2.4685612998437136;1.4288272000849247;;;;;;;;
97;2;100;990;0.1;True;64;cupy;False;False;2.4390035001561046;1.3942518001422286;;;;;;;;
97;3;100;990;0.1;True;64;cupy;False;False;2.4385968998540193;1.4034384000115097;;;;;;;;
97;4;100;990;0.1;True;64;cupy;False;False;2.4240846999455243;1.3899548000190407;;;;;;;;
97;5;100;990;0.1;True;64;cupy;False;False;2.4437013999558985;1.4006817999761552;;;;;;;;
97;6;100;990;0.1;True;64;cupy;False;False;2.419476900016889;1.393837799783796;;;;;;;;
97;7;100;990;0.1;True;64;cupy;False;False;2.4486424000933766;1.404047700110823;;;;;;;;
97;8;100;990;0.1;True;64;cupy;False;False;2.4739590000826865;1.3954099998809397;;;;;;;;
97;9;100;990;0.1;True;64;cupy;False;False;2.4084291998296976;1.3740983998868614;;;;;;;;
97;10;100;990;0.1;True;64;cupy;False;False;2.4420583001337945;1.384012599941343;;;;;;;;
98;1;100;990;0.1;True;64;cupy;True;True;2.4725351999513805;1.4227587000932544;100.05000000000001;106.0;451.44140625;451.95703125;9.0;11;303.0546875;303.0546875
98;2;100;990;0.1;True;64;cupy;True;True;2.50632550008595;1.4296506999526173;99.92;104.1;451.09765625;451.6171875;9.0;11;303.0546875;303.0546875
98;3;100;990;0.1;True;64;cupy;True;True;2.488938600057736;1.4358506998978555;98.6;106.8;451.585546875;452.06640625;9.6;12;303.0546875;303.0546875
98;4;100;990;0.1;True;64;cupy;True;True;2.53131220000796;1.4589339999947697;96.65;103.6;451.348046875;451.8046875;9.0;11;303.0546875;303.0546875
98;5;100;990;0.1;True;64;cupy;True;True;2.478357099927962;1.4261400999967009;98.69;105.2;450.8671875;451.37890625;9.4;11;303.0546875;303.0546875
98;6;100;990;0.1;True;64;cupy;True;True;2.5105647000018507;1.4387293001636863;100.24999999999999;102.8;450.96875;451.484375;9.0;11;303.0546875;303.0546875
98;7;100;990;0.1;True;64;cupy;True;True;2.4824524000287056;1.426113500026986;99.09;104.4;451.159375;451.62109375;9.2;11;303.0546875;303.0546875
98;8;100;990;0.1;True;64;cupy;True;True;2.553416300099343;1.4525320001412183;99.11000000000001;103.4;451.35234375;451.8671875;8.6;11;303.0546875;303.0546875
98;9;100;990;0.1;True;64;cupy;True;True;2.502839600201696;1.4336039999034256;99.59;105.6;451.389453125;451.921875;10.0;11;303.0546875;303.0546875
98;10;100;990;0.1;True;64;cupy;True;True;2.509930299827829;1.4137887000106275;98.20000000000002;104.8;450.960546875;451.47265625;11.5;12;303.0546875;303.0546875
99;1;100;4950;0.5;False;32;numpy;False;False;0.8284545999485999;0.029346899827942252;;;;;;;;
99;2;100;4950;0.5;False;32;numpy;False;False;0.832462599966675;0.02925279992632568;;;;;;;;
99;3;100;4950;0.5;False;32;numpy;False;False;0.8398195998743176;0.030051599955186248;;;;;;;;
99;4;100;4950;0.5;False;32;numpy;False;False;0.8635214001405984;0.02900100010447204;;;;;;;;
99;5;100;4950;0.5;False;32;numpy;False;False;0.8429823000915349;0.028800700092688203;;;;;;;;
99;6;100;4950;0.5;False;32;numpy;False;False;0.8368438999168575;0.02924089995212853;;;;;;;;
99;7;100;4950;0.5;False;32;numpy;False;False;0.8349756000097841;0.029302199836820364;;;;;;;;
99;8;100;4950;0.5;False;32;numpy;False;False;0.8208300999831408;0.029016799991950393;;;;;;;;
99;9;100;4950;0.5;False;32;numpy;False;False;0.8295992000494152;0.02872850000858307;;;;;;;;
99;10;100;4950;0.5;False;32;numpy;False;False;0.8332496001385152;0.028928000014275312;;;;;;;;
100;1;100;4950;0.5;False;32;numpy;True;True;0.8352351998910308;0.03450199984945357;95.34;490.3;342.315234375;342.7578125;;;;
100;2;100;4950;0.5;False;32;numpy;True;True;0.8317898998502642;0.03460139990784228;89.75;449.4;342.322265625;342.77734375;;;;
100;3;100;4950;0.5;False;32;numpy;True;True;0.8417537999339402;0.0343840999994427;90.24000000000001;481.3;342.271875;342.71484375;;;;
100;4;100;4950;0.5;False;32;numpy;True;True;0.837411800166592;0.034985800040885806;137.03000000000003;475.6;342.19609375;342.640625;;;;
100;5;100;4950;0.5;False;32;numpy;True;True;0.8396398997865617;0.03454339993186295;90.46000000000001;457.8;342.3625;342.8125;;;;
100;6;100;4950;0.5;False;32;numpy;True;True;0.8458090000785887;0.03432410000823438;91.01;460.1;342.50859375;342.9609375;;;;
100;7;100;4950;0.5;False;32;numpy;True;True;0.835442999843508;0.03466729982756078;92.71000000000001;468.0;342.51796875;342.96484375;;;;
100;8;100;4950;0.5;False;32;numpy;True;True;0.8442118000239134;0.03438200009986758;87.53;467.6;342.454296875;342.90625;;;;
100;9;100;4950;0.5;False;32;numpy;True;True;0.8536014000419527;0.04429880017414689;107.80999999999999;481.3;342.4046875;342.84375;;;;
100;10;100;4950;0.5;False;32;numpy;True;True;0.8424279999453574;0.03500759997405112;45.57;455.7;342.11640625;342.56640625;;;;
101;1;100;4950;0.5;False;32;cupy;False;False;2.3703900000546128;1.3786005999427289;;;;;;;;
101;2;100;4950;0.5;False;32;cupy;False;False;2.3498844001442194;1.3483748000580817;;;;;;;;
101;3;100;4950;0.5;False;32;cupy;False;False;2.3855232999194413;1.3622832000255585;;;;;;;;
101;4;100;4950;0.5;False;32;cupy;False;False;2.3634490000549704;1.350065300008282;;;;;;;;
101;5;100;4950;0.5;False;32;cupy;False;False;2.368257800117135;1.3569792001508176;;;;;;;;
101;6;100;4950;0.5;False;32;cupy;False;False;2.3751484998501837;1.3679442000575364;;;;;;;;
101;7;100;4950;0.5;False;32;cupy;False;False;2.354777399916202;1.3545053999405354;;;;;;;;
101;8;100;4950;0.5;False;32;cupy;False;False;2.372902600094676;1.3455340000800788;;;;;;;;
101;9;100;4950;0.5;False;32;cupy;False;False;2.34982299990952;1.3410558998584747;;;;;;;;
101;10;100;4950;0.5;False;32;cupy;False;False;2.3644823001232;1.3548190998844802;;;;;;;;
102;1;100;4950;0.5;False;32;cupy;True;True;2.4099696001503617;1.377578599844128;99.99000000000001;108.8;476.194140625;476.67578125;8.8;11;311.0546875;311.0546875
102;2;100;4950;0.5;False;32;cupy;True;True;2.4261346000712365;1.3882019999437034;98.94;110.4;476.260546875;476.7421875;10.1;11;311.0546875;311.0546875
102;3;100;4950;0.5;False;32;cupy;True;True;2.3875627999659628;1.3607297001872212;100.25;110.6;476.169921875;476.73046875;9.4;11;311.0546875;311.0546875
102;4;100;4950;0.5;False;32;cupy;True;True;2.4115440999157727;1.3877421000506729;99.28;104.3;476.27265625;476.75390625;9.5;11;311.0546875;311.0546875
102;5;100;4950;0.5;False;32;cupy;True;True;2.4351111999712884;1.392378400079906;98.32000000000001;107.3;476.171875;476.64453125;9.9;11;311.0546875;311.0546875
102;6;100;4950;0.5;False;32;cupy;True;True;2.475382399978116;1.446007499936968;98.83999999999999;103.3;475.8734375;476.390625;9.7;11;311.0546875;311.0546875
102;7;100;4950;0.5;False;32;cupy;True;True;2.492868599947542;1.4663908001966774;97.96;104.4;476.181640625;476.6484375;10.6;11;311.0546875;311.0546875
102;8;100;4950;0.5;False;32;cupy;True;True;2.4321793999988586;1.4117578999139369;98.5;104.2;476.177734375;476.76171875;10.2;11;311.0546875;311.0546875
102;9;100;4950;0.5;False;32;cupy;True;True;2.3960929000750184;1.3727164999581873;98.99000000000001;111.1;475.851171875;476.34765625;8.6;11;311.0546875;311.0546875
102;10;100;4950;0.5;False;32;cupy;True;True;2.4896444000769407;1.4689889000728726;96.88;106.3;476.090625;476.5546875;11.0;12;311.0546875;311.0546875
103;1;100;4950;0.5;False;64;numpy;False;False;0.8447956000454724;0.024494699900969863;;;;;;;;
103;2;100;4950;0.5;False;64;numpy;False;False;0.8548729999456555;0.024594500195235014;;;;;;;;
103;3;100;4950;0.5;False;64;numpy;False;False;0.8259495999664068;0.024688899982720613;;;;;;;;
103;4;100;4950;0.5;False;64;numpy;False;False;0.8299436999950558;0.024667399935424328;;;;;;;;
103;5;100;4950;0.5;False;64;numpy;False;False;0.8272035999689251;0.024552799994125962;;;;;;;;
103;6;100;4950;0.5;False;64;numpy;False;False;0.8127063999418169;0.024473499972373247;;;;;;;;
103;7;100;4950;0.5;False;64;numpy;False;False;0.8292021998204291;0.02454150002449751;;;;;;;;
103;8;100;4950;0.5;False;64;numpy;False;False;0.8195358999073505;0.024569799890741706;;;;;;;;
103;9;100;4950;0.5;False;64;numpy;False;False;0.8287233000155538;0.024785799905657768;;;;;;;;
103;10;100;4950;0.5;False;64;numpy;False;False;0.8273094999603927;0.024728599935770035;;;;;;;;
104;1;100;4950;0.5;False;64;numpy;True;True;0.8409900001715869;0.02983390004374087;110.85999999999999;571.0;342.13203125;342.58203125;;;;
104;2;100;4950;0.5;False;64;numpy;True;True;0.856293800054118;0.03661629999987781;79.94;511.5;342.076171875;342.5234375;;;;
104;3;100;4950;0.5;False;64;numpy;True;True;0.8402032000012696;0.030864299973472953;95.74;482.5;342.29453125;342.7421875;;;;
104;4;100;4950;0.5;False;64;numpy;True;True;0.8459367000032216;0.03014470008201897;105.94000000000001;569.8;342.319921875;342.765625;;;;
104;5;100;4950;0.5;False;64;numpy;True;True;0.8528831000439823;0.030591800110414624;103.83000000000001;521.6;342.2984375;342.765625;;;;
104;6;100;4950;0.5;False;64;numpy;True;True;0.8416865998879075;0.029773500049486756;51.46;514.6;342.0609375;342.50390625;;;;
104;7;100;4950;0.5;False;64;numpy;True;True;0.8346865000203252;0.030217100167647004;104.24000000000001;523.6;342.20078125;342.64453125;;;;
104;8;100;4950;0.5;False;64;numpy;True;True;0.8534627999179065;0.029438900062814355;103.96;577.5;342.271875;342.71875;;;;
104;9;100;4950;0.5;False;64;numpy;True;True;0.8385418001562357;0.03034800011664629;103.16;583.2;342.111328125;342.55078125;;;;
104;10;100;4950;0.5;False;64;numpy;True;True;0.8342538001015782;0.030081199947744608;52.57000000000001;525.7;342.239453125;342.6875;;;;
105;1;100;4950;0.5;False;64;cupy;False;False;2.3452084998134524;1.35235850000754;;;;;;;;
105;2;100;4950;0.5;False;64;cupy;False;False;2.390041599981487;1.3796901998575777;;;;;;;;
105;3;100;4950;0.5;False;64;cupy;False;False;2.3618159000761807;1.3503640000708401;;;;;;;;
105;4;100;4950;0.5;False;64;cupy;False;False;2.3261135001666844;1.3382782998960465;;;;;;;;
105;5;100;4950;0.5;False;64;cupy;False;False;2.362902600085363;1.3502940000034869;;;;;;;;
105;6;100;4950;0.5;False;64;cupy;False;False;2.3436481000389904;1.3421671001706272;;;;;;;;
105;7;100;4950;0.5;False;64;cupy;False;False;2.335145399905741;1.339403800200671;;;;;;;;
105;8;100;4950;0.5;False;64;cupy;False;False;2.364878699881956;1.3404567998368293;;;;;;;;
105;9;100;4950;0.5;False;64;cupy;False;False;2.367242499953136;1.3372500999830663;;;;;;;;
105;10;100;4950;0.5;False;64;cupy;False;False;2.364124800078571;1.3282167001161724;;;;;;;;
106;1;100;4950;0.5;False;64;cupy;True;True;2.431016100104898;1.3737221001647413;98.9;108.3;440.559765625;441.05078125;9.9;11;311.0546875;311.0546875
106;2;100;4950;0.5;False;64;cupy;True;True;2.4409799999557436;1.401243600063026;100.33;109.0;440.452734375;440.9453125;8.5;11;311.0546875;311.0546875
106;3;100;4950;0.5;False;64;cupy;True;True;2.4041662998497486;1.3700015998911113;99.46000000000001;104.9;440.6015625;441.08203125;9.0;11;311.0546875;311.0546875
106;4;100;4950;0.5;False;64;cupy;True;True;2.4082369001116604;1.3871431001462042;100.03999999999999;110.1;440.90546875;441.4453125;11.3;12;311.0546875;311.0546875
106;5;100;4950;0.5;False;64;cupy;True;True;2.4096966998185962;1.3825506998691708;98.9;105.6;440.5;440.97265625;9.3;12;311.0546875;311.0546875
106;6;100;4950;0.5;False;64;cupy;True;True;2.4118111000861973;1.3984409000258893;100.91;109.0;440.530078125;440.9921875;9.9;11;311.0546875;311.0546875
106;7;100;4950;0.5;False;64;cupy;True;True;2.3903028999920934;1.3650889999698848;100.31;110.6;440.515234375;441.03515625;9.9;11;311.0546875;311.0546875
106;8;100;4950;0.5;False;64;cupy;True;True;2.3990529999136925;1.3707739999517798;98.61;105.4;440.83671875;441.32421875;10.2;11;311.0546875;311.0546875
106;9;100;4950;0.5;False;64;cupy;True;True;2.384614799870178;1.369453800143674;98.7;108.2;441.265625;441.75;10.0;11;311.0546875;311.0546875
106;10;100;4950;0.5;False;64;cupy;True;True;2.4213040999602526;1.3831309999804944;98.15;106.9;440.457421875;440.984375;9.4;11;311.0546875;311.0546875
107;1;100;4950;0.5;True;32;numpy;False;False;0.8477549999952316;0.035125100053846836;;;;;;;;
107;2;100;4950;0.5;True;32;numpy;False;False;0.8378637998830527;0.03663240000605583;;;;;;;;
107;3;100;4950;0.5;True;32;numpy;False;False;0.8402450999710709;0.03516640001907945;;;;;;;;
107;4;100;4950;0.5;True;32;numpy;False;False;0.8344264000188559;0.03512539993971586;;;;;;;;
107;5;100;4950;0.5;True;32;numpy;False;False;0.8305013999342918;0.034775499952957034;;;;;;;;
107;6;100;4950;0.5;True;32;numpy;False;False;0.8364615999162197;0.03537769988179207;;;;;;;;
107;7;100;4950;0.5;True;32;numpy;False;False;0.8520464000757784;0.03576490003615618;;;;;;;;
107;8;100;4950;0.5;True;32;numpy;False;False;0.8512667000759393;0.03609400009736419;;;;;;;;
107;9;100;4950;0.5;True;32;numpy;False;False;0.8465859000571072;0.03549569984897971;;;;;;;;
107;10;100;4950;0.5;True;32;numpy;False;False;0.8386284001171589;0.036119200056418777;;;;;;;;
108;1;100;4950;0.5;True;32;numpy;True;True;0.8629709999077022;0.042940699961036444;74.27000000000001;384.6;342.272265625;342.72265625;;;;
108;2;100;4950;0.5;True;32;numpy;True;True;0.8494339999742806;0.042475900147110224;106.3;398.4;342.273828125;342.71484375;;;;
108;3;100;4950;0.5;True;32;numpy;True;True;0.8593247001990676;0.042078700149431825;117.85;397.6;342.326953125;342.77734375;;;;
108;4;100;4950;0.5;True;32;numpy;True;True;0.8786094000097364;0.041974900057539344;108.16;385.2;342.226953125;342.671875;;;;
108;5;100;4950;0.5;True;32;numpy;True;True;0.8598507998976856;0.041906199883669615;116.05999999999999;401.2;341.940625;342.38671875;;;;
108;6;100;4950;0.5;True;32;numpy;True;True;0.8542969999834895;0.04189680004492402;76.66;389.7;342.01484375;342.4609375;;;;
108;7;100;4950;0.5;True;32;numpy;True;True;0.8610634999349713;0.041421799920499325;115.4;394.6;342.309765625;342.75;;;;
108;8;100;4950;0.5;True;32;numpy;True;True;0.8531017999630421;0.042121100006625056;108.3;368.5;341.982421875;342.42578125;;;;
108;9;100;4950;0.5;True;32;numpy;True;True;0.8593974001705647;0.04121840000152588;111.80999999999999;403.2;342.065234375;342.51171875;;;;
108;10;100;4950;0.5;True;32;numpy;True;True;0.8586764000356197;0.04922219994477928;92.71000000000001;333.3;342.0046875;342.44921875;;;;
109;1;100;4950;0.5;True;32;cupy;False;False;2.4268400000873953;1.3877290000673383;;;;;;;;
109;2;100;4950;0.5;True;32;cupy;False;False;2.4214849998243153;1.3832837000954896;;;;;;;;
109;3;100;4950;0.5;True;32;cupy;False;False;2.4213735999073833;1.3863840999547392;;;;;;;;
109;4;100;4950;0.5;True;32;cupy;False;False;2.4124708001036197;1.3861897999886423;;;;;;;;
109;5;100;4950;0.5;True;32;cupy;False;False;2.4600224001333117;1.4085947000421584;;;;;;;;
109;6;100;4950;0.5;True;32;cupy;False;False;2.408179400023073;1.3753544001374394;;;;;;;;
109;7;100;4950;0.5;True;32;cupy;False;False;2.4269187999889255;1.3840334999840707;;;;;;;;
109;8;100;4950;0.5;True;32;cupy;False;False;2.431259599979967;1.3901463998481631;;;;;;;;
109;9;100;4950;0.5;True;32;cupy;False;False;2.448705199873075;1.378014799905941;;;;;;;;
109;10;100;4950;0.5;True;32;cupy;False;False;2.420814799843356;1.38036819989793;;;;;;;;
110;1;100;4950;0.5;True;32;cupy;True;True;2.4598914000671357;1.376615800196305;99.97;107.8;451.607421875;452.07421875;10.4;11;303.0546875;303.0546875
110;2;100;4950;0.5;True;32;cupy;True;True;2.556760499952361;1.4020634000189602;100.27;105.9;451.45625;451.9140625;10.6;11;303.0546875;303.0546875
110;3;100;4950;0.5;True;32;cupy;True;True;2.471315100090578;1.4033061999361962;98.86999999999999;109.2;451.373828125;451.8671875;10.0;11;303.0546875;303.0546875
110;4;100;4950;0.5;True;32;cupy;True;True;2.4946686001494527;1.4126105001196265;99.59;106.3;451.6265625;452.109375;11.0;11;303.0546875;303.0546875
110;5;100;4950;0.5;True;32;cupy;True;True;2.4802844000514597;1.406566500198096;98.36999999999999;108.5;451.396484375;451.88671875;10.6;11;303.0546875;303.0546875
110;6;100;4950;0.5;True;32;cupy;True;True;2.498801900073886;1.4065173000562936;100.12999999999998;109.2;451.53046875;452.04296875;10.2;11;303.0546875;303.0546875
110;7;100;4950;0.5;True;32;cupy;True;True;2.4290096999611706;1.3844484000001103;98.66;107.9;451.147265625;451.60546875;10.0;11;303.0546875;303.0546875
110;8;100;4950;0.5;True;32;cupy;True;True;2.474123800173402;1.3930019999388605;100.03;106.6;451.2125;451.75;9.0;11;303.0546875;303.0546875
110;9;100;4950;0.5;True;32;cupy;True;True;2.484254099894315;1.4233574999962002;99.86999999999999;107.9;451.4484375;451.9609375;9.2;11;303.0546875;303.0546875
110;10;100;4950;0.5;True;32;cupy;True;True;2.470285599818453;1.3988188998773694;100.63;106.6;451.2125;451.703125;9.2;11;303.0546875;303.0546875
111;1;100;4950;0.5;True;64;numpy;False;False;0.8406275999732316;0.030973700108006597;;;;;;;;
111;2;100;4950;0.5;True;64;numpy;False;False;0.8295797000173479;0.030214800033718348;;;;;;;;
111;3;100;4950;0.5;True;64;numpy;False;False;0.844137700041756;0.031208900036290288;;;;;;;;
111;4;100;4950;0.5;True;64;numpy;False;False;0.8593351999297738;0.03130429983139038;;;;;;;;
111;5;100;4950;0.5;True;64;numpy;False;False;0.8557388999033719;0.030831200070679188;;;;;;;;
111;6;100;4950;0.5;True;64;numpy;False;False;0.8296072001103312;0.030815199948847294;;;;;;;;
111;7;100;4950;0.5;True;64;numpy;False;False;0.8286163001321256;0.03027059999294579;;;;;;;;
111;8;100;4950;0.5;True;64;numpy;False;False;0.8347689998336136;0.03079250012524426;;;;;;;;
111;9;100;4950;0.5;True;64;numpy;False;False;0.846863100072369;0.0313744000159204;;;;;;;;
111;10;100;4950;0.5;True;64;numpy;False;False;0.8369450999889523;0.029947099974378943;;;;;;;;
112;1;100;4950;0.5;True;64;numpy;True;True;0.8486091000959277;0.03855300019495189;124.35999999999999;444.8;342.196484375;342.6484375;;;;
112;2;100;4950;0.5;True;64;numpy;True;True;0.8377211999613792;0.037109400145709515;81.19;433.2;342.323046875;342.765625;;;;
112;3;100;4950;0.5;True;64;numpy;True;True;0.8639847999438643;0.038575200131163;41.489999999999995;414.9;342.2421875;342.6796875;;;;
112;4;100;4950;0.5;True;64;numpy;True;True;0.8397335999179631;0.03795610019005835;124.59;432.4;342.18046875;342.62109375;;;;
112;5;100;4950;0.5;True;64;numpy;True;True;0.8456946001388133;0.03641379997134209;126.49000000000001;443.1;342.24296875;342.6953125;;;;
112;6;100;4950;0.5;True;64;numpy;True;True;0.8447988000698388;0.03678809991106391;85.27000000000001;431.8;341.798828125;342.25;;;;
112;7;100;4950;0.5;True;64;numpy;True;True;0.8587801000103354;0.037642099894583225;84.17999999999999;439.9;342.110546875;342.55859375;;;;
112;8;100;4950;0.5;True;64;numpy;True;True;0.8464629000518471;0.0377899999730289;121.46999999999998;419.9;341.8484375;342.296875;;;;
112;9;100;4950;0.5;True;64;numpy;True;True;0.8388184998184443;0.03679679986089468;128.07;456.4;341.8421875;342.28125;;;;
112;10;100;4950;0.5;True;64;numpy;True;True;0.8400758998468518;0.036895500030368567;122.88;419.9;342.382421875;342.8359375;;;;
113;1;100;4950;0.5;True;64;cupy;False;False;2.450890199979767;1.4236695999279618;;;;;;;;
113;2;100;4950;0.5;True;64;cupy;False;False;2.4109664000570774;1.385317400097847;;;;;;;;
113;3;100;4950;0.5;True;64;cupy;False;False;2.4198622999247164;1.3904154000338167;;;;;;;;
113;4;100;4950;0.5;True;64;cupy;False;False;2.4206437000539154;1.379848400130868;;;;;;;;
113;5;100;4950;0.5;True;64;cupy;False;False;2.4216722999699414;1.3941049999557436;;;;;;;;
113;6;100;4950;0.5;True;64;cupy;False;False;2.436176599934697;1.4064319001045078;;;;;;;;
113;7;100;4950;0.5;True;64;cupy;False;False;2.4274597000330687;1.3949395997915417;;;;;;;;
113;8;100;4950;0.5;True;64;cupy;False;False;2.443389499792829;1.399978500092402;;;;;;;;
113;9;100;4950;0.5;True;64;cupy;False;False;2.471447099931538;1.3938397001475096;;;;;;;;
113;10;100;4950;0.5;True;64;cupy;False;False;2.4288838000502437;1.3826984998304397;;;;;;;;
114;1;100;4950;0.5;True;64;cupy;True;True;2.470919399987906;1.4156822999939322;100.66000000000001;109.6;451.80625;452.30078125;9.8;11;303.0546875;303.0546875
114;2;100;4950;0.5;True;64;cupy;True;True;2.5030810001771897;1.420186199946329;99.36999999999999;104.7;451.23984375;451.70703125;9.9;11;303.0546875;303.0546875
114;3;100;4950;0.5;True;64;cupy;True;True;2.463004000019282;1.4117399998940527;98.99;104.7;451.23515625;451.71484375;9.6;11;303.0546875;303.0546875
114;4;100;4950;0.5;True;64;cupy;True;True;2.4882648999337107;1.4023202999960631;99.27;107.4;451.41484375;451.88671875;9.6;11;303.0546875;303.0546875
114;5;100;4950;0.5;True;64;cupy;True;True;2.474058900028467;1.4138535000383854;98.7;107.6;451.3171875;451.84375;11.1;12;303.0546875;303.0546875
114;6;100;4950;0.5;True;64;cupy;True;True;2.499860899988562;1.433640800183639;100.49;107.3;451.884375;452.41796875;10.2;11;303.0546875;303.0546875
114;7;100;4950;0.5;True;64;cupy;True;True;2.464623900130391;1.408928999910131;98.13000000000001;107.1;451.546875;452.00390625;10.4;12;303.0546875;303.0546875
114;8;100;4950;0.5;True;64;cupy;True;True;2.4989530998282135;1.4145712000317872;98.48;106.7;451.934375;452.453125;10.6;12;303.0546875;303.0546875
114;9;100;4950;0.5;True;64;cupy;True;True;2.4688844999764115;1.4007961000315845;97.26;104.7;451.629296875;452.08984375;10.0;11;303.0546875;303.0546875
114;10;100;4950;0.5;True;64;cupy;True;True;2.503550000023097;1.4193855999037623;97.87000000000002;105.6;451.24765625;451.71875;8.8;11;303.0546875;303.0546875
115;1;100;9900;1;False;32;numpy;False;False;0.834297199966386;0.029226799961179495;;;;;;;;
115;2;100;9900;1;False;32;numpy;False;False;0.8234918999951333;0.02864570007659495;;;;;;;;
115;3;100;9900;1;False;32;numpy;False;False;0.8503109000157565;0.029261500108987093;;;;;;;;
115;4;100;9900;1;False;32;numpy;False;False;0.8476315001025796;0.028669799910858274;;;;;;;;
115;5;100;9900;1;False;32;numpy;False;False;0.8485216998960823;0.029564599972218275;;;;;;;;
115;6;100;9900;1;False;32;numpy;False;False;0.8492105000186712;0.03033600002527237;;;;;;;;
115;7;100;9900;1;False;32;numpy;False;False;0.876842699944973;0.030014900024980307;;;;;;;;
115;8;100;9900;1;False;32;numpy;False;False;0.8461313000880182;0.0289617998059839;;;;;;;;
115;9;100;9900;1;False;32;numpy;False;False;0.845279699889943;0.028603000100702047;;;;;;;;
115;10;100;9900;1;False;32;numpy;False;False;0.8423889998812228;0.02968359994702041;;;;;;;;
116;1;100;9900;1;False;32;numpy;True;True;0.8649605000391603;0.03463580016978085;138.39000000000001;470.3;342.39375;342.75;;;;
116;2;100;9900;1;False;32;numpy;True;True;0.8544819001108408;0.03923289990052581;80.08;408.5;342.2296875;342.6328125;;;;
116;3;100;9900;1;False;32;numpy;True;True;0.857585099991411;0.03408229979686439;92.49;481.5;341.88828125;342.296875;;;;
116;4;100;9900;1;False;32;numpy;True;True;0.8385823999997228;0.033843399956822395;92.91;465.7;342.471484375;342.8359375;;;;
116;5;100;9900;1;False;32;numpy;True;True;0.8428313001058996;0.035371100064367056;90.47999999999999;459.6;342.0609375;342.51953125;;;;
116;6;100;9900;1;False;32;numpy;True;True;0.8446576001588255;0.03512679995037615;87.03999999999999;454.0;341.99921875;342.44921875;;;;
116;7;100;9900;1;False;32;numpy;True;True;0.841772599844262;0.03570870007388294;88.24;447.9;342.2359375;342.66796875;;;;
116;8;100;9900;1;False;32;numpy;True;True;0.86715880013071;0.03425170015543699;88.06;446.8;342.142578125;342.5859375;;;;
116;9;100;9900;1;False;32;numpy;True;True;0.8609076999127865;0.03388339979574084;89.88;453.6;342.273828125;342.703125;;;;
116;10;100;9900;1;False;32;numpy;True;True;0.8420159001834691;0.03441890003159642;94.67999999999999;477.1;342.00859375;342.421875;;;;
117;1;100;9900;1;False;32;cupy;False;False;2.420302400132641;1.4155470000114292;;;;;;;;
117;2;100;9900;1;False;32;cupy;False;False;2.379029299831018;1.3737220000475645;;;;;;;;
117;3;100;9900;1;False;32;cupy;False;False;2.4015660998411477;1.397193499840796;;;;;;;;
117;4;100;9900;1;False;32;cupy;False;False;2.3781070997938514;1.3851475999690592;;;;;;;;
117;5;100;9900;1;False;32;cupy;False;False;2.4007791001349688;1.3894948000088334;;;;;;;;
117;6;100;9900;1;False;32;cupy;False;False;2.37436980009079;1.378107100026682;;;;;;;;
117;7;100;9900;1;False;32;cupy;False;False;2.379092999966815;1.3638712000101805;;;;;;;;
117;8;100;9900;1;False;32;cupy;False;False;2.3933641999028623;1.3759917998686433;;;;;;;;
117;9;100;9900;1;False;32;cupy;False;False;2.4051200998947024;1.3976236002054065;;;;;;;;
117;10;100;9900;1;False;32;cupy;False;False;2.398633599979803;1.377401900012046;;;;;;;;
118;1;100;9900;1;False;32;cupy;True;True;2.426846500020474;1.39952059998177;99.19000000000001;108.3;475.54765625;476.0625;10.1;11;311.0546875;311.0546875
118;2;100;9900;1;False;32;cupy;True;True;2.487589899916202;1.439617200056091;97.35000000000001;109.8;475.609375;476.0703125;10.1;11;311.0546875;311.0546875
118;3;100;9900;1;False;32;cupy;True;True;2.4515004998538643;1.4130674998741597;97.95;107.6;475.6578125;476.1796875;9.0;11;311.0546875;311.0546875
118;4;100;9900;1;False;32;cupy;True;True;2.4227400000672787;1.3894796001259238;99.76000000000002;110.9;476.03828125;476.51171875;8.6;11;311.0546875;311.0546875
118;5;100;9900;1;False;32;cupy;True;True;2.4564207999501377;1.42142240004614;98.63;110.6;476.21953125;476.68359375;9.9;11;311.0546875;311.0546875
118;6;100;9900;1;False;32;cupy;True;True;2.452373699983582;1.4306824000086635;99.31;110.6;475.9640625;476.4921875;10.6;11;311.0546875;311.0546875
118;7;100;9900;1;False;32;cupy;True;True;2.446662299800664;1.4201466001104563;98.25;108.0;475.6453125;476.1328125;8.8;11;311.0546875;311.0546875
118;8;100;9900;1;False;32;cupy;True;True;2.4564182001631707;1.4309164001606405;99.99999999999999;108.5;476.00703125;476.48828125;9.4;11;311.0546875;311.0546875
118;9;100;9900;1;False;32;cupy;True;True;2.4352310998365283;1.3815336998086423;97.79999999999998;108.5;476.209765625;476.74609375;11.0;11;311.0546875;311.0546875
118;10;100;9900;1;False;32;cupy;True;True;2.458272699965164;1.4049748999532312;97.41;107.5;476.40625;476.90234375;10.6;11;311.0546875;311.0546875
119;1;100;9900;1;False;64;numpy;False;False;0.8316220999695361;0.024644300108775496;;;;;;;;
119;2;100;9900;1;False;64;numpy;False;False;0.8262374999467283;0.024930400075390935;;;;;;;;
119;3;100;9900;1;False;64;numpy;False;False;0.8262628000229597;0.02446580003015697;;;;;;;;
119;4;100;9900;1;False;64;numpy;False;False;0.8320210999809206;0.0246951999142766;;;;;;;;
119;5;100;9900;1;False;64;numpy;False;False;0.8216103999875486;0.02442320017144084;;;;;;;;
119;6;100;9900;1;False;64;numpy;False;False;0.8294804999604821;0.02454760018736124;;;;;;;;
119;7;100;9900;1;False;64;numpy;False;False;0.8146710998844355;0.024320400087162852;;;;;;;;
119;8;100;9900;1;False;64;numpy;False;False;0.821486699860543;0.02422679984010756;;;;;;;;
119;9;100;9900;1;False;64;numpy;False;False;0.8324107001535594;0.024137699976563454;;;;;;;;
119;10;100;9900;1;False;64;numpy;False;False;0.8231691000983119;0.024842499988153577;;;;;;;;
120;1;100;9900;1;False;64;numpy;True;True;0.8627888998016715;0.038966699969023466;115.12;496.4;342.0;342.45703125;;;;
120;2;100;9900;1;False;64;numpy;True;True;0.8378718001767993;0.030127899954095483;103.84;523.6;342.495703125;342.94140625;;;;
120;3;100;9900;1;False;64;numpy;True;True;0.8515600999817252;0.030531900003552437;47.53;475.3;342.128125;342.5703125;;;;
120;4;100;9900;1;False;64;numpy;True;True;0.8408262999728322;0.03122169990092516;97.9;520.0;342.0453125;342.44921875;;;;
120;5;100;9900;1;False;64;numpy;True;True;0.8455153000541031;0.02986640017479658;102.83;521.5;342.455078125;342.89453125;;;;
120;6;100;9900;1;False;64;numpy;True;True;0.8311212998814881;0.03018309990875423;99.78;511.8;342.615234375;343.05859375;;;;
120;7;100;9900;1;False;64;numpy;True;True;0.8425228002015501;0.02990640001371503;102.91;516.6;341.9109375;342.359375;;;;
120;8;100;9900;1;False;64;numpy;True;True;0.8422022999729961;0.030121400021016598;107.10999999999999;547.9;342.30859375;342.75;;;;
120;9;100;9900;1;False;64;numpy;True;True;0.8477835000958294;0.03069290006533265;103.59;529.9;342.24921875;342.609375;;;;
120;10;100;9900;1;False;64;numpy;True;True;0.8464350998401642;0.030285599874332547;107.2;603.3;342.31015625;342.74609375;;;;
121;1;100;9900;1;False;64;cupy;False;False;2.358292100019753;1.3739550998434424;;;;;;;;
121;2;100;9900;1;False;64;cupy;False;False;2.3541981000453234;1.3588483999483287;;;;;;;;
121;3;100;9900;1;False;64;cupy;False;False;2.3925030999816954;1.389116199919954;;;;;;;;
121;4;100;9900;1;False;64;cupy;False;False;2.3518834998831153;1.336808199994266;;;;;;;;
121;5;100;9900;1;False;64;cupy;False;False;2.3879819000139832;1.3813842001836747;;;;;;;;
121;6;100;9900;1;False;64;cupy;False;False;2.3619907000102103;1.358423699857667;;;;;;;;
121;7;100;9900;1;False;64;cupy;False;False;2.3394034998491406;1.3381326999515295;;;;;;;;
121;8;100;9900;1;False;64;cupy;False;False;2.389910199912265;1.3548566999379545;;;;;;;;
121;9;100;9900;1;False;64;cupy;False;False;2.3585537001490593;1.3623416000045836;;;;;;;;
121;10;100;9900;1;False;64;cupy;False;False;2.3683384000323713;1.3560012998059392;;;;;;;;
122;1;100;9900;1;False;64;cupy;True;True;2.4245188999921083;1.3977916999720037;99.48999999999998;107.8;440.8484375;441.3203125;10.6;11;311.0546875;311.0546875
122;2;100;9900;1;False;64;cupy;True;True;2.454708600183949;1.4312047997955233;97.24000000000001;108.5;440.39609375;440.8671875;9.9;11;311.0546875;311.0546875
122;3;100;9900;1;False;64;cupy;True;True;2.4216041998006403;1.3934869999065995;98.87;110.7;440.655078125;441.18359375;9.9;11;311.0546875;311.0546875
122;4;100;9900;1;False;64;cupy;True;True;2.416084900032729;1.400979699799791;98.53;107.7;440.85546875;441.3515625;10.2;11;311.0546875;311.0546875
122;5;100;9900;1;False;64;cupy;True;True;2.4098095998633653;1.3882655000779778;98.86999999999999;110.0;440.826953125;441.30859375;8.6;11;311.0546875;311.0546875
122;6;100;9900;1;False;64;cupy;True;True;2.4901598000433296;1.4072847000788897;100.1;108.5;440.491015625;441.01171875;10.1;11;311.0546875;311.0546875
122;7;100;9900;1;False;64;cupy;True;True;2.4172012000344694;1.3967716998886317;99.53;110.7;440.725390625;441.20703125;11.0;11;311.0546875;311.0546875
122;8;100;9900;1;False;64;cupy;True;True;2.4285552999936044;1.4092033000197262;99.33000000000001;109.6;440.621484375;441.10546875;9.0;11;311.0546875;311.0546875
122;9;100;9900;1;False;64;cupy;True;True;2.4079351001419127;1.3898484001401812;97.75;108.4;440.841015625;441.33203125;9.7;11;311.0546875;311.0546875
122;10;100;9900;1;False;64;cupy;True;True;2.444863700075075;1.4049071001354605;100.28;109.0;440.56640625;441.02734375;9.9;11;311.0546875;311.0546875
123;1;100;9900;1;True;32;numpy;False;False;0.8486647999379784;0.03917340002954006;;;;;;;;
123;2;100;9900;1;True;32;numpy;False;False;0.8376718999352306;0.03828900004737079;;;;;;;;
123;3;100;9900;1;True;32;numpy;False;False;0.8402941999956965;0.03934690007008612;;;;;;;;
123;4;100;9900;1;True;32;numpy;False;False;0.8381944000720978;0.03970419988036156;;;;;;;;
123;5;100;9900;1;True;32;numpy;False;False;0.8486965000629425;0.03849079995416105;;;;;;;;
123;6;100;9900;1;True;32;numpy;False;False;0.8281630000565201;0.03927260008640587;;;;;;;;
123;7;100;9900;1;True;32;numpy;False;False;0.8491832998115569;0.038976100040599704;;;;;;;;
123;8;100;9900;1;True;32;numpy;False;False;0.8389789001084864;0.038632400101050735;;;;;;;;
123;9;100;9900;1;True;32;numpy;False;False;0.8465283999685198;0.03846880001947284;;;;;;;;
123;10;100;9900;1;True;32;numpy;False;False;0.8611678997986019;0.03823269996792078;;;;;;;;
124;1;100;9900;1;True;32;numpy;True;True;0.9053579000756145;0.04653529985807836;102.22;350.4;342.31015625;342.75390625;;;;
124;2;100;9900;1;True;32;numpy;True;True;0.9064058000221848;0.04616620019078255;100.55;336.8;342.088671875;342.49609375;;;;
124;3;100;9900;1;True;32;numpy;True;True;0.8772120999637991;0.045001500053331256;70.49000000000001;356.1;342.556640625;343.0;;;;
124;4;100;9900;1;True;32;numpy;True;True;0.8524221999105066;0.045210500014945865;100.41999999999999;342.9;342.08984375;342.53515625;;;;
124;5;100;9900;1;True;32;numpy;True;True;0.8604862000793219;0.04537969990633428;105.22;353.5;342.07109375;342.52734375;;;;
124;6;100;9900;1;True;32;numpy;True;True;0.8546572998166084;0.04526869999244809;103.83000000000001;369.9;342.30625;342.72265625;;;;
124;7;100;9900;1;True;32;numpy;True;True;0.8433971998747438;0.044993999879807234;105.39000000000001;358.6;342.0796875;342.5234375;;;;
124;8;100;9900;1;True;32;numpy;True;True;0.8525799999479204;0.045305100036785007;101.36999999999999;341.5;342.163671875;342.57421875;;;;
124;9;100;9900;1;True;32;numpy;True;True;0.8566053002141416;0.0452786001842469;103.77000000000001;362.4;342.26640625;342.62109375;;;;
124;10;100;9900;1;True;32;numpy;True;True;0.8558203000575304;0.045421799877658486;104.6;353.7;342.13828125;342.5859375;;;;
125;1;100;9900;1;True;32;cupy;False;False;2.447379499906674;1.4096246000844985;;;;;;;;
125;2;100;9900;1;True;32;cupy;False;False;2.4399044001474977;1.3887499999254942;;;;;;;;
125;3;100;9900;1;True;32;cupy;False;False;2.4607739001512527;1.4188214999157935;;;;;;;;
125;4;100;9900;1;True;32;cupy;False;False;2.4290358000434935;1.3913731998763978;;;;;;;;
125;5;100;9900;1;True;32;cupy;False;False;2.4479092000983655;1.4149724999442697;;;;;;;;
125;6;100;9900;1;True;32;cupy;False;False;2.4383452001493424;1.3974077999591827;;;;;;;;
125;7;100;9900;1;True;32;cupy;False;False;2.456294799922034;1.4095747000537813;;;;;;;;
125;8;100;9900;1;True;32;cupy;False;False;2.4770730999298394;1.440813299966976;;;;;;;;
125;9;100;9900;1;True;32;cupy;False;False;2.4374470999464393;1.39640500000678;;;;;;;;
125;10;100;9900;1;True;32;cupy;False;False;2.456802200060338;1.3998875999823213;;;;;;;;
126;1;100;9900;1;True;32;cupy;True;True;2.482583399862051;1.4070740998722613;96.68999999999998;104.2;450.817578125;451.3046875;9.9;11;303.0546875;303.0546875
126;2;100;9900;1;True;32;cupy;True;True;2.49692720011808;1.4214417000766844;98.49;103.4;451.2984375;451.8359375;9.9;11;303.0546875;303.0546875
126;3;100;9900;1;True;32;cupy;True;True;2.5305431000888348;1.449728700099513;98.53999999999999;104.2;450.88046875;451.38671875;9.9;11;303.0546875;303.0546875
126;4;100;9900;1;True;32;cupy;True;True;2.5057087000459433;1.4205076000653207;100.11000000000001;105.5;451.071484375;451.54296875;9.6;11;303.0546875;303.0546875
126;5;100;9900;1;True;32;cupy;True;True;2.482503600185737;1.427733999909833;99.92;104.9;451.974609375;452.48828125;9.9;11;303.0546875;303.0546875
126;6;100;9900;1;True;32;cupy;True;True;2.517430700128898;1.4252138999290764;100.03;104.8;451.362890625;451.83984375;9.9;11;303.0546875;303.0546875
126;7;100;9900;1;True;32;cupy;True;True;2.5235748002305627;1.4305577999912202;99.42999999999999;105.5;451.220703125;451.703125;11.0;11;303.0546875;303.0546875
126;8;100;9900;1;True;32;cupy;True;True;2.5007807998917997;1.425210100132972;99.99000000000001;103.0;451.698046875;452.19140625;10.6;11;303.0546875;303.0546875
126;9;100;9900;1;True;32;cupy;True;True;2.4817208000458777;1.426733999978751;99.21000000000001;102.8;450.8875;451.3984375;10.6;11;303.0546875;303.0546875
126;10;100;9900;1;True;32;cupy;True;True;2.4933324998710304;1.4027427001856267;98.78;105.1;451.31328125;451.80078125;10.6;11;303.0546875;303.0546875
127;1;100;9900;1;True;64;numpy;False;False;0.8397146000061184;0.03446590015664697;;;;;;;;
127;2;100;9900;1;True;64;numpy;False;False;0.8333016999531537;0.03457080014050007;;;;;;;;
127;3;100;9900;1;True;64;numpy;False;False;0.8364438000135124;0.03387959999963641;;;;;;;;
127;4;100;9900;1;True;64;numpy;False;False;0.8490683999843895;0.03419000003486872;;;;;;;;
127;5;100;9900;1;True;64;numpy;False;False;0.8391511999070644;0.03416730021126568;;;;;;;;
127;6;100;9900;1;True;64;numpy;False;False;0.8294378998689353;0.03434749995358288;;;;;;;;
127;7;100;9900;1;True;64;numpy;False;False;0.8439773998688906;0.03473469987511635;;;;;;;;
127;8;100;9900;1;True;64;numpy;False;False;0.8334892999846488;0.03408030001446605;;;;;;;;
127;9;100;9900;1;True;64;numpy;False;False;0.8431028998456895;0.03348790016025305;;;;;;;;
127;10;100;9900;1;True;64;numpy;False;False;0.8357130000367761;0.03453399986028671;;;;;;;;
128;1;100;9900;1;True;64;numpy;True;True;0.864730600034818;0.052277299808338284;85.36;358.3;341.9359375;342.35546875;;;;
128;2;100;9900;1;True;64;numpy;True;True;0.8475909000262618;0.04013889981433749;78.33;394.9;341.92578125;342.37890625;;;;
128;3;100;9900;1;True;64;numpy;True;True;0.8492519999854267;0.03962430008687079;121.18000000000002;408.1;342.263671875;342.7265625;;;;
128;4;100;9900;1;True;64;numpy;True;True;0.8453575000166893;0.03974910010583699;117.10999999999999;419.6;342.371484375;342.8125;;;;
128;5;100;9900;1;True;64;numpy;True;True;0.8556431999895722;0.041377499932423234;74.05;371.4;342.135546875;342.55078125;;;;
128;6;100;9900;1;True;64;numpy;True;True;0.870834399946034;0.04110069992020726;118.17;417.4;342.365234375;342.80859375;;;;
128;7;100;9900;1;True;64;numpy;True;True;0.8496449000667781;0.039778599981218576;75.17999999999999;392.9;342.18203125;342.62890625;;;;
128;8;100;9900;1;True;64;numpy;True;True;0.8387066000141203;0.040812699822708964;116.54;408.9;342.281640625;342.734375;;;;
128;9;100;9900;1;True;64;numpy;True;True;0.8526707999408245;0.03990360000170767;74.33;380.4;342.236328125;342.69140625;;;;
128;10;100;9900;1;True;64;numpy;True;True;0.8476506001316011;0.0406700000166893;113.10999999999999;389.2;342.280859375;342.73046875;;;;
129;1;100;9900;1;True;64;cupy;False;False;2.4351898001041263;1.410361599875614;;;;;;;;
129;2;100;9900;1;True;64;cupy;False;False;2.436785499798134;1.3995833999942988;;;;;;;;
129;3;100;9900;1;True;64;cupy;False;False;2.4332162998616695;1.4008291999343783;;;;;;;;
129;4;100;9900;1;True;64;cupy;False;False;2.4022927000187337;1.372925499919802;;;;;;;;
129;5;100;9900;1;True;64;cupy;False;False;2.4384197001345456;1.4032784001901746;;;;;;;;
129;6;100;9900;1;True;64;cupy;False;False;2.426802600035444;1.3809487000107765;;;;;;;;
129;7;100;9900;1;True;64;cupy;False;False;2.4568876000121236;1.4078989000990987;;;;;;;;
129;8;100;9900;1;True;64;cupy;False;False;2.4339801999740303;1.4014195001218468;;;;;;;;
129;9;100;9900;1;True;64;cupy;False;False;2.4538334000390023;1.4073278999421746;;;;;;;;
129;10;100;9900;1;True;64;cupy;False;False;2.4548007999546826;1.418103100033477;;;;;;;;
130;1;100;9900;1;True;64;cupy;True;True;2.4925645000766963;1.4198701998684555;99.9;103.4;450.67109375;451.19921875;10.2;11;303.0546875;303.0546875
130;2;100;9900;1;True;64;cupy;True;True;2.5113432998768985;1.4423148001078516;99.09;102.8;451.103125;451.62109375;10.0;11;303.0546875;303.0546875
130;3;100;9900;1;True;64;cupy;True;True;2.47242909995839;1.413658200064674;98.78999999999999;105.3;451.706640625;452.1796875;10.7;12;303.0546875;303.0546875
130;4;100;9900;1;True;64;cupy;True;True;2.500927499961108;1.4250380999874324;99.69000000000001;107.5;451.625390625;452.09375;10.0;11;303.0546875;303.0546875
130;5;100;9900;1;True;64;cupy;True;True;2.4594308000523597;1.4129130998626351;98.98;104.1;450.919140625;451.4453125;11.0;11;303.0546875;303.0546875
130;6;100;9900;1;True;64;cupy;True;True;2.485041900072247;1.4090185000095516;97.82;104.7;451.346484375;451.8046875;10.4;12;303.0546875;303.0546875
130;7;100;9900;1;True;64;cupy;True;True;2.484173099976033;1.4190517999231815;100.13000000000001;103.2;451.864453125;452.35546875;8.0;11;303.0546875;303.0546875
130;8;100;9900;1;True;64;cupy;True;True;2.4974049001466483;1.420604099985212;98.06;104.8;451.204296875;451.67578125;8.0;11;303.0546875;303.0546875
130;9;100;9900;1;True;64;cupy;True;True;2.5535860999953;1.480001199990511;97.94000000000001;106.4;451.653125;452.14453125;8.6;11;303.0546875;303.0546875
130;10;100;9900;1;True;64;cupy;True;True;2.4972075999248773;1.4215296998154372;99.39000000000001;105.0;451.259375;451.7890625;9.2;11;303.0546875;303.0546875
131;1;1000;0;0;False;32;numpy;False;False;0.9584910999983549;0.14656199980527163;;;;;;;;
131;2;1000;0;0;False;32;numpy;False;False;0.9492073999717832;0.14617329998873174;;;;;;;;
131;3;1000;0;0;False;32;numpy;False;False;0.9503170000389218;0.14876260003075004;;;;;;;;
131;4;1000;0;0;False;32;numpy;False;False;0.9718914001714438;0.14829290006309748;;;;;;;;
131;5;1000;0;0;False;32;numpy;False;False;0.956897399853915;0.14776329998858273;;;;;;;;
131;6;1000;0;0;False;32;numpy;False;False;0.9672050999943167;0.1479354000184685;;;;;;;;
131;7;1000;0;0;False;32;numpy;False;False;0.9537273999303579;0.15008410019800067;;;;;;;;
131;8;1000;0;0;False;32;numpy;False;False;0.9508344000205398;0.14665049989707768;;;;;;;;
131;9;1000;0;0;False;32;numpy;False;False;0.9429387000855058;0.1456597000360489;;;;;;;;
131;10;1000;0;0;False;32;numpy;False;False;0.9602632999885827;0.14740579994395375;;;;;;;;
132;1;1000;0;0;False;32;numpy;True;True;0.9705302000511438;0.16516699991188943;168.11;536.7;359.35;364.8125;;;;
132;2;1000;0;0;False;32;numpy;True;True;0.9727779000531882;0.163963999832049;209.71999999999997;394.9;358.91640625;364.39453125;;;;
132;3;1000;0;0;False;32;numpy;True;True;0.9941796001512557;0.18667219998314977;155.47999999999996;350.9;359.626171875;364.70703125;;;;
132;4;1000;0;0;False;32;numpy;True;True;0.9825313999317586;0.16141570010222495;136.9;298.9;359.25546875;364.33984375;;;;
132;5;1000;0;0;False;32;numpy;True;True;0.9731241001281887;0.16399349994026124;190.96;296.3;359.27109375;364.34375;;;;
132;6;1000;0;0;False;32;numpy;True;True;0.9933722000569105;0.1698525999672711;203.6;356.2;359.44921875;364.53125;;;;
132;7;1000;0;0;False;32;numpy;True;True;0.9911100999452174;0.16397029999643564;133.39;285.4;358.801171875;364.26953125;;;;
132;8;1000;0;0;False;32;numpy;True;True;0.9747408998664469;0.163912900025025;154.82;312.4;359.05390625;364.140625;;;;
132;9;1000;0;0;False;32;numpy;True;True;0.9960857999976724;0.15982950013130903;204.19;362.6;359.36796875;364.8359375;;;;
132;10;1000;0;0;False;32;numpy;True;True;0.9719873000867665;0.1641269999090582;124.06000000000002;285.4;359.44140625;364.51953125;;;;
133;1;1000;0;0;False;32;cupy;False;False;3.0550230001099408;2.0559332000557333;;;;;;;;
133;2;1000;0;0;False;32;cupy;False;False;3.072953100083396;2.0630885001737624;;;;;;;;
133;3;1000;0;0;False;32;cupy;False;False;3.1026163999922574;2.0748727000318468;;;;;;;;
133;4;1000;0;0;False;32;cupy;False;False;3.1085133999586105;2.1083980000112206;;;;;;;;
133;5;1000;0;0;False;32;cupy;False;False;3.083438699832186;2.0787569999229163;;;;;;;;
133;6;1000;0;0;False;32;cupy;False;False;3.0852574999444187;2.074292100034654;;;;;;;;
133;7;1000;0;0;False;32;cupy;False;False;3.1113747998606414;2.0918076999951154;;;;;;;;
133;8;1000;0;0;False;32;cupy;False;False;3.108853100100532;2.0884501999244094;;;;;;;;
133;9;1000;0;0;False;32;cupy;False;False;3.069600199814886;2.074082199949771;;;;;;;;
133;10;1000;0;0;False;32;cupy;False;False;3.0657643999438733;2.066776300081983;;;;;;;;
134;1;1000;0;0;False;32;cupy;True;True;3.157965600024909;2.138489400036633;99.55999999999999;102.5;491.812890625;497.36328125;12.5;13;321.0546875;321.0546875
134;2;1000;0;0;False;32;cupy;True;True;3.1442118999548256;2.094804999884218;99.86999999999998;102.3;492.21015625;497.90625;12.0;13;321.0546875;321.0546875
134;3;1000;0;0;False;32;cupy;True;True;3.1986694000661373;2.131469399901107;97.64;106.3;491.858984375;497.4921875;11.5;12;321.0546875;321.0546875
134;4;1000;0;0;False;32;cupy;True;True;3.169653099961579;2.1282125001307577;99.49;102.7;491.318359375;496.84375;11.2;12;321.0546875;321.0546875
134;5;1000;0;0;False;32;cupy;True;True;3.1561968999449164;2.1138191998470575;99.19;101.7;491.855078125;497.5;11.5;12;321.0546875;321.0546875
134;6;1000;0;0;False;32;cupy;True;True;3.154615599894896;2.120252100052312;99.17;101.6;491.955859375;497.59765625;11.9;13;321.0546875;321.0546875
134;7;1000;0;0;False;32;cupy;True;True;3.1686953001189977;2.137854600092396;98.45;103.5;491.566015625;497.15625;12.5;13;321.0546875;321.0546875
134;8;1000;0;0;False;32;cupy;True;True;3.2025346998125315;2.1561816001776606;99.26;102.1;491.713671875;497.359375;11.4;12;321.0546875;321.0546875
134;9;1000;0;0;False;32;cupy;True;True;3.1300806999206543;2.1114082999993116;98.01000000000002;106.5;491.648828125;497.30859375;11.9;13;321.0546875;321.0546875
134;10;1000;0;0;False;32;cupy;True;True;3.176523700123653;2.139550000196323;99.33999999999999;103.0;491.884765625;497.515625;11.7;12;321.0546875;321.0546875
135;1;1000;0;0;False;64;numpy;False;False;0.9829742000438273;0.15608359989710152;;;;;;;;
135;2;1000;0;0;False;64;numpy;False;False;0.9544582001399249;0.14878119993954897;;;;;;;;
135;3;1000;0;0;False;64;numpy;False;False;0.9636476000305265;0.14944660011678934;;;;;;;;
135;4;1000;0;0;False;64;numpy;False;False;0.9592754999175668;0.15136900008656085;;;;;;;;
135;5;1000;0;0;False;64;numpy;False;False;0.9645432000979781;0.14834349998272955;;;;;;;;
135;6;1000;0;0;False;64;numpy;False;False;0.9532512000296265;0.14794739987701178;;;;;;;;
135;7;1000;0;0;False;64;numpy;False;False;0.9654955000150949;0.14898589998483658;;;;;;;;
135;8;1000;0;0;False;64;numpy;False;False;0.9579669998493046;0.14905689982697368;;;;;;;;
135;9;1000;0;0;False;64;numpy;False;False;0.9576512000057846;0.1474890001118183;;;;;;;;
135;10;1000;0;0;False;64;numpy;False;False;0.9536941000260413;0.1485476999077946;;;;;;;;
136;1;1000;0;0;False;64;numpy;True;True;1.000436400063336;0.16598890000022948;235.5;477.2;363.10859375;368.1796875;;;;
136;2;1000;0;0;False;64;numpy;True;True;0.9756344999186695;0.16817029984667897;187.27;394.8;363.17890625;368.2578125;;;;
136;3;1000;0;0;False;64;numpy;True;True;0.9772606000769883;0.17436970002017915;117.52000000000001;285.3;362.97578125;368.46484375;;;;
136;4;1000;0;0;False;64;numpy;True;True;0.995781899895519;0.1835001998115331;247.49999999999994;601.9;362.971875;368.45703125;;;;
136;5;1000;0;0;False;64;numpy;True;True;0.9766987999901175;0.1675596002023667;121.25999999999999;278.7;363.0453125;368.52734375;;;;
136;6;1000;0;0;False;64;numpy;True;True;0.9829041000921279;0.1678966002073139;228.55;542.0;363.119140625;368.19140625;;;;
136;7;1000;0;0;False;64;numpy;True;True;0.9771873999852687;0.16975140012800694;242.42;480.3;363.34765625;368.4296875;;;;
136;8;1000;0;0;False;64;numpy;True;True;0.9962088998872787;0.18713820003904402;201.50000000000006;442.5;362.948828125;368.01953125;;;;
136;9;1000;0;0;False;64;numpy;True;True;0.9827872000169009;0.17161149997264147;227.18999999999997;430.2;362.6484375;368.125;;;;
136;10;1000;0;0;False;64;numpy;True;True;0.9851547998841852;0.16650009993463755;151.27;380.3;363.12421875;368.609375;;;;
137;1;1000;0;0;False;64;cupy;False;False;3.0914133999031037;2.086620599962771;;;;;;;;
137;2;1000;0;0;False;64;cupy;False;False;3.1271235002204776;2.097895600134507;;;;;;;;
137;3;1000;0;0;False;64;cupy;False;False;3.067091600038111;2.051225900184363;;;;;;;;
137;4;1000;0;0;False;64;cupy;False;False;3.0736169000156224;2.079763300018385;;;;;;;;
137;5;1000;0;0;False;64;cupy;False;False;3.067717800149694;2.0664611000102013;;;;;;;;
137;6;1000;0;0;False;64;cupy;False;False;3.0426619998179376;2.052477899938822;;;;;;;;
137;7;1000;0;0;False;64;cupy;False;False;3.0367463999427855;2.0354174999520183;;;;;;;;
137;8;1000;0;0;False;64;cupy;False;False;3.104178600013256;2.074759599985555;;;;;;;;
137;9;1000;0;0;False;64;cupy;False;False;3.0871200000401586;2.0866799000650644;;;;;;;;
137;10;1000;0;0;False;64;cupy;False;False;3.0659052999690175;2.066652099834755;;;;;;;;
138;1;1000;0;0;False;64;cupy;True;True;3.1337973999325186;2.1162976999767125;99.08;101.8;461.04921875;466.65234375;12.6;14;329.0546875;329.0546875
138;2;1000;0;0;False;64;cupy;True;True;3.1337476999033242;2.1119659999385476;99.38000000000001;101.5;461.72890625;467.4140625;12.4;14;329.0546875;329.0546875
138;3;1000;0;0;False;64;cupy;True;True;3.1357402000576258;2.0903368999715894;98.72;102.2;461.461328125;467.1484375;12.0;14;329.0546875;329.0546875
138;4;1000;0;0;False;64;cupy;True;True;3.149678299902007;2.108843400143087;98.96000000000001;101.9;461.5125;467.171875;13.3;14;329.0546875;329.0546875
138;5;1000;0;0;False;64;cupy;True;True;3.132818300044164;2.097277600085363;99.22999999999999;102.4;461.546875;467.21484375;13.7;14;329.0546875;329.0546875
138;6;1000;0;0;False;64;cupy;True;True;3.1172247000504285;2.096780400024727;98.94;102.8;461.2140625;466.9296875;13.5;15;329.0546875;329.0546875
138;7;1000;0;0;False;64;cupy;True;True;3.148819899884984;2.0947968000546098;100.1;101.3;461.3765625;467.03515625;11.8;14;329.0546875;329.0546875
138;8;1000;0;0;False;64;cupy;True;True;3.125397600000724;2.0813591000624;98.33;102.0;461.43671875;467.08984375;12.6;14;329.0546875;329.0546875
138;9;1000;0;0;False;64;cupy;True;True;3.1459525001700968;2.111864799866453;98.99;101.9;461.676953125;467.35546875;12.2;14;329.0546875;329.0546875
138;10;1000;0;0;False;64;cupy;True;True;3.115829800022766;2.093505800003186;100.1;101.5;461.529296875;467.1640625;13.6;14;329.0546875;329.0546875
139;1;1000;0;0;True;32;numpy;False;False;0.8893790999427438;0.05168429994955659;;;;;;;;
139;2;1000;0;0;True;32;numpy;False;False;0.8589536000508815;0.05118199996650219;;;;;;;;
139;3;1000;0;0;True;32;numpy;False;False;0.8539116000756621;0.050242000026628375;;;;;;;;
139;4;1000;0;0;True;32;numpy;False;False;0.8584757999051362;0.05145590007305145;;;;;;;;
139;5;1000;0;0;True;32;numpy;False;False;0.8622284000739455;0.0500046000815928;;;;;;;;
139;6;1000;0;0;True;32;numpy;False;False;0.8485754998400807;0.05022370000369847;;;;;;;;
139;7;1000;0;0;True;32;numpy;False;False;0.8695656000636518;0.0501995999366045;;;;;;;;
139;8;1000;0;0;True;32;numpy;False;False;0.8419468000065535;0.050834699999541044;;;;;;;;
139;9;1000;0;0;True;32;numpy;False;False;0.8516476000659168;0.049662299919873476;;;;;;;;
139;10;1000;0;0;True;32;numpy;False;False;0.8493526000529528;0.05096819996833801;;;;;;;;
140;1;1000;0;0;True;32;numpy;True;True;0.8742855999153107;0.06976809981279075;86.16;267.5;354.837890625;360.31640625;;;;
140;2;1000;0;0;True;32;numpy;True;True;0.8744280999526381;0.057644300162792206;84.75999999999999;283.4;354.91328125;360.41015625;;;;
140;3;1000;0;0;True;32;numpy;True;True;0.8734282001387328;0.058312500128522515;82.41;289.9;355.283203125;360.78125;;;;
140;4;1000;0;0;True;32;numpy;True;True;0.869650200009346;0.05850449996069074;110.16;285.6;355.0703125;360.546875;;;;
140;5;1000;0;0;True;32;numpy;True;True;0.8677294000517577;0.05896189995110035;80.34;272.4;354.9984375;360.48046875;;;;
140;6;1000;0;0;True;32;numpy;True;True;0.8823466000612825;0.059429100016132;100.63;275.6;355.34453125;360.82421875;;;;
140;7;1000;0;0;True;32;numpy;True;True;0.8789323000237346;0.058349200058728456;107.88;280.9;355.233203125;360.71484375;;;;
140;8;1000;0;0;True;32;numpy;True;True;0.8665406999643892;0.059872600017115474;78.53999999999999;271.7;355.048828125;360.54296875;;;;
140;9;1000;0;0;True;32;numpy;True;True;0.8718656999990344;0.058562399819493294;80.41;271.4;355.526953125;361.0;;;;
140;10;1000;0;0;True;32;numpy;True;True;0.8640868999063969;0.058562299935147166;80.9;284.8;355.169140625;360.65625;;;;
141;1;1000;0;0;True;32;cupy;False;False;3.042918900027871;2.064526099944487;;;;;;;;
141;2;1000;0;0;True;32;cupy;False;False;3.0010840001050383;2.0386628000997007;;;;;;;;
141;3;1000;0;0;True;32;cupy;False;False;2.983053999952972;2.01329330005683;;;;;;;;
141;4;1000;0;0;True;32;cupy;False;False;2.9781973999924958;2.023780800169334;;;;;;;;
141;5;1000;0;0;True;32;cupy;False;False;3.038155300077051;2.0607229999732226;;;;;;;;
141;6;1000;0;0;True;32;cupy;False;False;2.9868695000186563;2.0358027999754995;;;;;;;;
141;7;1000;0;0;True;32;cupy;False;False;2.991225899895653;2.0264225001446903;;;;;;;;
141;8;1000;0;0;True;32;cupy;False;False;2.9700798999983817;2.0020412001758814;;;;;;;;
141;9;1000;0;0;True;32;cupy;False;False;3.0101572000421584;2.0259065001737326;;;;;;;;
141;10;1000;0;0;True;32;cupy;False;False;2.9644704000093043;1.9965258999727666;;;;;;;;
142;1;1000;0;0;True;32;cupy;True;True;3.0457991999574006;2.066357299918309;99.81000000000003;101.7;411.83046875;417.41015625;10.7;11;305.0546875;305.0546875
142;2;1000;0;0;True;32;cupy;True;True;3.026950699975714;2.0486802998930216;99.2;105.1;412.00859375;417.60546875;11.0;11;305.0546875;305.0546875
142;3;1000;0;0;True;32;cupy;True;True;3.0430169000755996;2.0600566999055445;99.63000000000002;102.1;411.71171875;417.34375;11.2;12;305.0546875;305.0546875
142;4;1000;0;0;True;32;cupy;True;True;3.032256699865684;2.056351999985054;99.7;102.2;412.22890625;417.83984375;10.8;11;305.0546875;305.0546875
142;5;1000;0;0;True;32;cupy;True;True;3.059196900110692;2.0550321000628173;99.28;102.0;412.47578125;418.13671875;10.4;11;305.0546875;305.0546875
142;6;1000;0;0;True;32;cupy;True;True;3.0592281999997795;2.057248800061643;99.59;103.1;412.34296875;417.8984375;9.9;12;305.0546875;305.0546875
142;7;1000;0;0;True;32;cupy;True;True;3.0426318999379873;2.0419989998918027;98.85;102.5;411.43125;417.05078125;11.0;11;305.0546875;305.0546875
142;8;1000;0;0;True;32;cupy;True;True;3.0412126001901925;2.052048899931833;99.91999999999999;104.5;412.27109375;417.89453125;11.0;11;305.0546875;305.0546875
142;9;1000;0;0;True;32;cupy;True;True;3.020003599813208;2.0517829000018537;99.27;101.8;412.326953125;417.94921875;10.0;11;305.0546875;305.0546875
142;10;1000;0;0;True;32;cupy;True;True;3.039696899941191;2.0346023000311106;98.65;102.6;411.458203125;417.08203125;9.9;11;305.0546875;305.0546875
143;1;1000;0;0;True;64;numpy;False;False;0.8758618999272585;0.04456469998694956;;;;;;;;
143;2;1000;0;0;True;64;numpy;False;False;0.8514243999961764;0.04516680003143847;;;;;;;;
143;3;1000;0;0;True;64;numpy;False;False;0.8714556000195444;0.046412100084125996;;;;;;;;
143;4;1000;0;0;True;64;numpy;False;False;0.8472476999741048;0.04398439987562597;;;;;;;;
143;5;1000;0;0;True;64;numpy;False;False;0.8513901000842452;0.04459759988822043;;;;;;;;
143;6;1000;0;0;True;64;numpy;False;False;0.856914599891752;0.045970499981194735;;;;;;;;
143;7;1000;0;0;True;64;numpy;False;False;0.8576360999140888;0.04496539989486337;;;;;;;;
143;8;1000;0;0;True;64;numpy;False;False;0.8579676998779178;0.045791100012138486;;;;;;;;
143;9;1000;0;0;True;64;numpy;False;False;0.8613304998725653;0.044153699884191155;;;;;;;;
143;10;1000;0;0;True;64;numpy;False;False;0.8460568999871612;0.044758199946954846;;;;;;;;
144;1;1000;0;0;True;64;numpy;True;True;0.8632161999121308;0.05224060011096299;121.71999999999998;306.4;354.8421875;360.3125;;;;
144;2;1000;0;0;True;64;numpy;True;True;0.8637038001324981;0.05270030000247061;118.97;321.3;355.087890625;360.55078125;;;;
144;3;1000;0;0;True;64;numpy;True;True;0.8697945999447256;0.05187059985473752;92.47;321.0;355.025390625;360.51171875;;;;
144;4;1000;0;0;True;64;numpy;True;True;0.8587112000677735;0.051406700164079666;94.22999999999999;325.0;354.98671875;360.4609375;;;;
144;5;1000;0;0;True;64;numpy;True;True;0.881366599816829;0.06190200010314584;99.00999999999999;320.4;355.00625;360.48828125;;;;
144;6;1000;0;0;True;64;numpy;True;True;0.8611285998485982;0.05155079998075962;94.37;323.3;355.105078125;360.58203125;;;;
144;7;1000;0;0;True;64;numpy;True;True;0.8603942999616265;0.0514917999971658;93.14000000000001;319.7;355.22265625;360.71484375;;;;
144;8;1000;0;0;True;64;numpy;True;True;0.8678139999974519;0.05108140013180673;123.04;323.3;355.0828125;360.55859375;;;;
144;9;1000;0;0;True;64;numpy;True;True;0.8537675999104977;0.05114579992368817;120.04;313.0;355.10390625;360.57421875;;;;
144;10;1000;0;0;True;64;numpy;True;True;0.8538913999218494;0.05062910006381571;94.4;320.9;355.3875;360.87890625;;;;
145;1;1000;0;0;True;64;cupy;False;False;3.0003026998601854;2.0223111000377685;;;;;;;;
145;2;1000;0;0;True;64;cupy;False;False;2.977188300108537;2.028410099912435;;;;;;;;
145;3;1000;0;0;True;64;cupy;False;False;2.972353600198403;2.0039852999616414;;;;;;;;
145;4;1000;0;0;True;64;cupy;False;False;3.0317583000287414;2.069684899877757;;;;;;;;
145;5;1000;0;0;True;64;cupy;False;False;2.9706444998737425;2.0223723999224603;;;;;;;;
145;6;1000;0;0;True;64;cupy;False;False;2.9572514998726547;2.0089271999895573;;;;;;;;
145;7;1000;0;0;True;64;cupy;False;False;2.9777174000628293;2.0207479998935014;;;;;;;;
145;8;1000;0;0;True;64;cupy;False;False;3.0342758998740464;2.0810553000774235;;;;;;;;
145;9;1000;0;0;True;64;cupy;False;False;3.0148745998740196;2.038122800178826;;;;;;;;
145;10;1000;0;0;True;64;cupy;False;False;3.0380759998224676;2.0711542000062764;;;;;;;;
146;1;1000;0;0;True;64;cupy;True;True;3.0763625998515636;2.081480000168085;99.1;106.8;416.875390625;422.5390625;11.1;12;311.0546875;311.0546875
146;2;1000;0;0;True;64;cupy;True;True;3.054220500169322;2.070610099937767;99.58000000000001;103.4;416.167578125;421.78125;9.5;11;311.0546875;311.0546875
146;3;1000;0;0;True;64;cupy;True;True;3.050909799989313;2.0727742000017315;99.57000000000001;102.1;416.361328125;422.0;10.8;12;311.0546875;311.0546875
146;4;1000;0;0;True;64;cupy;True;True;3.035866599995643;2.0573312998749316;99.53;104.0;415.936328125;421.57421875;10.8;12;311.0546875;311.0546875
146;5;1000;0;0;True;64;cupy;True;True;3.0711193999741226;2.06567779998295;98.30000000000001;103.2;416.30234375;421.90234375;9.9;11;311.0546875;311.0546875
146;6;1000;0;0;True;64;cupy;True;True;3.0694703001063317;2.0956705000717193;99.34;101.9;416.406640625;422.0546875;10.3;12;311.0546875;311.0546875
146;7;1000;0;0;True;64;cupy;True;True;3.0742385999765247;2.0826703999191523;99.38000000000002;101.7;416.187890625;421.8046875;11.2;12;311.0546875;311.0546875
146;8;1000;0;0;True;64;cupy;True;True;3.0991580998525023;2.113684399984777;98.55000000000001;106.1;415.776953125;421.484375;10.9;12;311.0546875;311.0546875
146;9;1000;0;0;True;64;cupy;True;True;3.0799504001624882;2.0623854000587016;98.84;101.3;415.73203125;421.390625;10.0;12;311.0546875;311.0546875
146;10;1000;0;0;True;64;cupy;True;True;3.073979599867016;2.0726572999265045;98.39000000000001;104.3;416.464453125;422.13671875;10.6;11;311.0546875;311.0546875
147;1;1000;99900;0.1;False;32;numpy;False;False;0.9695872999727726;0.1459032001439482;;;;;;;;
147;2;1000;99900;0.1;False;32;numpy;False;False;0.9719391998369247;0.14747650013305247;;;;;;;;
147;3;1000;99900;0.1;False;32;numpy;False;False;0.9853763000573963;0.1488971000071615;;;;;;;;
147;4;1000;99900;0.1;False;32;numpy;False;False;0.9663522001355886;0.14798679994419217;;;;;;;;
147;5;1000;99900;0.1;False;32;numpy;False;False;0.9531169000547379;0.14577830000780523;;;;;;;;
147;6;1000;99900;0.1;False;32;numpy;False;False;0.9682724999729544;0.15136880008503795;;;;;;;;
147;7;1000;99900;0.1;False;32;numpy;False;False;0.9569125999696553;0.14579100022092462;;;;;;;;
147;8;1000;99900;0.1;False;32;numpy;False;False;0.9586195999290794;0.14749739994294941;;;;;;;;
147;9;1000;99900;0.1;False;32;numpy;False;False;0.966677000047639;0.14636949985288084;;;;;;;;
147;10;1000;99900;0.1;False;32;numpy;False;False;0.9509716001339257;0.1465330000501126;;;;;;;;
148;1;1000;99900;0.1;False;32;numpy;True;True;1.0141902000177652;0.17244099988602102;199.76999999999995;288.1;359.606640625;364.68359375;;;;
148;2;1000;99900;0.1;False;32;numpy;True;True;0.9974188997875899;0.16561720008030534;236.76;378.9;359.386328125;364.46875;;;;
148;3;1000;99900;0.1;False;32;numpy;True;True;0.9796004998497665;0.16781069990247488;167.89000000000001;280.5;359.601953125;364.67578125;;;;
148;4;1000;99900;0.1;False;32;numpy;True;True;0.9974410000722855;0.18512460007332265;170.8;458.7;359.605859375;364.68359375;;;;
148;5;1000;99900;0.1;False;32;numpy;True;True;0.9846000000834465;0.16697590006515384;141.17;286.9;359.958984375;365.03125;;;;
148;6;1000;99900;0.1;False;32;numpy;True;True;0.9734444001223892;0.16259530000388622;173.42000000000002;397.5;359.680078125;364.7578125;;;;
148;7;1000;99900;0.1;False;32;numpy;True;True;1.011780499946326;0.18284240015782416;163.8;453.6;359.874609375;364.95703125;;;;
148;8;1000;99900;0.1;False;32;numpy;True;True;0.9873641999438405;0.1651735999621451;160.71999999999997;284.2;359.71328125;364.796875;;;;
148;9;1000;99900;0.1;False;32;numpy;True;True;0.9786972999572754;0.16196929989382625;175.12000000000003;304.7;359.52109375;364.60546875;;;;
148;10;1000;99900;0.1;False;32;numpy;True;True;0.9862162000499666;0.16142879985272884;145.95999999999998;294.4;359.875390625;364.95703125;;;;
149;1;1000;99900;0.1;False;32;cupy;False;False;3.0553671000525355;2.047988999867812;;;;;;;;
149;2;1000;99900;0.1;False;32;cupy;False;False;3.090076900087297;2.0791824001353234;;;;;;;;
149;3;1000;99900;0.1;False;32;cupy;False;False;3.1126241001766175;2.0734926001168787;;;;;;;;
149;4;1000;99900;0.1;False;32;cupy;False;False;3.0910196998156607;2.083656799979508;;;;;;;;
149;5;1000;99900;0.1;False;32;cupy;False;False;3.1090842001140118;2.0845510999206454;;;;;;;;
149;6;1000;99900;0.1;False;32;cupy;False;False;3.0934564999770373;2.0856496000196785;;;;;;;;
149;7;1000;99900;0.1;False;32;cupy;False;False;3.116597000043839;2.1008925000205636;;;;;;;;
149;8;1000;99900;0.1;False;32;cupy;False;False;3.086967800045386;2.0646490999497473;;;;;;;;
149;9;1000;99900;0.1;False;32;cupy;False;False;3.0851753999013454;2.0807464998215437;;;;;;;;
149;10;1000;99900;0.1;False;32;cupy;False;False;3.121367100160569;2.0889896999578923;;;;;;;;
150;1;1000;99900;0.1;False;32;cupy;True;True;3.125173500040546;2.1007395000196993;99.28;103.3;493.940234375;499.515625;11.5;13;325.0546875;325.0546875
150;2;1000;99900;0.1;False;32;cupy;True;True;3.163357999874279;2.105550700100139;100.15;102.7;494.256640625;499.81640625;9.9;12;325.0546875;325.0546875
150;3;1000;99900;0.1;False;32;cupy;True;True;3.1820434001274407;2.1289933999069035;99.57;103.5;492.05625;497.63671875;10.5;13;325.0546875;325.0546875
150;4;1000;99900;0.1;False;32;cupy;True;True;3.175685599911958;2.1368946000002325;99.4;105.1;494.237890625;499.85546875;10.8;12;325.0546875;325.0546875
150;5;1000;99900;0.1;False;32;cupy;True;True;3.172541000181809;2.115892899921164;98.80000000000001;101.0;494.684375;500.265625;10.6;12;325.0546875;325.0546875
150;6;1000;99900;0.1;False;32;cupy;True;True;3.1567605000454932;2.1244105999358;99.67999999999999;102.1;494.06875;499.69921875;11.7;13;325.0546875;325.0546875
150;7;1000;99900;0.1;False;32;cupy;True;True;3.1760117998346686;2.1202811000403017;100.31;105.4;494.347265625;499.96875;10.8;12;325.0546875;325.0546875
150;8;1000;99900;0.1;False;32;cupy;True;True;3.156113399891183;2.1082442000042647;99.98;102.3;494.203515625;499.84375;11.5;13;325.0546875;325.0546875
150;9;1000;99900;0.1;False;32;cupy;True;True;3.181341800140217;2.1371188000775874;99.33000000000001;104.7;494.36953125;499.93359375;11.0;12;325.0546875;325.0546875
150;10;1000;99900;0.1;False;32;cupy;True;True;3.1406664999667555;2.1040662999730557;99.54;102.9;492.21953125;497.84765625;11.0;13;325.0546875;325.0546875
151;1;1000;99900;0.1;False;64;numpy;False;False;1.0116752998437732;0.15302570001222193;;;;;;;;
151;2;1000;99900;0.1;False;64;numpy;False;False;0.9577715999912471;0.1515313999261707;;;;;;;;
151;3;1000;99900;0.1;False;64;numpy;False;False;0.9641330998856574;0.15553210000507534;;;;;;;;
151;4;1000;99900;0.1;False;64;numpy;False;False;0.9682112999726087;0.1475752000696957;;;;;;;;
151;5;1000;99900;0.1;False;64;numpy;False;False;0.9522514999844134;0.15158149995841086;;;;;;;;
151;6;1000;99900;0.1;False;64;numpy;False;False;0.994571200106293;0.1703250000718981;;;;;;;;
151;7;1000;99900;0.1;False;64;numpy;False;False;0.9721485001500696;0.15002579987049103;;;;;;;;
151;8;1000;99900;0.1;False;64;numpy;False;False;0.9789483998902142;0.1526046998333186;;;;;;;;
151;9;1000;99900;0.1;False;64;numpy;False;False;0.9658641000278294;0.1544133999850601;;;;;;;;
151;10;1000;99900;0.1;False;64;numpy;False;False;0.9567446999717504;0.14717380004003644;;;;;;;;
152;1;1000;99900;0.1;False;64;numpy;True;True;0.9824675000272691;0.17021050001494586;177.25;468.5;363.48125;368.5625;;;;
152;2;1000;99900;0.1;False;64;numpy;True;True;1.0539288001600653;0.20727339992299676;161.57999999999998;356.9;363.472265625;368.55078125;;;;
152;3;1000;99900;0.1;False;64;numpy;True;True;0.9884178000502288;0.16910700011067092;251.74999999999994;499.5;363.4921875;368.5703125;;;;
152;4;1000;99900;0.1;False;64;numpy;True;True;0.9860674000810832;0.16937040002085268;102.02000000000001;187.9;363.405078125;368.4765625;;;;
152;5;1000;99900;0.1;False;64;numpy;True;True;0.9952408000826836;0.16536709992215037;123.84;385.2;363.513671875;368.6015625;;;;
152;6;1000;99900;0.1;False;64;numpy;True;True;1.0093284000176936;0.1764112999662757;203.92000000000002;385.2;363.610546875;368.69140625;;;;
152;7;1000;99900;0.1;False;64;numpy;True;True;1.0150355999357998;0.16501759993843734;257.8;508.5;363.367578125;368.4375;;;;
152;8;1000;99900;0.1;False;64;numpy;True;True;1.0007742999587208;0.17432980006560683;285.23999999999995;510.3;363.163671875;368.24609375;;;;
152;9;1000;99900;0.1;False;64;numpy;True;True;1.0154518000781536;0.19233039999380708;201.59000000000003;474.7;363.273046875;368.3515625;;;;
152;10;1000;99900;0.1;False;64;numpy;True;True;0.9907518997788429;0.16619259980507195;122.66;381.6;363.472265625;368.5625;;;;
153;1;1000;99900;0.1;False;64;cupy;False;False;3.078639900078997;2.0720848999917507;;;;;;;;
153;2;1000;99900;0.1;False;64;cupy;False;False;3.0484561999328434;2.0391599000431597;;;;;;;;
153;3;1000;99900;0.1;False;64;cupy;False;False;3.087212200043723;2.046747999964282;;;;;;;;
153;4;1000;99900;0.1;False;64;cupy;False;False;3.100817699916661;2.088402400026098;;;;;;;;
153;5;1000;99900;0.1;False;64;cupy;False;False;3.0689032000955194;2.0589029998518527;;;;;;;;
153;6;1000;99900;0.1;False;64;cupy;False;False;3.088263399899006;2.069396900013089;;;;;;;;
153;7;1000;99900;0.1;False;64;cupy;False;False;3.0854573000688106;2.063811899861321;;;;;;;;
153;8;1000;99900;0.1;False;64;cupy;False;False;3.0895238001830876;2.065676699858159;;;;;;;;
153;9;1000;99900;0.1;False;64;cupy;False;False;3.0997689000796527;2.085203800117597;;;;;;;;
153;10;1000;99900;0.1;False;64;cupy;False;False;3.074902599910274;2.067371199838817;;;;;;;;
154;1;1000;99900;0.1;False;64;cupy;True;True;3.1556627999525517;2.109500899910927;100.11;103.4;464.293359375;469.9609375;13.0;14;333.0546875;333.0546875
154;2;1000;99900;0.1;False;64;cupy;True;True;3.161100200144574;2.1013163002207875;97.38;102.7;463.980078125;469.65234375;13.3;15;333.0546875;333.0546875
154;3;1000;99900;0.1;False;64;cupy;True;True;3.144750599982217;2.0759638999588788;98.97;103.2;464.142578125;469.765625;14.0;14;333.0546875;333.0546875
154;4;1000;99900;0.1;False;64;cupy;True;True;3.1442286998499185;2.109789000125602;98.88000000000001;107.2;463.623046875;469.22265625;12.6;14;333.0546875;333.0546875
154;5;1000;99900;0.1;False;64;cupy;True;True;3.134358499897644;2.099331900011748;99.08;103.0;463.44921875;469.1328125;13.3;15;333.0546875;333.0546875
154;6;1000;99900;0.1;False;64;cupy;True;True;3.2633473998866975;2.1998574000317603;97.50000000000001;103.8;461.85546875;467.58984375;12.0;14;333.0546875;333.0546875
154;7;1000;99900;0.1;False;64;cupy;True;True;3.1733206000644714;2.1340379000175744;99.07;103.6;463.353515625;469.078125;12.7;14;333.0546875;333.0546875
154;8;1000;99900;0.1;False;64;cupy;True;True;3.176707100123167;2.1176586002111435;98.55000000000001;107.1;463.498046875;469.04296875;13.7;15;333.0546875;333.0546875
154;9;1000;99900;0.1;False;64;cupy;True;True;3.1666189001407474;2.1063622999936342;98.9;102.7;463.77265625;469.4140625;14.0;14;333.0546875;333.0546875
154;10;1000;99900;0.1;False;64;cupy;True;True;3.1425588000565767;2.1049822999630123;99.27;102.2;463.39140625;469.05078125;14.2;15;333.0546875;333.0546875
155;1;1000;99900;0.1;True;32;numpy;False;False;0.9260100999381393;0.11318790004588664;;;;;;;;
155;2;1000;99900;0.1;True;32;numpy;False;False;0.9413799999747425;0.11539110005833209;;;;;;;;
155;3;1000;99900;0.1;True;32;numpy;False;False;0.934455499984324;0.11076309997588396;;;;;;;;
155;4;1000;99900;0.1;True;32;numpy;False;False;0.9414337000343949;0.11408590013161302;;;;;;;;
155;5;1000;99900;0.1;True;32;numpy;False;False;0.9356081001460552;0.11325910012237728;;;;;;;;
155;6;1000;99900;0.1;True;32;numpy;False;False;0.9170158999040723;0.11276630009524524;;;;;;;;
155;7;1000;99900;0.1;True;32;numpy;False;False;0.9269572000484914;0.11326129990629852;;;;;;;;
155;8;1000;99900;0.1;True;32;numpy;False;False;0.9101279999595135;0.11205900018103421;;;;;;;;
155;9;1000;99900;0.1;True;32;numpy;False;False;0.9294557000976056;0.11099450010806322;;;;;;;;
155;10;1000;99900;0.1;True;32;numpy;False;False;0.9136935002170503;0.110417400021106;;;;;;;;
156;1;1000;99900;0.1;True;32;numpy;True;True;0.9396534999832511;0.12442869995720685;100.06;128.4;356.057421875;361.53515625;;;;
156;2;1000;99900;0.1;True;32;numpy;True;True;0.9436239001806825;0.13163230009377003;83.30999999999999;132.3;356.28984375;361.77734375;;;;
156;3;1000;99900;0.1;True;32;numpy;True;True;0.9435811000876129;0.12329159979708493;101.47;132.7;355.85859375;361.33984375;;;;
156;4;1000;99900;0.1;True;32;numpy;True;True;0.9348265998996794;0.12161719985306263;103.4;134.6;355.58046875;361.0546875;;;;
156;5;1000;99900;0.1;True;32;numpy;True;True;0.9470651000738144;0.12342659989371896;88.55999999999999;131.2;356.203125;361.69140625;;;;
156;6;1000;99900;0.1;True;32;numpy;True;True;0.9443942001089454;0.12397740012966096;101.85999999999999;131.1;356.515234375;361.99609375;;;;
156;7;1000;99900;0.1;True;32;numpy;True;True;0.9592648998368531;0.12264820002019405;102.5;134.9;356.035546875;361.51953125;;;;
156;8;1000;99900;0.1;True;32;numpy;True;True;0.9469757999759167;0.12298830016516149;89.36;133.8;356.197265625;361.6796875;;;;
156;9;1000;99900;0.1;True;32;numpy;True;True;0.9395226999185979;0.12149580009281635;90.84;133.4;355.80859375;361.3046875;;;;
156;10;1000;99900;0.1;True;32;numpy;True;True;0.954890999943018;0.12237440003082156;102.38;132.2;355.792578125;361.28515625;;;;
157;1;1000;99900;0.1;True;32;cupy;False;False;3.1415570001117885;2.0764733001124114;;;;;;;;
157;2;1000;99900;0.1;True;32;cupy;False;False;3.166074800072238;2.1195284000132233;;;;;;;;
157;3;1000;99900;0.1;True;32;cupy;False;False;3.155286099994555;2.0768878997769207;;;;;;;;
157;4;1000;99900;0.1;True;32;cupy;False;False;3.194203599821776;2.147585100028664;;;;;;;;
157;5;1000;99900;0.1;True;32;cupy;False;False;3.179728199960664;2.1306191000621766;;;;;;;;
157;6;1000;99900;0.1;True;32;cupy;False;False;3.1564915000926703;2.105372899910435;;;;;;;;
157;7;1000;99900;0.1;True;32;cupy;False;False;3.192773099988699;2.150193499866873;;;;;;;;
157;8;1000;99900;0.1;True;32;cupy;False;False;3.153609700035304;2.1044079998973757;;;;;;;;
157;9;1000;99900;0.1;True;32;cupy;False;False;3.152817599941045;2.110987599939108;;;;;;;;
157;10;1000;99900;0.1;True;32;cupy;False;False;3.1582591999322176;2.11603599996306;;;;;;;;
158;1;1000;99900;0.1;True;32;cupy;True;True;3.2079451999161392;2.117381399963051;99.82999999999997;106.2;467.856640625;473.5;9.7;12;309.0546875;309.0546875
158;2;1000;99900;0.1;True;32;cupy;True;True;3.269195399945602;2.1670643999241292;96.46000000000001;104.8;467.155078125;472.71875;11.2;12;309.0546875;309.0546875
158;3;1000;99900;0.1;True;32;cupy;True;True;3.2601749999448657;2.162571500055492;99.75;105.0;467.979296875;473.56640625;10.1;12;309.0546875;309.0546875
158;4;1000;99900;0.1;True;32;cupy;True;True;3.2515487000346184;2.1628797999583185;99.22;105.7;467.6265625;473.26171875;11.2;12;309.0546875;309.0546875
158;5;1000;99900;0.1;True;32;cupy;True;True;3.250711200060323;2.1568435998633504;100.12000000000002;104.6;467.10390625;472.67578125;9.4;11;309.0546875;309.0546875
158;6;1000;99900;0.1;True;32;cupy;True;True;3.2180681999307126;2.1401065001264215;99.16000000000001;104.7;467.378515625;472.98046875;11.2;12;309.0546875;309.0546875
158;7;1000;99900;0.1;True;32;cupy;True;True;3.228294200031087;2.1596898999996483;100.1;104.9;467.53203125;473.1328125;10.4;12;309.0546875;309.0546875
158;8;1000;99900;0.1;True;32;cupy;True;True;3.2348833000287414;2.1676896999124438;99.01;105.1;467.458984375;473.0546875;10.6;12;309.0546875;309.0546875
158;9;1000;99900;0.1;True;32;cupy;True;True;3.2389058000408113;2.148511999985203;100.01;106.2;468.316015625;473.984375;10.9;12;309.0546875;309.0546875
158;10;1000;99900;0.1;True;32;cupy;True;True;3.21307500009425;2.158911000005901;99.9;104.4;467.939453125;473.6015625;11.0;12;309.0546875;309.0546875
159;1;1000;99900;0.1;True;64;numpy;False;False;0.9239667002111673;0.10642630001530051;;;;;;;;
159;2;1000;99900;0.1;True;64;numpy;False;False;0.9226681001018733;0.10748020000755787;;;;;;;;
159;3;1000;99900;0.1;True;64;numpy;False;False;0.9237526999786496;0.10823380015790462;;;;;;;;
159;4;1000;99900;0.1;True;64;numpy;False;False;0.9209366999566555;0.10707649984396994;;;;;;;;
159;5;1000;99900;0.1;True;64;numpy;False;False;0.929881300078705;0.10819099983200431;;;;;;;;
159;6;1000;99900;0.1;True;64;numpy;False;False;0.9222734000068158;0.10817750007845461;;;;;;;;
159;7;1000;99900;0.1;True;64;numpy;False;False;0.9283055998384953;0.10980729991570115;;;;;;;;
159;8;1000;99900;0.1;True;64;numpy;False;False;0.9154373998753726;0.10554940020665526;;;;;;;;
159;9;1000;99900;0.1;True;64;numpy;False;False;0.9073771999683231;0.10544540011323988;;;;;;;;
159;10;1000;99900;0.1;True;64;numpy;False;False;0.9149511000141501;0.10763649991713464;;;;;;;;
160;1;1000;99900;0.1;True;64;numpy;True;True;0.9301561999600381;0.116767100058496;94.83;139.4;357.5359375;363.01953125;;;;
160;2;1000;99900;0.1;True;64;numpy;True;True;0.9485472999513149;0.12388790003024042;102.0;139.0;357.596484375;363.07421875;;;;
160;3;1000;99900;0.1;True;64;numpy;True;True;0.9415796999819577;0.11596470000222325;95.41000000000001;139.2;357.289453125;362.78125;;;;
160;4;1000;99900;0.1;True;64;numpy;True;True;0.9339409999083728;0.11811729986220598;93.5;137.2;357.88671875;363.3671875;;;;
160;5;1000;99900;0.1;True;64;numpy;True;True;0.9424435999244452;0.11565069993957877;95.20000000000002;139.1;357.3671875;362.8515625;;;;
160;6;1000;99900;0.1;True;64;numpy;True;True;0.9476752998307347;0.11925750016234815;105.59;136.5;357.40234375;362.875;;;;
160;7;1000;99900;0.1;True;64;numpy;True;True;0.9330673001240939;0.11594070005230606;108.25;137.7;357.379296875;362.8671875;;;;
160;8;1000;99900;0.1;True;64;numpy;True;True;0.9348621000535786;0.11837280006147921;105.77000000000001;135.4;357.66640625;363.1484375;;;;
160;9;1000;99900;0.1;True;64;numpy;True;True;0.9291115999221802;0.11456410004757345;95.72999999999999;140.5;357.4390625;362.92578125;;;;
160;10;1000;99900;0.1;True;64;numpy;True;True;0.9478044998832047;0.1273254998959601;98.00000000000001;133.3;357.8203125;363.29296875;;;;
161;1;1000;99900;0.1;True;64;cupy;False;False;3.1565421998966485;2.1193721999879926;;;;;;;;
161;2;1000;99900;0.1;True;64;cupy;False;False;3.30644499999471;2.2417385999578983;;;;;;;;
161;3;1000;99900;0.1;True;64;cupy;False;False;3.1461862998548895;2.098073799861595;;;;;;;;
161;4;1000;99900;0.1;True;64;cupy;False;False;3.1964558998588473;2.149322699988261;;;;;;;;
161;5;1000;99900;0.1;True;64;cupy;False;False;3.1223124999087304;2.0753884001169354;;;;;;;;
161;6;1000;99900;0.1;True;64;cupy;False;False;3.1555902999825776;2.1009778999723494;;;;;;;;
161;7;1000;99900;0.1;True;64;cupy;False;False;3.1630163001827896;2.1118686001282185;;;;;;;;
161;8;1000;99900;0.1;True;64;cupy;False;False;3.16920780017972;2.11274109990336;;;;;;;;
161;9;1000;99900;0.1;True;64;cupy;False;False;3.157728800084442;2.1115107000805438;;;;;;;;
161;10;1000;99900;0.1;True;64;cupy;False;False;3.1753792001400143;2.1334089001175016;;;;;;;;
162;1;1000;99900;0.1;True;64;cupy;True;True;3.2389316000044346;2.149441799847409;99.81;105.1;471.708984375;477.45703125;11.4;12;315.0546875;315.0546875
162;2;1000;99900;0.1;True;64;cupy;True;True;3.2356224998366088;2.1625783999916166;99.78;103.4;471.9875;477.62109375;9.9;12;315.0546875;315.0546875
162;3;1000;99900;0.1;True;64;cupy;True;True;3.2370482000987977;2.1464076000265777;99.03;104.9;471.816796875;477.5078125;12.0;12;315.0546875;315.0546875
162;4;1000;99900;0.1;True;64;cupy;True;True;3.2147007000166923;2.139507699990645;99.44;104.4;472.167578125;477.87890625;10.2;12;315.0546875;315.0546875
162;5;1000;99900;0.1;True;64;cupy;True;True;3.207581700058654;2.129588499898091;98.37;106.0;471.98515625;477.6796875;10.8;12;315.0546875;315.0546875
162;6;1000;99900;0.1;True;64;cupy;True;True;3.2723736001644284;2.1980934999883175;98.27;103.6;471.7890625;477.44140625;11.8;12;315.0546875;315.0546875
162;7;1000;99900;0.1;True;64;cupy;True;True;3.2468476998619735;2.1798523999750614;99.2;103.6;471.577734375;477.23828125;10.8;12;315.0546875;315.0546875
162;8;1000;99900;0.1;True;64;cupy;True;True;3.201793499989435;2.13199679995887;98.77000000000001;104.8;472.162109375;477.86328125;12.2;14;315.0546875;315.0546875
162;9;1000;99900;0.1;True;64;cupy;True;True;3.2929144999943674;2.1893476999830455;100.15;104.5;472.277734375;477.9921875;10.5;12;315.0546875;315.0546875
162;10;1000;99900;0.1;True;64;cupy;True;True;3.2376059000380337;2.1755241001956165;99.07000000000001;104.7;472.133203125;477.78125;11.2;12;315.0546875;315.0546875
163;1;1000;249750;0.25;False;32;numpy;False;False;0.9929034998640418;0.1501919999718666;;;;;;;;
163;2;1000;249750;0.25;False;32;numpy;False;False;1.0167226998601109;0.15568749979138374;;;;;;;;
163;3;1000;249750;0.25;False;32;numpy;False;False;1.0089536998420954;0.14838379994034767;;;;;;;;
163;4;1000;249750;0.25;False;32;numpy;False;False;0.9976986998226494;0.15802220022305846;;;;;;;;
163;5;1000;249750;0.25;False;32;numpy;False;False;0.9773295000195503;0.14875960000790656;;;;;;;;
163;6;1000;249750;0.25;False;32;numpy;False;False;0.9689256001729518;0.14547740016132593;;;;;;;;
163;7;1000;249750;0.25;False;32;numpy;False;False;0.9706071999389678;0.14563950011506677;;;;;;;;
163;8;1000;249750;0.25;False;32;numpy;False;False;0.9757762001827359;0.14768389984965324;;;;;;;;
163;9;1000;249750;0.25;False;32;numpy;False;False;0.9638414999935776;0.14716180018149316;;;;;;;;
163;10;1000;249750;0.25;False;32;numpy;False;False;0.9815659001469612;0.14963539992459118;;;;;;;;
164;1;1000;249750;0.25;False;32;numpy;True;True;0.9944740000646561;0.16497209994122386;122.86000000000001;268.8;359.940625;365.01171875;;;;
164;2;1000;249750;0.25;False;32;numpy;True;True;0.9944452999625355;0.16563699999824166;206.25;635.8;359.45703125;364.53125;;;;
164;3;1000;249750;0.25;False;32;numpy;True;True;1.0206184000708163;0.163270799908787;144.64;297.4;359.705859375;364.77734375;;;;
164;4;1000;249750;0.25;False;32;numpy;True;True;0.9933871999382973;0.1634746000636369;142.87;271.7;359.49609375;364.56640625;;;;
164;5;1000;249750;0.25;False;32;numpy;True;True;0.9941503000445664;0.16195869981311262;155.38;297.9;359.35078125;364.42578125;;;;
164;6;1000;249750;0.25;False;32;numpy;True;True;0.9785758999641985;0.1589899999089539;175.32;368.4;359.4421875;364.52734375;;;;
164;7;1000;249750;0.25;False;32;numpy;True;True;0.9987155999988317;0.16178120020776987;126.61999999999998;296.0;359.708984375;364.7890625;;;;
164;8;1000;249750;0.25;False;32;numpy;True;True;0.9936305000446737;0.16821220004931092;185.4;380.0;359.356640625;364.43359375;;;;
164;9;1000;249750;0.25;False;32;numpy;True;True;0.9956793000455946;0.1654313998296857;142.48000000000002;290.1;359.515625;364.58984375;;;;
164;10;1000;249750;0.25;False;32;numpy;True;True;1.0405139999929816;0.17260189983062446;153.69;277.5;359.626171875;364.71484375;;;;
165;1;1000;249750;0.25;False;32;cupy;False;False;3.143231299938634;2.113082200055942;;;;;;;;
165;2;1000;249750;0.25;False;32;cupy;False;False;3.1399384001269937;2.1179295000620186;;;;;;;;
165;3;1000;249750;0.25;False;32;cupy;False;False;3.1066660000942647;2.083966000005603;;;;;;;;
165;4;1000;249750;0.25;False;32;cupy;False;False;3.1418544999323785;2.0894251000136137;;;;;;;;
165;5;1000;249750;0.25;False;32;cupy;False;False;3.1066624999511987;2.088216899894178;;;;;;;;
165;6;1000;249750;0.25;False;32;cupy;False;False;3.1064832999836653;2.078036200022325;;;;;;;;
165;7;1000;249750;0.25;False;32;cupy;False;False;3.1086341999471188;2.0837365000043064;;;;;;;;
165;8;1000;249750;0.25;False;32;cupy;False;False;3.1029777000658214;2.059424700215459;;;;;;;;
165;9;1000;249750;0.25;False;32;cupy;False;False;3.1280696999747306;2.096125999931246;;;;;;;;
165;10;1000;249750;0.25;False;32;cupy;False;False;3.1408863000106066;2.1046527998987585;;;;;;;;
166;1;1000;249750;0.25;False;32;cupy;True;True;3.232041799928993;2.158752500079572;99.25;100.9;496.087109375;501.67578125;12.0;12;325.0546875;325.0546875
166;2;1000;249750;0.25;False;32;cupy;True;True;3.146804600022733;2.087440100032836;99.21;102.8;495.884765625;501.55859375;11.9;13;325.0546875;325.0546875
166;3;1000;249750;0.25;False;32;cupy;True;True;3.226550000021234;2.171131700044498;98.51;106.6;496.0796875;501.6953125;11.6;12;325.0546875;325.0546875
166;4;1000;249750;0.25;False;32;cupy;True;True;3.1793960998766124;2.1341917000245303;99.25000000000001;101.9;495.873046875;501.57421875;10.0;13;325.0546875;325.0546875
166;5;1000;249750;0.25;False;32;cupy;True;True;3.2023642000276595;2.153294599847868;97.84;103.7;496.096484375;501.66796875;11.3;13;325.0546875;325.0546875
166;6;1000;249750;0.25;False;32;cupy;True;True;3.1542835000436753;2.1069314999040216;99.60000000000001;102.7;496.184375;501.80078125;12.3;13;325.0546875;325.0546875
166;7;1000;249750;0.25;False;32;cupy;True;True;3.1871032000053674;2.119986299891025;98.77000000000001;102.8;496.612890625;502.2734375;12.2;13;325.0546875;325.0546875
166;8;1000;249750;0.25;False;32;cupy;True;True;3.1898109999019653;2.1425576999317855;98.44;104.8;496.472265625;502.0546875;11.2;12;325.0546875;325.0546875
166;9;1000;249750;0.25;False;32;cupy;True;True;3.193704199977219;2.1291533999610692;98.51;102.0;496.143359375;501.828125;12.0;12;325.0546875;325.0546875
166;10;1000;249750;0.25;False;32;cupy;True;True;3.161725000012666;2.1026121000759304;98.4;103.5;495.874609375;501.51953125;12.1;13;325.0546875;325.0546875
167;1;1000;249750;0.25;False;64;numpy;False;False;0.9945755999069661;0.15899210004135966;;;;;;;;
167;2;1000;249750;0.25;False;64;numpy;False;False;0.9784735001157969;0.14724399987608194;;;;;;;;
167;3;1000;249750;0.25;False;64;numpy;False;False;0.9910666001960635;0.16505969990976155;;;;;;;;
167;4;1000;249750;0.25;False;64;numpy;False;False;0.9987645000219345;0.15921239997260273;;;;;;;;
167;5;1000;249750;0.25;False;64;numpy;False;False;0.9780392001848668;0.14899579994380474;;;;;;;;
167;6;1000;249750;0.25;False;64;numpy;False;False;0.9743264999706298;0.15014320006594062;;;;;;;;
167;7;1000;249750;0.25;False;64;numpy;False;False;0.9896195000037551;0.15341889997944236;;;;;;;;
167;8;1000;249750;0.25;False;64;numpy;False;False;0.9722008998505771;0.14720089989714324;;;;;;;;
167;9;1000;249750;0.25;False;64;numpy;False;False;0.9987192000262439;0.14649569988250732;;;;;;;;
167;10;1000;249750;0.25;False;64;numpy;False;False;0.9789047001395375;0.15686849993653595;;;;;;;;
168;1;1000;249750;0.25;False;64;numpy;True;True;1.024706499883905;0.17273870017379522;252.85;497.9;363.311328125;368.39453125;;;;
168;2;1000;249750;0.25;False;64;numpy;True;True;1.0073893999215215;0.16989399981684983;203.45999999999998;375.6;363.2328125;368.30078125;;;;
168;3;1000;249750;0.25;False;64;numpy;True;True;1.0042272000573575;0.17065400001592934;144.02;420.5;362.9828125;368.453125;;;;
168;4;1000;249750;0.25;False;64;numpy;True;True;1.041123199975118;0.17545399977825582;269.32;509.1;363.653515625;368.73046875;;;;
168;5;1000;249750;0.25;False;64;numpy;True;True;1.0008877001237124;0.16652109986171126;207.0;377.7;363.613671875;368.6953125;;;;
168;6;1000;249750;0.25;False;64;numpy;True;True;1.0091979999560863;0.17552289995364845;206.54000000000002;387.1;363.01171875;368.48828125;;;;
168;7;1000;249750;0.25;False;64;numpy;True;True;1.0434981000144035;0.20871679997071624;164.55;322.8;363.635546875;368.70703125;;;;
168;8;1000;249750;0.25;False;64;numpy;True;True;1.0035345000214875;0.17943599983118474;213.1;385.4;363.3921875;368.47265625;;;;
168;9;1000;249750;0.25;False;64;numpy;True;True;1.0153430001810193;0.17361960001289845;243.50000000000006;528.5;363.47265625;368.55078125;;;;
168;10;1000;249750;0.25;False;64;numpy;True;True;1.0110541000030935;0.16389309987425804;209.8;379.7;363.071484375;368.15625;;;;
169;1;1000;249750;0.25;False;64;cupy;False;False;3.100391599815339;2.0813688999041915;;;;;;;;
169;2;1000;249750;0.25;False;64;cupy;False;False;3.1344737999606878;2.0946402000263333;;;;;;;;
169;3;1000;249750;0.25;False;64;cupy;False;False;3.0942544999998063;2.079589899862185;;;;;;;;
169;4;1000;249750;0.25;False;64;cupy;False;False;3.045076800044626;2.025942800100893;;;;;;;;
169;5;1000;249750;0.25;False;64;cupy;False;False;3.10107360011898;2.0817215000279248;;;;;;;;
169;6;1000;249750;0.25;False;64;cupy;False;False;3.0878637998830527;2.0752753999549896;;;;;;;;
169;7;1000;249750;0.25;False;64;cupy;False;False;3.120755400042981;2.0712786000221968;;;;;;;;
169;8;1000;249750;0.25;False;64;cupy;False;False;3.2381581999361515;2.214240400120616;;;;;;;;
169;9;1000;249750;0.25;False;64;cupy;False;False;3.0877223000861704;2.0631454999092966;;;;;;;;
169;10;1000;249750;0.25;False;64;cupy;False;False;3.1288954000920057;2.1142549999058247;;;;;;;;
170;1;1000;249750;0.25;False;64;cupy;True;True;3.168046799954027;2.090288700070232;98.50000000000001;103.4;465.727734375;471.37890625;12.5;14;335.0546875;335.0546875
170;2;1000;249750;0.25;False;64;cupy;True;True;3.165886400034651;2.113240399863571;99.7;108.2;465.673828125;471.3203125;13.0;14;335.0546875;335.0546875
170;3;1000;249750;0.25;False;64;cupy;True;True;3.183176999911666;2.122689199866727;100.15;101.9;465.62890625;471.34375;13.8;15;335.0546875;335.0546875
170;4;1000;249750;0.25;False;64;cupy;True;True;3.13912730012089;2.0967594999819994;99.32999999999998;101.8;465.58359375;471.24609375;12.2;14;335.0546875;335.0546875
170;5;1000;249750;0.25;False;64;cupy;True;True;3.1952651999890804;2.140134100103751;99.15;103.0;465.775390625;471.39453125;13.2;14;335.0546875;335.0546875
170;6;1000;249750;0.25;False;64;cupy;True;True;3.1949792001396418;2.1249609999358654;98.72999999999999;102.8;465.837890625;471.41796875;12.5;14;335.0546875;335.0546875
170;7;1000;249750;0.25;False;64;cupy;True;True;3.1227343000937253;2.0916575000155717;100.18;104.0;465.7015625;471.33984375;12.5;15;335.0546875;335.0546875
170;8;1000;249750;0.25;False;64;cupy;True;True;3.186639199964702;2.137055399827659;98.93000000000002;105.5;465.9890625;471.66015625;12.7;14;335.0546875;335.0546875
170;9;1000;249750;0.25;False;64;cupy;True;True;3.144746699836105;2.1006378000602126;99.14;102.2;465.473828125;471.05859375;13.1;15;335.0546875;335.0546875
170;10;1000;249750;0.25;False;64;cupy;True;True;3.2159909000620246;2.140252700075507;98.15;102.5;465.12109375;470.78125;11.1;15;335.0546875;335.0546875
171;1;1000;249750;0.25;True;32;numpy;False;False;1.0440815999172628;0.22518680011853576;;;;;;;;
171;2;1000;249750;0.25;True;32;numpy;False;False;1.0548479999415576;0.2261286999564618;;;;;;;;
171;3;1000;249750;0.25;True;32;numpy;False;False;1.0778060001321137;0.21926899999380112;;;;;;;;
171;4;1000;249750;0.25;True;32;numpy;False;False;1.0404511999804527;0.22348470008000731;;;;;;;;
171;5;1000;249750;0.25;True;32;numpy;False;False;1.0583852999843657;0.2254928001202643;;;;;;;;
171;6;1000;249750;0.25;True;32;numpy;False;False;1.0275292999576777;0.2179706001188606;;;;;;;;
171;7;1000;249750;0.25;True;32;numpy;False;False;1.063814900116995;0.22574179992079735;;;;;;;;
171;8;1000;249750;0.25;True;32;numpy;False;False;1.0634149999823421;0.22594050015322864;;;;;;;;
171;9;1000;249750;0.25;True;32;numpy;False;False;1.047002000035718;0.22558700013905764;;;;;;;;
171;10;1000;249750;0.25;True;32;numpy;False;False;1.0533722001127899;0.21888060006313026;;;;;;;;
172;1;1000;249750;0.25;True;32;numpy;True;True;1.0605991000775248;0.23708099988289177;99.45;135.7;357.296875;362.5625;;;;
172;2;1000;249750;0.25;True;32;numpy;True;True;1.0679200000595301;0.24362580012530088;102.63;133.9;357.487109375;362.75;;;;
172;3;1000;249750;0.25;True;32;numpy;True;True;1.087211700156331;0.2436415001284331;102.91;135.0;357.229296875;362.50390625;;;;
172;4;1000;249750;0.25;True;32;numpy;True;True;1.057501999894157;0.24100879998877645;97.34;131.5;357.47890625;362.7578125;;;;
172;5;1000;249750;0.25;True;32;numpy;True;True;1.0620212000794709;0.23984709987416863;97.75;132.4;357.508203125;362.76953125;;;;
172;6;1000;249750;0.25;True;32;numpy;True;True;1.1007413000334054;0.24668640014715493;101.41;133.1;357.60625;362.875;;;;
172;7;1000;249750;0.25;True;32;numpy;True;True;1.109617300098762;0.24161080014891922;97.33;133.8;357.2578125;362.53125;;;;
172;8;1000;249750;0.25;True;32;numpy;True;True;1.103465200169012;0.2464711000211537;101.08;133.0;357.482421875;362.74609375;;;;
172;9;1000;249750;0.25;True;32;numpy;True;True;1.0741391000337899;0.23581990017555654;99.81;136.4;357.571484375;362.8359375;;;;
172;10;1000;249750;0.25;True;32;numpy;True;True;1.066255500074476;0.23958689998835325;98.66000000000001;134.4;357.2515625;362.515625;;;;
173;1;1000;249750;0.25;True;32;cupy;False;False;3.1719149998389184;2.122908700024709;;;;;;;;
173;2;1000;249750;0.25;True;32;cupy;False;False;3.1833011000417173;2.091066600056365;;;;;;;;
173;3;1000;249750;0.25;True;32;cupy;False;False;3.18384339986369;2.1124249000567943;;;;;;;;
173;4;1000;249750;0.25;True;32;cupy;False;False;3.168504700064659;2.117474100086838;;;;;;;;
173;5;1000;249750;0.25;True;32;cupy;False;False;3.1995301998686045;2.118329099845141;;;;;;;;
173;6;1000;249750;0.25;True;32;cupy;False;False;3.181531900074333;2.1210661998484284;;;;;;;;
173;7;1000;249750;0.25;True;32;cupy;False;False;3.158068099990487;2.0949622998014092;;;;;;;;
173;8;1000;249750;0.25;True;32;cupy;False;False;3.187083499971777;2.102449999889359;;;;;;;;
173;9;1000;249750;0.25;True;32;cupy;False;False;3.1820711998734623;2.1324760999996215;;;;;;;;
173;10;1000;249750;0.25;True;32;cupy;False;False;3.1675784999970347;2.1103717999067158;;;;;;;;
174;1;1000;249750;0.25;True;32;cupy;True;True;3.210507299983874;2.136527500115335;98.24999999999999;105.6;467.641796875;473.26171875;10.7;12;311.0546875;311.0546875
174;2;1000;249750;0.25;True;32;cupy;True;True;3.238497600192204;2.1513177999295294;99.36999999999999;105.4;467.402734375;473.0;11.8;12;311.0546875;311.0546875
174;3;1000;249750;0.25;True;32;cupy;True;True;3.237494600005448;2.1568225000519305;100.08;104.5;467.44609375;473.1015625;10.6;12;311.0546875;311.0546875
174;4;1000;249750;0.25;True;32;cupy;True;True;3.269225599942729;2.156482700025663;97.75000000000001;105.2;467.610546875;473.2890625;11.4;12;311.0546875;311.0546875
174;5;1000;249750;0.25;True;32;cupy;True;True;3.197092500049621;2.130280700046569;98.38;103.9;467.786328125;473.38671875;10.9;12;311.0546875;311.0546875
174;6;1000;249750;0.25;True;32;cupy;True;True;3.2659911999944597;2.151104599935934;97.94000000000001;104.8;467.50703125;473.16796875;11.8;12;311.0546875;311.0546875
174;7;1000;249750;0.25;True;32;cupy;True;True;3.262981800129637;2.1625749999657273;100.52;104.9;467.92265625;473.5;10.6;12;311.0546875;311.0546875
174;8;1000;249750;0.25;True;32;cupy;True;True;3.2770871999673545;2.1787254998926073;97.15;105.2;467.76328125;473.3671875;11.7;12;311.0546875;311.0546875
174;9;1000;249750;0.25;True;32;cupy;True;True;3.2733192001469433;2.1610042999964207;99.89000000000001;106.0;468.50859375;474.1015625;11.6;12;311.0546875;311.0546875
174;10;1000;249750;0.25;True;32;cupy;True;True;3.216089499881491;2.1317958999425173;98.64000000000001;105.7;467.501171875;473.1171875;11.6;12;311.0546875;311.0546875
175;1;1000;249750;0.25;True;64;numpy;False;False;1.0661824000999331;0.2227823999710381;;;;;;;;
175;2;1000;249750;0.25;True;64;numpy;False;False;1.0350641999393702;0.2158035000320524;;;;;;;;
175;3;1000;249750;0.25;True;64;numpy;False;False;1.0423459999728948;0.21890530013479292;;;;;;;;
175;4;1000;249750;0.25;True;64;numpy;False;False;1.0391317999456078;0.21913330000825226;;;;;;;;
175;5;1000;249750;0.25;True;64;numpy;False;False;1.072763399919495;0.22188089997507632;;;;;;;;
175;6;1000;249750;0.25;True;64;numpy;False;False;1.0383746000006795;0.21500450000166893;;;;;;;;
175;7;1000;249750;0.25;True;64;numpy;False;False;1.0511425000149757;0.2231129000429064;;;;;;;;
175;8;1000;249750;0.25;True;64;numpy;False;False;1.0422064999584109;0.21937349997460842;;;;;;;;
175;9;1000;249750;0.25;True;64;numpy;False;False;1.054368200013414;0.22054399992339313;;;;;;;;
175;10;1000;249750;0.25;True;64;numpy;False;False;1.0700570000335574;0.22051889984868467;;;;;;;;
176;1;1000;249750;0.25;True;64;numpy;True;True;1.0714606998953968;0.23964410019107163;98.03;135.6;358.284765625;363.55078125;;;;
176;2;1000;249750;0.25;True;64;numpy;True;True;1.0824858997948468;0.2470289000775665;95.25;129.4;358.078515625;363.48046875;;;;
176;3;1000;249750;0.25;True;64;numpy;True;True;1.0688608000054955;0.23986510001122952;97.8;132.0;358.176171875;363.44140625;;;;
176;4;1000;249750;0.25;True;64;numpy;True;True;1.0880350000225008;0.23394690011627972;100.52000000000001;138.1;358.18671875;363.44921875;;;;
176;5;1000;249750;0.25;True;64;numpy;True;True;1.0681743999011815;0.23057589982636273;87.97;137.0;358.229296875;363.50390625;;;;
176;6;1000;249750;0.25;True;64;numpy;True;True;1.059085699962452;0.23508269991725683;99.69999999999999;134.2;358.449609375;363.71875;;;;
176;7;1000;249750;0.25;True;64;numpy;True;True;1.0714706000871956;0.23253090004436672;100.84;137.2;358.48828125;363.7578125;;;;
176;8;1000;249750;0.25;True;64;numpy;True;True;1.0653470000252128;0.23356279986910522;100.42999999999999;136.2;358.600390625;363.8671875;;;;
176;9;1000;249750;0.25;True;64;numpy;True;True;1.080410199938342;0.2346729999408126;100.14000000000001;135.3;358.1375;363.40234375;;;;
176;10;1000;249750;0.25;True;64;numpy;True;True;1.0604318999685347;0.23302960000000894;100.98999999999998;139.3;358.490625;363.74609375;;;;
177;1;1000;249750;0.25;True;64;cupy;False;False;3.186643100110814;2.126533300150186;;;;;;;;
177;2;1000;249750;0.25;True;64;cupy;False;False;3.181345900055021;2.1109034998808056;;;;;;;;
177;3;1000;249750;0.25;True;64;cupy;False;False;3.192862099967897;2.130191900068894;;;;;;;;
177;4;1000;249750;0.25;True;64;cupy;False;False;3.201155300019309;2.1344964001327753;;;;;;;;
177;5;1000;249750;0.25;True;64;cupy;False;False;3.2027966999448836;2.137806399958208;;;;;;;;
177;6;1000;249750;0.25;True;64;cupy;False;False;3.1776123999152333;2.103508099913597;;;;;;;;
177;7;1000;249750;0.25;True;64;cupy;False;False;3.1665832998696715;2.1046265999320894;;;;;;;;
177;8;1000;249750;0.25;True;64;cupy;False;False;3.1878200999926776;2.1180748001206666;;;;;;;;
177;9;1000;249750;0.25;True;64;cupy;False;False;3.157632000045851;2.0929206998553127;;;;;;;;
177;10;1000;249750;0.25;True;64;cupy;False;False;3.185570599976927;2.1113706999458373;;;;;;;;
178;1;1000;249750;0.25;True;64;cupy;True;True;3.218295899918303;2.1292518998961896;99.86;104.2;474.406640625;480.140625;11.9;13;317.0546875;317.0546875
178;2;1000;249750;0.25;True;64;cupy;True;True;3.2262804999481887;2.129553399980068;98.25;105.2;473.814453125;479.49609375;13.4;15;317.0546875;317.0546875
178;3;1000;249750;0.25;True;64;cupy;True;True;3.316588700050488;2.218030499992892;98.78999999999999;103.8;465.910546875;476.05859375;11.9;13;317.0546875;317.0546875
178;4;1000;249750;0.25;True;64;cupy;True;True;3.243146999971941;2.151851400034502;98.89000000000001;104.8;473.6890625;479.36328125;13.2;14;317.0546875;317.0546875
178;5;1000;249750;0.25;True;64;cupy;True;True;3.2517135001253337;2.1473393999040127;99.76;105.6;474.16015625;479.78515625;11.3;13;317.0546875;317.0546875
178;6;1000;249750;0.25;True;64;cupy;True;True;3.221663100179285;2.137855799868703;100.22;106.0;474.26015625;479.98046875;12.5;13;317.0546875;317.0546875
178;7;1000;249750;0.25;True;64;cupy;True;True;3.1960044000297785;2.1195014999248087;98.77;104.9;473.597265625;479.24609375;12.1;13;317.0546875;317.0546875
178;8;1000;249750;0.25;True;64;cupy;True;True;3.217191900126636;2.134661099873483;99.55999999999999;105.8;473.38359375;479.0234375;12.8;13;317.0546875;317.0546875
178;9;1000;249750;0.25;True;64;cupy;True;True;3.2532500999514014;2.1613215999677777;100.47999999999999;105.0;474.11875;479.8125;12.4;13;317.0546875;317.0546875
178;10;1000;249750;0.25;True;64;cupy;True;True;3.225293600000441;2.1322598999831825;99.68;105.2;473.92734375;479.68359375;12.6;13;317.0546875;317.0546875
179;1;1000;499500;0.5;False;32;numpy;False;False;1.0003672998864204;0.14955720002762973;;;;;;;;
179;2;1000;499500;0.5;False;32;numpy;False;False;1.0176949000451714;0.14421399985440075;;;;;;;;
179;3;1000;499500;0.5;False;32;numpy;False;False;0.9892533000092953;0.14884699997492135;;;;;;;;
179;4;1000;499500;0.5;False;32;numpy;False;False;0.9852124000899494;0.1483750999905169;;;;;;;;
179;5;1000;499500;0.5;False;32;numpy;False;False;0.9832729999907315;0.1490969001315534;;;;;;;;
179;6;1000;499500;0.5;False;32;numpy;False;False;0.9801008999347687;0.14714579982683063;;;;;;;;
179;7;1000;499500;0.5;False;32;numpy;False;False;1.015218200162053;0.15775570017285645;;;;;;;;
179;8;1000;499500;0.5;False;32;numpy;False;False;0.9962460000533611;0.14741529989987612;;;;;;;;
179;9;1000;499500;0.5;False;32;numpy;False;False;0.98573899990879;0.14984369999729097;;;;;;;;
179;10;1000;499500;0.5;False;32;numpy;False;False;0.9854525998234749;0.15292709995992482;;;;;;;;
180;1;1000;499500;0.5;False;32;numpy;True;True;1.0217018001712859;0.18024519993923604;183.2;483.1;359.734765625;364.81640625;;;;
180;2;1000;499500;0.5;False;32;numpy;True;True;1.0242391999345273;0.1693313999567181;175.60000000000002;287.7;359.78515625;364.8671875;;;;
180;3;1000;499500;0.5;False;32;numpy;True;True;1.008354099933058;0.16573430015705526;189.69;378.4;359.84296875;364.91796875;;;;
180;4;1000;499500;0.5;False;32;numpy;True;True;1.023439999902621;0.16827280004508793;158.45999999999998;283.2;359.671484375;364.75;;;;
180;5;1000;499500;0.5;False;32;numpy;True;True;1.0080309000331908;0.16521600005216897;132.66;374.9;359.689453125;364.7734375;;;;
180;6;1000;499500;0.5;False;32;numpy;True;True;1.0017173998057842;0.1639946000650525;182.43;381.5;359.813671875;364.88671875;;;;
180;7;1000;499500;0.5;False;32;numpy;True;True;1.034700300078839;0.16520309983752668;200.62;476.6;359.53671875;364.6171875;;;;
180;8;1000;499500;0.5;False;32;numpy;True;True;1.0177296998444945;0.16420060000382364;143.04000000000002;288.0;359.7890625;364.8671875;;;;
180;9;1000;499500;0.5;False;32;numpy;True;True;1.0016252999193966;0.16347269993275404;151.45;375.3;359.52109375;364.61328125;;;;
180;10;1000;499500;0.5;False;32;numpy;True;True;1.0238210998941213;0.1922131001483649;163.39;323.2;359.81328125;364.8828125;;;;
181;1;1000;499500;0.5;False;32;cupy;False;False;3.119696600129828;2.0816252999939024;;;;;;;;
181;2;1000;499500;0.5;False;32;cupy;False;False;3.1116551000159234;2.074193999869749;;;;;;;;
181;3;1000;499500;0.5;False;32;cupy;False;False;3.1900967000983655;2.1310499000828713;;;;;;;;
181;4;1000;499500;0.5;False;32;cupy;False;False;3.1640369999222457;2.1160914001520723;;;;;;;;
181;5;1000;499500;0.5;False;32;cupy;False;False;3.1245180000551045;2.0692666000686586;;;;;;;;
181;6;1000;499500;0.5;False;32;cupy;False;False;3.1410280000418425;2.1082446998916566;;;;;;;;
181;7;1000;499500;0.5;False;32;cupy;False;False;3.1145381999667734;2.074881700100377;;;;;;;;
181;8;1000;499500;0.5;False;32;cupy;False;False;3.1480467000510544;2.090974200051278;;;;;;;;
181;9;1000;499500;0.5;False;32;cupy;False;False;3.1417755000293255;2.1040186998434365;;;;;;;;
181;10;1000;499500;0.5;False;32;cupy;False;False;3.167001999914646;2.113603000063449;;;;;;;;
182;1;1000;499500;0.5;False;32;cupy;True;True;3.204648500075564;2.1358944999519736;99.47999999999999;103.4;498.594140625;504.30078125;12.2;13;333.0546875;333.0546875
182;2;1000;499500;0.5;False;32;cupy;True;True;3.2118947999551892;2.123137200018391;98.82;101.6;498.5828125;504.2734375;10.8;13;333.0546875;333.0546875
182;3;1000;499500;0.5;False;32;cupy;True;True;3.178560000145808;2.1195705998688936;98.77000000000001;101.6;498.409765625;504.06640625;11.6;13;333.0546875;333.0546875
182;4;1000;499500;0.5;False;32;cupy;True;True;3.2027280000038445;2.1293830000795424;99.57;102.6;498.191015625;503.8046875;10.8;12;333.0546875;333.0546875
182;5;1000;499500;0.5;False;32;cupy;True;True;3.172692900057882;2.1041457999963313;99.85;102.6;497.963671875;503.5703125;11.8;13;333.0546875;333.0546875
182;6;1000;499500;0.5;False;32;cupy;True;True;3.1899786998983473;2.115146800177172;98.78999999999999;101.7;498.803515625;504.38671875;11.7;13;333.0546875;333.0546875
182;7;1000;499500;0.5;False;32;cupy;True;True;3.204592499881983;2.138871200149879;98.95000000000002;102.2;498.383203125;504.015625;10.1;12;333.0546875;333.0546875
182;8;1000;499500;0.5;False;32;cupy;True;True;3.213967500021681;2.1435851000715047;97.87;102.5;498.14140625;503.76171875;10.4;13;333.0546875;333.0546875
182;9;1000;499500;0.5;False;32;cupy;True;True;3.2020778998266906;2.1324963998049498;99.38000000000001;102.5;498.4984375;504.17578125;10.6;13;333.0546875;333.0546875
182;10;1000;499500;0.5;False;32;cupy;True;True;3.1885508000850677;2.1254725998733193;98.99999999999999;100.8;498.183203125;503.88671875;12.0;12;333.0546875;333.0546875
183;1;1000;499500;0.5;False;64;numpy;False;False;1.0342471001204103;0.1669226000085473;;;;;;;;
183;2;1000;499500;0.5;False;64;numpy;False;False;1.0012971998658031;0.15840480010956526;;;;;;;;
183;3;1000;499500;0.5;False;64;numpy;False;False;1.0197292999364436;0.15912290010601282;;;;;;;;
183;4;1000;499500;0.5;False;64;numpy;False;False;1.01875269995071;0.17129060020670295;;;;;;;;
183;5;1000;499500;0.5;False;64;numpy;False;False;0.9942244000267237;0.1464710000436753;;;;;;;;
183;6;1000;499500;0.5;False;64;numpy;False;False;1.0271590000484139;0.15108079998753965;;;;;;;;
183;7;1000;499500;0.5;False;64;numpy;False;False;0.9867135998792946;0.14767819992266595;;;;;;;;
183;8;1000;499500;0.5;False;64;numpy;False;False;1.0001550000160933;0.15210679988376796;;;;;;;;
183;9;1000;499500;0.5;False;64;numpy;False;False;0.9968546000309289;0.15180870005860925;;;;;;;;
183;10;1000;499500;0.5;False;64;numpy;False;False;1.0073131998069584;0.16006559995003045;;;;;;;;
184;1;1000;499500;0.5;False;64;numpy;True;True;1.070678099989891;0.16841969988308847;157.87;359.9;362.925;367.9921875;;;;
184;2;1000;499500;0.5;False;64;numpy;True;True;1.023532599909231;0.1731326999142766;153.44;439.0;363.583203125;368.65625;;;;
184;3;1000;499500;0.5;False;64;numpy;True;True;1.048198599833995;0.19594499981030822;215.81;383.9;363.328515625;368.40234375;;;;
184;4;1000;499500;0.5;False;64;numpy;True;True;1.026056099915877;0.16793180000968277;186.48;651.1;363.38359375;368.46484375;;;;
184;5;1000;499500;0.5;False;64;numpy;True;True;1.0306231998838484;0.1941422000527382;245.58;438.8;362.9671875;368.0625;;;;
184;6;1000;499500;0.5;False;64;numpy;True;True;1.0419727000407875;0.1739992001093924;169.54;417.4;363.421875;368.5;;;;
184;7;1000;499500;0.5;False;64;numpy;True;True;1.02424559998326;0.1804641999769956;193.82;525.8;363.6421875;368.7109375;;;;
184;8;1000;499500;0.5;False;64;numpy;True;True;1.0459116999991238;0.17432460002601147;215.95;380.1;363.30859375;368.38671875;;;;
184;9;1000;499500;0.5;False;64;numpy;True;True;1.0153340001124889;0.1678808000870049;251.21000000000004;484.2;363.70703125;368.78515625;;;;
184;10;1000;499500;0.5;False;64;numpy;True;True;1.0125404000282288;0.16601639986038208;191.20999999999998;393.8;363.396875;368.48046875;;;;
185;1;1000;499500;0.5;False;64;cupy;False;False;3.1474976998288184;2.075926500139758;;;;;;;;
185;2;1000;499500;0.5;False;64;cupy;False;False;3.1037695000413805;2.06991449999623;;;;;;;;
185;3;1000;499500;0.5;False;64;cupy;False;False;3.107273699948564;2.0598863000050187;;;;;;;;
185;4;1000;499500;0.5;False;64;cupy;False;False;3.15861969999969;2.104470399906859;;;;;;;;
185;5;1000;499500;0.5;False;64;cupy;False;False;3.1054632000159472;2.047669499879703;;;;;;;;
185;6;1000;499500;0.5;False;64;cupy;False;False;3.102760200155899;2.0498087001033127;;;;;;;;
185;7;1000;499500;0.5;False;64;cupy;False;False;3.147010500077158;2.097362000029534;;;;;;;;
185;8;1000;499500;0.5;False;64;cupy;False;False;3.1129936000797898;2.070616700220853;;;;;;;;
185;9;1000;499500;0.5;False;64;cupy;False;False;3.143174899974838;2.0783359999768436;;;;;;;;
185;10;1000;499500;0.5;False;64;cupy;False;False;3.0990692998748273;2.0643523999024183;;;;;;;;
186;1;1000;499500;0.5;False;64;cupy;True;True;3.19557710015215;2.124424000037834;99.46000000000001;103.0;469.820703125;475.44140625;13.6;14;343.0546875;343.0546875
186;2;1000;499500;0.5;False;64;cupy;True;True;3.1980371999088675;2.1386214999947697;98.87;105.4;469.758984375;475.34765625;13.4;14;343.0546875;343.0546875
186;3;1000;499500;0.5;False;64;cupy;True;True;3.1425109000410885;2.0804045000113547;99.57;103.1;469.69765625;475.33203125;13.2;14;343.0546875;343.0546875
186;4;1000;499500;0.5;False;64;cupy;True;True;3.190235099988058;2.107754500117153;100.13000000000001;102.3;469.5296875;475.1953125;13.5;14;343.0546875;343.0546875
186;5;1000;499500;0.5;False;64;cupy;True;True;3.205137100070715;2.1396385999396443;99.52;102.7;470.040625;475.75390625;12.4;14;343.0546875;343.0546875
186;6;1000;499500;0.5;False;64;cupy;True;True;3.1812116999644786;2.126191599993035;98.55;102.2;469.4078125;475.07421875;13.3;15;343.0546875;343.0546875
186;7;1000;499500;0.5;False;64;cupy;True;True;3.184533700114116;2.1218330999836326;100.29999999999998;102.4;469.79453125;475.453125;13.3;15;343.0546875;343.0546875
186;8;1000;499500;0.5;False;64;cupy;True;True;3.1576915001496673;2.0859787000808865;100.39;102.3;469.93828125;475.63671875;13.4;15;343.0546875;343.0546875
186;9;1000;499500;0.5;False;64;cupy;True;True;3.213513300055638;2.1292820998933166;99.16;101.3;469.553125;475.2109375;13.8;14;343.0546875;343.0546875
186;10;1000;499500;0.5;False;64;cupy;True;True;3.1806905001867563;2.1181743999477476;99.39;102.7;469.753125;475.37890625;13.2;14;343.0546875;343.0546875
187;1;1000;499500;0.5;True;32;numpy;False;False;1.2574581999797374;0.4103677000384778;;;;;;;;
187;2;1000;499500;0.5;True;32;numpy;False;False;1.2582342000678182;0.42006919998675585;;;;;;;;
187;3;1000;499500;0.5;True;32;numpy;False;False;1.2639315999113023;0.417104700114578;;;;;;;;
187;4;1000;499500;0.5;True;32;numpy;False;False;1.3006214001215994;0.41133140004239976;;;;;;;;
187;5;1000;499500;0.5;True;32;numpy;False;False;1.2584758999291807;0.41454539983533323;;;;;;;;
187;6;1000;499500;0.5;True;32;numpy;False;False;1.2647011000663042;0.4120777000207454;;;;;;;;
187;7;1000;499500;0.5;True;32;numpy;False;False;1.2409043998923153;0.4076082000974566;;;;;;;;
187;8;1000;499500;0.5;True;32;numpy;False;False;1.2842206000350416;0.40171279991045594;;;;;;;;
187;9;1000;499500;0.5;True;32;numpy;False;False;1.2407474000938237;0.4060364000033587;;;;;;;;
187;10;1000;499500;0.5;True;32;numpy;False;False;1.239892200101167;0.4048496000468731;;;;;;;;
188;1;1000;499500;0.5;True;32;numpy;True;True;1.2751175998710096;0.4310286999680102;98.07;111.0;360.1140625;365.19140625;;;;
188;2;1000;499500;0.5;True;32;numpy;True;True;1.2917768999468535;0.4261998999863863;99.14;111.6;359.772265625;364.84765625;;;;
188;3;1000;499500;0.5;True;32;numpy;True;True;1.2661708001978695;0.427354299928993;98.89;111.1;359.85078125;364.92578125;;;;
188;4;1000;499500;0.5;True;32;numpy;True;True;1.2644698999356478;0.4248100998811424;99.55999999999999;112.4;359.619921875;364.69921875;;;;
188;5;1000;499500;0.5;True;32;numpy;True;True;1.28172089997679;0.4270341999363154;98.92;111.7;359.85234375;364.9296875;;;;
188;6;1000;499500;0.5;True;32;numpy;True;True;1.2825205000117421;0.4271422999445349;98.94;111.3;359.888671875;364.9609375;;;;
188;7;1000;499500;0.5;True;32;numpy;True;True;1.2719718001317233;0.43463009991683066;100.83000000000001;111.1;360.0796875;365.15625;;;;
188;8;1000;499500;0.5;True;32;numpy;True;True;1.2726185000501573;0.42751019983552396;98.91;111.4;359.5296875;364.61328125;;;;
188;9;1000;499500;0.5;True;32;numpy;True;True;1.2677871999330819;0.42437739996239543;95.95;113.1;360.10234375;365.1796875;;;;
188;10;1000;499500;0.5;True;32;numpy;True;True;1.3071973000187427;0.42595170019194484;99.3;111.4;359.894921875;364.98046875;;;;
189;1;1000;499500;0.5;True;32;cupy;False;False;3.191413199994713;2.121763400034979;;;;;;;;
189;2;1000;499500;0.5;True;32;cupy;False;False;3.2393076999578625;2.147301899967715;;;;;;;;
189;3;1000;499500;0.5;True;32;cupy;False;False;3.1936249998398125;2.1246845999266952;;;;;;;;
189;4;1000;499500;0.5;True;32;cupy;False;False;3.174291400006041;2.0942934998311102;;;;;;;;
189;5;1000;499500;0.5;True;32;cupy;False;False;3.1790767000056803;2.10729209985584;;;;;;;;
189;6;1000;499500;0.5;True;32;cupy;False;False;3.257949500111863;2.1455857001710683;;;;;;;;
189;7;1000;499500;0.5;True;32;cupy;False;False;3.213648699922487;2.103956500068307;;;;;;;;
189;8;1000;499500;0.5;True;32;cupy;False;False;3.2323360999580473;2.14895679987967;;;;;;;;
189;9;1000;499500;0.5;True;32;cupy;False;False;3.1369692999869585;2.062637400114909;;;;;;;;
189;10;1000;499500;0.5;True;32;cupy;False;False;3.171683300053701;2.088052999926731;;;;;;;;
190;1;1000;499500;0.5;True;32;cupy;True;True;3.2565503001678735;2.150065200170502;99.56000000000002;105.2;469.52890625;475.1796875;11.9;13;313.0546875;313.0546875
190;2;1000;499500;0.5;True;32;cupy;True;True;3.227600899990648;2.134378500049934;100.4;106.4;470.19296875;475.80859375;11.8;13;313.0546875;313.0546875
190;3;1000;499500;0.5;True;32;cupy;True;True;3.2790102001745254;2.1603978001512587;99.11999999999999;104.3;469.59765625;475.19140625;10.2;12;313.0546875;313.0546875
190;4;1000;499500;0.5;True;32;cupy;True;True;3.223583299899474;2.1241040001623333;99.69999999999999;106.5;468.89375;474.4453125;12.7;13;313.0546875;313.0546875
190;5;1000;499500;0.5;True;32;cupy;True;True;3.2406727999914438;2.10799719998613;99.69;106.3;469.3078125;474.859375;11.5;13;313.0546875;313.0546875
190;6;1000;499500;0.5;True;32;cupy;True;True;3.240995700005442;2.15422789985314;100.25;104.8;469.63671875;475.19921875;12.3;13;313.0546875;313.0546875
190;7;1000;499500;0.5;True;32;cupy;True;True;3.248783800052479;2.1291362000629306;98.69999999999999;105.3;469.448828125;475.125;10.8;13;313.0546875;313.0546875
190;8;1000;499500;0.5;True;32;cupy;True;True;3.256351500051096;2.164723000023514;99.71000000000001;104.1;469.44375;475.0234375;12.0;12;313.0546875;313.0546875
190;9;1000;499500;0.5;True;32;cupy;True;True;3.267804600065574;2.165384399937466;99.00000000000001;104.5;469.786328125;475.4375;10.0;12;313.0546875;313.0546875
190;10;1000;499500;0.5;True;32;cupy;True;True;3.255978500004858;2.1493798000738025;100.38000000000001;104.3;469.543359375;475.13671875;11.9;13;313.0546875;313.0546875
191;1;1000;499500;0.5;True;64;numpy;False;False;1.2485342000145465;0.40548100019805133;;;;;;;;
191;2;1000;499500;0.5;True;64;numpy;False;False;1.268401199951768;0.41768430010415614;;;;;;;;
191;3;1000;499500;0.5;True;64;numpy;False;False;1.2460473999381065;0.41248829988762736;;;;;;;;
191;4;1000;499500;0.5;True;64;numpy;False;False;1.2323430001270026;0.4029924999922514;;;;;;;;
191;5;1000;499500;0.5;True;64;numpy;False;False;1.2353169999551028;0.4014159000944346;;;;;;;;
191;6;1000;499500;0.5;True;64;numpy;False;False;1.2677978000137955;0.40900730015709996;;;;;;;;
191;7;1000;499500;0.5;True;64;numpy;False;False;1.231092399917543;0.40319059998728335;;;;;;;;
191;8;1000;499500;0.5;True;64;numpy;False;False;1.2462584001477808;0.39658110006712377;;;;;;;;
191;9;1000;499500;0.5;True;64;numpy;False;False;1.257484900066629;0.4208012998569757;;;;;;;;
191;10;1000;499500;0.5;True;64;numpy;False;False;1.2659676999319345;0.41218470013700426;;;;;;;;
192;1;1000;499500;0.5;True;64;numpy;True;True;1.2777568001765758;0.4395598000846803;99.72;108.3;361.73515625;366.8125;;;;
192;2;1000;499500;0.5;True;64;numpy;True;True;1.272194900084287;0.4255570999812335;99.21000000000001;110.8;361.541796875;366.609375;;;;
192;3;1000;499500;0.5;True;64;numpy;True;True;1.2930560000240803;0.4476881001610309;98.18999999999998;107.1;361.96640625;367.0390625;;;;
192;4;1000;499500;0.5;True;64;numpy;True;True;1.3039211998693645;0.4512052999343723;97.24;106.1;362.079296875;367.15625;;;;
192;5;1000;499500;0.5;True;64;numpy;True;True;1.284484899835661;0.4282196999993175;98.75;112.2;361.85078125;366.921875;;;;
192;6;1000;499500;0.5;True;64;numpy;True;True;1.260978400008753;0.42633940000087023;102.83;111.0;361.748046875;366.82421875;;;;
192;7;1000;499500;0.5;True;64;numpy;True;True;1.2680544001050293;0.4362626997753978;100.50999999999999;108.9;362.115234375;367.1953125;;;;
192;8;1000;499500;0.5;True;64;numpy;True;True;1.3004982999991626;0.45218619983643293;100.46;106.9;361.676953125;366.75390625;;;;
192;9;1000;499500;0.5;True;64;numpy;True;True;1.2607057997956872;0.42252049990929663;100.25;113.5;361.5;366.57421875;;;;
192;10;1000;499500;0.5;True;64;numpy;True;True;1.2727047998923808;0.425693399971351;99.28;111.3;361.967578125;367.05078125;;;;
193;1;1000;499500;0.5;True;64;cupy;False;False;3.1837430000305176;2.0965556998271495;;;;;;;;
193;2;1000;499500;0.5;True;64;cupy;False;False;3.1872823999729007;2.107184999855235;;;;;;;;
193;3;1000;499500;0.5;True;64;cupy;False;False;3.1999621000140905;2.115020199911669;;;;;;;;
193;4;1000;499500;0.5;True;64;cupy;False;False;3.225667299935594;2.142133800080046;;;;;;;;
193;5;1000;499500;0.5;True;64;cupy;False;False;3.1866802000440657;2.108073699986562;;;;;;;;
193;6;1000;499500;0.5;True;64;cupy;False;False;3.197569099953398;2.12684249994345;;;;;;;;
193;7;1000;499500;0.5;True;64;cupy;False;False;3.179434899939224;2.1043519000522792;;;;;;;;
193;8;1000;499500;0.5;True;64;cupy;False;False;3.2283449000678957;2.1061986999120563;;;;;;;;
193;9;1000;499500;0.5;True;64;cupy;False;False;3.185535800177604;2.102812699973583;;;;;;;;
193;10;1000;499500;0.5;True;64;cupy;False;False;3.1784408998209983;2.112385499989614;;;;;;;;
194;1;1000;499500;0.5;True;64;cupy;True;True;3.240175300044939;2.1184329001698643;98.9;106.5;477.525390625;483.26171875;13.8;14;321.0546875;321.0546875
194;2;1000;499500;0.5;True;64;cupy;True;True;3.2285780999809504;2.1362613001838326;98.35;106.7;477.4625;483.13671875;12.4;14;321.0546875;321.0546875
194;3;1000;499500;0.5;True;64;cupy;True;True;3.2531730998307467;2.152058199979365;96.91999999999999;104.4;477.8296875;483.49609375;13.0;14;321.0546875;321.0546875
194;4;1000;499500;0.5;True;64;cupy;True;True;3.2900348000694066;2.189116599969566;97.74000000000001;105.2;477.7796875;483.38671875;11.9;14;321.0546875;321.0546875
194;5;1000;499500;0.5;True;64;cupy;True;True;3.2440712000243366;2.1258392999880016;98.84;104.8;477.717578125;483.37890625;13.7;14;321.0546875;321.0546875
194;6;1000;499500;0.5;True;64;cupy;True;True;3.2483179999981076;2.124679100001231;99.89999999999999;105.5;477.782421875;483.3984375;12.7;14;321.0546875;321.0546875
194;7;1000;499500;0.5;True;64;cupy;True;True;3.2631487001199275;2.141300000017509;100.10999999999999;105.6;477.8515625;483.5234375;13.4;14;321.0546875;321.0546875
194;8;1000;499500;0.5;True;64;cupy;True;True;3.2337275999598205;2.1515856999903917;98.94;105.3;478.001171875;483.6015625;13.0;14;321.0546875;321.0546875
194;9;1000;499500;0.5;True;64;cupy;True;True;3.3155227000825107;2.156679900130257;98.96000000000001;104.6;477.92734375;483.53125;12.9;14;321.0546875;321.0546875
194;10;1000;499500;0.5;True;64;cupy;True;True;3.288406599778682;2.18789210007526;98.6;105.7;478.109375;483.87109375;11.7;14;321.0546875;321.0546875
195;1;1000;999000;1;False;32;numpy;False;False;0.9925826000981033;0.14959020004607737;;;;;;;;
195;2;1000;999000;1;False;32;numpy;False;False;1.0031190000008792;0.16009870008565485;;;;;;;;
195;3;1000;999000;1;False;32;numpy;False;False;0.9942999999038875;0.15624579996801913;;;;;;;;
195;4;1000;999000;1;False;32;numpy;False;False;0.9885226001497358;0.14715999993495643;;;;;;;;
195;5;1000;999000;1;False;32;numpy;False;False;1.0169107001274824;0.15118460007943213;;;;;;;;
195;6;1000;999000;1;False;32;numpy;False;False;1.0068783999886364;0.150494699832052;;;;;;;;
195;7;1000;999000;1;False;32;numpy;False;False;0.9917244999669492;0.15566490008495748;;;;;;;;
195;8;1000;999000;1;False;32;numpy;False;False;0.9982429998926818;0.15587450005114079;;;;;;;;
195;9;1000;999000;1;False;32;numpy;False;False;0.9974903999827802;0.1518186000175774;;;;;;;;
195;10;1000;999000;1;False;32;numpy;False;False;1.0017223998438567;0.14762119995430112;;;;;;;;
196;1;1000;999000;1;False;32;numpy;True;True;1.01605340000242;0.17055099993012846;208.57;419.2;359.12421875;364.609375;;;;
196;2;1000;999000;1;False;32;numpy;True;True;1.0312136001884937;0.17259349999949336;181.05;360.2;359.144921875;364.625;;;;
196;3;1000;999000;1;False;32;numpy;True;True;1.0065024001523852;0.17035840009339154;164.62;368.3;359.187890625;364.26953125;;;;
196;4;1000;999000;1;False;32;numpy;True;True;1.0398212999571115;0.1844766999129206;251.65;723.0;359.049609375;364.51953125;;;;
196;5;1000;999000;1;False;32;numpy;True;True;1.0356609001755714;0.16255629993975163;192.08;384.2;358.75390625;364.24609375;;;;
196;6;1000;999000;1;False;32;numpy;True;True;1.0232915000524372;0.16555269993841648;171.34;300.4;359.490234375;364.5703125;;;;
196;7;1000;999000;1;False;32;numpy;True;True;1.003715500002727;0.16627930011600256;148.66000000000003;276.5;359.565625;364.640625;;;;
196;8;1000;999000;1;False;32;numpy;True;True;1.0206911999266595;0.17954719997942448;131.17;227.0;359.64453125;364.7265625;;;;
196;9;1000;999000;1;False;32;numpy;True;True;1.0645779001060873;0.1940597000066191;233.42;425.7;359.1828125;364.66015625;;;;
196;10;1000;999000;1;False;32;numpy;True;True;1.0276546999812126;0.1651349999010563;170.48999999999998;289.3;359.68125;364.75;;;;
197;1;1000;999000;1;False;32;cupy;False;False;3.1037129000760615;2.0629212001804262;;;;;;;;
197;2;1000;999000;1;False;32;cupy;False;False;3.11826129979454;2.0799197000451386;;;;;;;;
197;3;1000;999000;1;False;32;cupy;False;False;3.068872799864039;2.0222201000433415;;;;;;;;
197;4;1000;999000;1;False;32;cupy;False;False;3.1149619999341667;2.0620327000506222;;;;;;;;
197;5;1000;999000;1;False;32;cupy;False;False;3.130115499952808;2.0842910998035222;;;;;;;;
197;6;1000;999000;1;False;32;cupy;False;False;3.0793486000038683;2.03290559980087;;;;;;;;
197;7;1000;999000;1;False;32;cupy;False;False;3.090186099987477;2.0594891000073403;;;;;;;;
197;8;1000;999000;1;False;32;cupy;False;False;3.1415961000602692;2.080230899853632;;;;;;;;
197;9;1000;999000;1;False;32;cupy;False;False;3.129191800020635;2.051041299942881;;;;;;;;
197;10;1000;999000;1;False;32;cupy;False;False;3.087192399892956;2.0407744999974966;;;;;;;;
198;1;1000;999000;1;False;32;cupy;True;True;3.147475500125438;2.090258500073105;100.20000000000002;103.5;507.826171875;513.421875;11.5;13;343.0546875;343.0546875
198;2;1000;999000;1;False;32;cupy;True;True;3.1640820000320673;2.110795699991286;98.93;105.0;507.972265625;513.625;10.8;12;343.0546875;343.0546875
198;3;1000;999000;1;False;32;cupy;True;True;3.160311299841851;2.1058751000091434;99.79;103.0;508.065234375;513.76171875;10.7;13;343.0546875;343.0546875
198;4;1000;999000;1;False;32;cupy;True;True;3.1784688998013735;2.102266800124198;99.75;101.9;507.967578125;513.6171875;11.0;13;343.0546875;343.0546875
198;5;1000;999000;1;False;32;cupy;True;True;3.1901823000516742;2.131398000055924;99.75000000000001;103.6;508.6125;514.24609375;11.1;13;343.0546875;343.0546875
198;6;1000;999000;1;False;32;cupy;True;True;3.193476399872452;2.1269807000644505;99.20000000000002;101.5;507.9375;513.56640625;11.2;13;343.0546875;343.0546875
198;7;1000;999000;1;False;32;cupy;True;True;3.2062520999461412;2.143281500088051;99.16999999999999;101.0;508.258203125;513.91796875;12.3;13;343.0546875;343.0546875
198;8;1000;999000;1;False;32;cupy;True;True;3.210349400062114;2.1545625999569893;100.08;103.3;507.93828125;513.61328125;11.1;12;343.0546875;343.0546875
198;9;1000;999000;1;False;32;cupy;True;True;3.190172200091183;2.109878099989146;99.39;107.0;508.2625;513.89453125;11.2;13;343.0546875;343.0546875
198;10;1000;999000;1;False;32;cupy;True;True;3.217433199984953;2.1336642999667674;99.81;103.8;508.391015625;514.10546875;11.1;13;343.0546875;343.0546875
199;1;1000;999000;1;False;64;numpy;False;False;0.9911744999699295;0.15627839998342097;;;;;;;;
199;2;1000;999000;1;False;64;numpy;False;False;0.9985109998378903;0.1605698000639677;;;;;;;;
199;3;1000;999000;1;False;64;numpy;False;False;0.997009800048545;0.1530475001782179;;;;;;;;
199;4;1000;999000;1;False;64;numpy;False;False;1.0270670000463724;0.16872800001874566;;;;;;;;
199;5;1000;999000;1;False;64;numpy;False;False;0.9982988000847399;0.16064210003241897;;;;;;;;
199;6;1000;999000;1;False;64;numpy;False;False;1.0038830998819321;0.1566874000709504;;;;;;;;
199;7;1000;999000;1;False;64;numpy;False;False;1.0010756999254227;0.158088400028646;;;;;;;;
199;8;1000;999000;1;False;64;numpy;False;False;1.0384577999357134;0.1704162999521941;;;;;;;;
199;9;1000;999000;1;False;64;numpy;False;False;1.034744700184092;0.1691801999695599;;;;;;;;
199;10;1000;999000;1;False;64;numpy;False;False;1.0004901001229882;0.162098899949342;;;;;;;;
200;1;1000;999000;1;False;64;numpy;True;True;1.0223024000879377;0.17438540002331138;225.45;440.8;362.919140625;368.3984375;;;;
200;2;1000;999000;1;False;64;numpy;True;True;1.046189800137654;0.19126989995129406;231.07;543.5;362.9515625;368.41796875;;;;
200;3;1000;999000;1;False;64;numpy;True;True;1.0244513000361621;0.18435760005377233;328.58000000000004;675.3;362.987109375;368.45703125;;;;
200;4;1000;999000;1;False;64;numpy;True;True;1.0624998998828232;0.2058822000399232;287.07;546.0;363.151171875;368.625;;;;
200;5;1000;999000;1;False;64;numpy;True;True;1.0410537000279874;0.19678910006769001;263.33;534.4;363.269921875;368.74609375;;;;
200;6;1000;999000;1;False;64;numpy;True;True;1.0205386001616716;0.16952860006131232;224.44;399.2;362.86953125;368.33984375;;;;
200;7;1000;999000;1;False;64;numpy;True;True;1.0236561000347137;0.18197189993225038;166.79999999999998;369.4;363.425390625;368.50390625;;;;
200;8;1000;999000;1;False;64;numpy;True;True;1.0239530000835657;0.184704199898988;208.3;545.1;363.08515625;368.55859375;;;;
200;9;1000;999000;1;False;64;numpy;True;True;1.065086100017652;0.18923199991695583;190.42000000000002;585.2;362.816015625;368.28515625;;;;
200;10;1000;999000;1;False;64;numpy;True;True;1.0329927999991924;0.1898195999674499;192.39;363.8;363.1109375;368.19140625;;;;
201;1;1000;999000;1;False;64;cupy;False;False;3.101069899974391;2.0671053999103606;;;;;;;;
201;2;1000;999000;1;False;64;cupy;False;False;3.1045474999118596;2.034349200082943;;;;;;;;
201;3;1000;999000;1;False;64;cupy;False;False;3.1222653998993337;2.081763899885118;;;;;;;;
201;4;1000;999000;1;False;64;cupy;False;False;3.0471830000169575;2.0117546999827027;;;;;;;;
201;5;1000;999000;1;False;64;cupy;False;False;3.088687499985099;2.0513227998744696;;;;;;;;
201;6;1000;999000;1;False;64;cupy;False;False;3.086669299984351;2.028723199851811;;;;;;;;
201;7;1000;999000;1;False;64;cupy;False;False;3.1159488998819143;2.0582987999077886;;;;;;;;
201;8;1000;999000;1;False;64;cupy;False;False;3.075145399896428;2.043389600003138;;;;;;;;
201;9;1000;999000;1;False;64;cupy;False;False;3.073185699991882;2.047341800061986;;;;;;;;
201;10;1000;999000;1;False;64;cupy;False;False;3.11111590010114;2.0641111000441015;;;;;;;;
202;1;1000;999000;1;False;64;cupy;True;True;3.1604953000787646;2.079160900088027;99.23;103.7;469.287109375;474.96875;12.8;14;359.0546875;359.0546875
202;2;1000;999000;1;False;64;cupy;True;True;3.1668130001053214;2.088592799846083;99.53;102.8;469.263671875;474.9375;12.9;15;359.0546875;359.0546875
202;3;1000;999000;1;False;64;cupy;True;True;3.1353611999657005;2.0826878000516444;98.06;103.8;469.0328125;474.66015625;12.2;14;359.0546875;359.0546875
202;4;1000;999000;1;False;64;cupy;True;True;3.1707204999402165;2.1112814999651164;99.93;102.8;469.60234375;475.32421875;13.6;14;359.0546875;359.0546875
202;5;1000;999000;1;False;64;cupy;True;True;3.157343199942261;2.089388099964708;98.30999999999999;101.4;469.534375;475.19140625;13.1;15;359.0546875;359.0546875
202;6;1000;999000;1;False;64;cupy;True;True;3.1505659001413733;2.076646599918604;97.63;101.5;469.434765625;475.16015625;12.2;14;359.0546875;359.0546875
202;7;1000;999000;1;False;64;cupy;True;True;3.1780664999969304;2.0983897999394685;99.05999999999999;102.3;469.59921875;475.24609375;13.0;14;359.0546875;359.0546875
202;8;1000;999000;1;False;64;cupy;True;True;3.141907500103116;2.085204199887812;99.87;105.1;469.871875;475.58203125;13.6;15;359.0546875;359.0546875
202;9;1000;999000;1;False;64;cupy;True;True;3.1243265999946743;2.0743138999678195;99.53999999999999;101.6;469.87734375;475.57421875;12.4;14;359.0546875;359.0546875
202;10;1000;999000;1;False;64;cupy;True;True;3.17597179999575;2.1067277998663485;99.79;101.7;469.3890625;475.02734375;13.6;14;359.0546875;359.0546875
203;1;1000;999000;1;True;32;numpy;False;False;1.623296600067988;0.7852694999892265;;;;;;;;
203;2;1000;999000;1;True;32;numpy;False;False;1.641659599961713;0.793848600005731;;;;;;;;
203;3;1000;999000;1;True;32;numpy;False;False;1.6216416999232024;0.7830032000783831;;;;;;;;
203;4;1000;999000;1;True;32;numpy;False;False;1.6098189000040293;0.7761841001920402;;;;;;;;
203;5;1000;999000;1;True;32;numpy;False;False;1.6393554001115263;0.7872842999640852;;;;;;;;
203;6;1000;999000;1;True;32;numpy;False;False;1.6245061999652535;0.7779533001594245;;;;;;;;
203;7;1000;999000;1;True;32;numpy;False;False;1.6237864000722766;0.7815417000092566;;;;;;;;
203;8;1000;999000;1;True;32;numpy;False;False;1.6284396999981254;0.7962795998901129;;;;;;;;
203;9;1000;999000;1;True;32;numpy;False;False;1.6489206000696868;0.7684164000675082;;;;;;;;
203;10;1000;999000;1;True;32;numpy;False;False;1.6274612999986857;0.7891058998648077;;;;;;;;
204;1;1000;999000;1;True;32;numpy;True;True;1.6561483000405133;0.8094174000434577;98.69000000000001;117.7;362.93515625;368.41015625;;;;
204;2;1000;999000;1;True;32;numpy;True;True;1.6933077999856323;0.8186220999341458;97.52000000000001;114.4;363.101953125;368.18359375;;;;
204;3;1000;999000;1;True;32;numpy;True;True;1.6630047999788076;0.8201156000141054;99.15;115.1;363.01015625;368.09375;;;;
204;4;1000;999000;1;True;32;numpy;True;True;1.652025500079617;0.8117476000916213;100.26000000000002;116.7;362.875390625;367.953125;;;;
204;5;1000;999000;1;True;32;numpy;True;True;1.6801281000953168;0.8175341000314802;101.55999999999999;116.3;363.0265625;368.10546875;;;;
204;6;1000;999000;1;True;32;numpy;True;True;1.6507900999858975;0.8134268000721931;98.16999999999999;117.3;363.151953125;368.21875;;;;
204;7;1000;999000;1;True;32;numpy;True;True;1.6618663999252021;0.8241081000305712;100.59;115.4;363.265234375;368.359375;;;;
204;8;1000;999000;1;True;32;numpy;True;True;1.6711267998907715;0.8159254000056535;97.94;116.7;363.234375;368.30859375;;;;
204;9;1000;999000;1;True;32;numpy;True;True;1.650631499942392;0.8078005998395383;98.8;116.4;362.7375;368.2109375;;;;
204;10;1000;999000;1;True;32;numpy;True;True;1.6532615998294204;0.8160831998102367;99.69999999999999;114.6;363.096484375;368.18359375;;;;
205;1;1000;999000;1;True;32;cupy;False;False;3.1650835999753326;2.086196499876678;;;;;;;;
205;2;1000;999000;1;True;32;cupy;False;False;3.156365899834782;2.0791406000498682;;;;;;;;
205;3;1000;999000;1;True;32;cupy;False;False;3.135192299960181;2.0703765000216663;;;;;;;;
205;4;1000;999000;1;True;32;cupy;False;False;3.153805400012061;2.0846380998846143;;;;;;;;
205;5;1000;999000;1;True;32;cupy;False;False;3.1173940000589937;2.058071000035852;;;;;;;;
205;6;1000;999000;1;True;32;cupy;False;False;3.170004499843344;2.0759505999740213;;;;;;;;
205;7;1000;999000;1;True;32;cupy;False;False;3.179449000163004;2.1129577001556754;;;;;;;;
205;8;1000;999000;1;True;32;cupy;False;False;3.179839299991727;2.1050299999769777;;;;;;;;
205;9;1000;999000;1;True;32;cupy;False;False;3.2121122002135962;2.13576400000602;;;;;;;;
205;10;1000;999000;1;True;32;cupy;False;False;3.203573500039056;2.101720100035891;;;;;;;;
206;1;1000;999000;1;True;32;cupy;True;True;3.2166093001142144;2.119162500137463;100.39000000000001;104.7;467.6390625;473.30859375;12.5;14;317.0546875;317.0546875
206;2;1000;999000;1;True;32;cupy;True;True;3.2320302000734955;2.1393714998848736;100.16;104.2;467.6890625;473.30078125;12.8;13;317.0546875;317.0546875
206;3;1000;999000;1;True;32;cupy;True;True;3.2119257000740618;2.116171000059694;99.28999999999999;105.2;467.834765625;473.484375;12.4;13;317.0546875;317.0546875
206;4;1000;999000;1;True;32;cupy;True;True;3.2326179000083357;2.1120120000559837;99.29999999999998;106.1;466.923828125;472.53125;12.8;13;317.0546875;317.0546875
206;5;1000;999000;1;True;32;cupy;True;True;3.2295982998330146;2.1322623998858035;99.25;105.2;468.1125;473.73046875;11.9;13;317.0546875;317.0546875
206;6;1000;999000;1;True;32;cupy;True;True;3.2211148999631405;2.11710870009847;99.05999999999999;105.4;467.515234375;473.125;13.0;13;317.0546875;317.0546875
206;7;1000;999000;1;True;32;cupy;True;True;3.2179448001552373;2.126361300004646;98.9;106.1;467.516796875;473.1640625;11.2;13;317.0546875;317.0546875
206;8;1000;999000;1;True;32;cupy;True;True;3.228724699933082;2.088650800054893;99.59;106.0;467.43203125;473.08203125;13.0;13;317.0546875;317.0546875
206;9;1000;999000;1;True;32;cupy;True;True;3.2087743999436498;2.1069381998386234;98.95000000000002;106.7;467.58515625;473.203125;12.6;13;317.0546875;317.0546875
206;10;1000;999000;1;True;32;cupy;True;True;3.2410476999357343;2.1440745999570936;98.71000000000001;104.5;467.465625;473.04296875;12.4;14;317.0546875;317.0546875
207;1;1000;999000;1;True;64;numpy;False;False;1.6323691001161933;0.7907977001741529;;;;;;;;
207;2;1000;999000;1;True;64;numpy;False;False;1.6384233001153916;0.7958958002272993;;;;;;;;
207;3;1000;999000;1;True;64;numpy;False;False;1.6661029998213053;0.8052410001400858;;;;;;;;
207;4;1000;999000;1;True;64;numpy;False;False;1.640951600158587;0.8112781001254916;;;;;;;;
207;5;1000;999000;1;True;64;numpy;False;False;1.6245438000187278;0.7946108002215624;;;;;;;;
207;6;1000;999000;1;True;64;numpy;False;False;1.665924800094217;0.8009748999029398;;;;;;;;
207;7;1000;999000;1;True;64;numpy;False;False;1.621557499980554;0.785849500214681;;;;;;;;
207;8;1000;999000;1;True;64;numpy;False;False;1.6283487000036985;0.8005264000967145;;;;;;;;
207;9;1000;999000;1;True;64;numpy;False;False;1.650101900100708;0.8153523998335004;;;;;;;;
207;10;1000;999000;1;True;64;numpy;False;False;1.631486700149253;0.7966378000564873;;;;;;;;
208;1;1000;999000;1;True;64;numpy;True;True;1.6868650000542402;0.8313355999998748;99.73999999999998;113.3;367.58203125;372.66015625;;;;
208;2;1000;999000;1;True;64;numpy;True;True;1.7107285999227315;0.8681294999551028;99.08000000000001;110.2;366.603515625;372.09375;;;;
208;3;1000;999000;1;True;64;numpy;True;True;1.6749706999398768;0.8388443000148982;100.76;112.6;367.165234375;372.23828125;;;;
208;4;1000;999000;1;True;64;numpy;True;True;1.6790628000162542;0.842711600009352;100.28;112.8;366.19765625;371.66015625;;;;
208;5;1000;999000;1;True;64;numpy;True;True;1.7034328998997808;0.8485857001505792;96.01000000000002;113.5;366.25703125;371.7421875;;;;
208;6;1000;999000;1;True;64;numpy;True;True;1.6836467999964952;0.8280001000966877;100.16000000000001;114.6;366.851953125;371.921875;;;;
208;7;1000;999000;1;True;64;numpy;True;True;1.6858944001141936;0.8373059998266399;100.97;114.6;366.424609375;371.8984375;;;;
208;8;1000;999000;1;True;64;numpy;True;True;1.702415799954906;0.8515973000321537;97.48;112.5;366.616796875;372.08984375;;;;
208;9;1000;999000;1;True;64;numpy;True;True;1.6692478999029845;0.8307024000678211;101.92;115.4;366.49140625;371.97265625;;;;
208;10;1000;999000;1;True;64;numpy;True;True;1.6869701999239624;0.8309130999259651;99.84;113.3;366.699609375;372.1953125;;;;
209;1;1000;999000;1;True;64;cupy;False;False;3.1653710999526083;2.0954507999122143;;;;;;;;
209;2;1000;999000;1;True;64;cupy;False;False;3.130151999881491;2.0631976001895964;;;;;;;;
209;3;1000;999000;1;True;64;cupy;False;False;3.1608225000090897;2.0712941999081522;;;;;;;;
209;4;1000;999000;1;True;64;cupy;False;False;3.2036615000106394;2.1063562999479473;;;;;;;;
209;5;1000;999000;1;True;64;cupy;False;False;3.160092700039968;2.083438899833709;;;;;;;;
209;6;1000;999000;1;True;64;cupy;False;False;3.2034424000885338;2.127525700023398;;;;;;;;
209;7;1000;999000;1;True;64;cupy;False;False;3.1692958001513034;2.0958404999691993;;;;;;;;
209;8;1000;999000;1;True;64;cupy;False;False;3.1448309998959303;2.076336700003594;;;;;;;;
209;9;1000;999000;1;True;64;cupy;False;False;3.1584858000278473;2.0826616999693215;;;;;;;;
209;10;1000;999000;1;True;64;cupy;False;False;3.13520050002262;2.0688963001593947;;;;;;;;
210;1;1000;999000;1;True;64;cupy;True;True;3.2522942000068724;2.1093399000819772;99.31;106.5;475.741015625;481.4453125;14.6;15;325.0546875;325.0546875
210;2;1000;999000;1;True;64;cupy;True;True;3.1970854999963194;2.0991895000915974;99.85999999999999;105.3;475.493359375;481.16015625;14.2;15;325.0546875;325.0546875
210;3;1000;999000;1;True;64;cupy;True;True;3.2323473999276757;2.1221564000006765;99.28;106.6;475.608203125;481.2890625;14.4;15;325.0546875;325.0546875
210;4;1000;999000;1;True;64;cupy;True;True;3.2566415001638234;2.1646759998984635;99.73;104.7;475.75546875;481.47265625;13.7;15;325.0546875;325.0546875
210;5;1000;999000;1;True;64;cupy;True;True;3.241252199979499;2.1401351001113653;98.73;105.1;475.403515625;481.0390625;14.7;15;325.0546875;325.0546875
210;6;1000;999000;1;True;64;cupy;True;True;3.237386800115928;2.1127972002141178;99.88;104.6;475.402734375;481.04296875;12.6;15;325.0546875;325.0546875
210;7;1000;999000;1;True;64;cupy;True;True;3.2306605000048876;2.1277163000777364;100.03;105.4;476.182421875;481.8125;14.4;15;325.0546875;325.0546875
210;8;1000;999000;1;True;64;cupy;True;True;3.2677549000363797;2.1748153001535684;98.61;104.8;475.131640625;480.7734375;12.8;15;325.0546875;325.0546875
210;9;1000;999000;1;True;64;cupy;True;True;3.225659899879247;2.103558799950406;97.84;105.9;476.3859375;482.09375;15.0;15;325.0546875;325.0546875
210;10;1000;999000;1;True;64;cupy;True;True;3.260657399892807;2.145550100132823;97.77;103.8;475.426953125;481.0078125;12.3;15;325.0546875;325.0546875
211;1;10000;0;0;False;32;numpy;False;False;16.64931680005975;15.519015199970454;;;;;;;;
211;2;10000;0;0;False;32;numpy;False;False;16.681340200128034;15.52510379999876;;;;;;;;
211;3;10000;0;0;False;32;numpy;False;False;16.71947680017911;15.554612200008705;;;;;;;;
211;4;10000;0;0;False;32;numpy;False;False;16.760891699930653;15.559517199872062;;;;;;;;
211;5;10000;0;0;False;32;numpy;False;False;16.72205189988017;15.569579700008035;;;;;;;;
211;6;10000;0;0;False;32;numpy;False;False;16.74847920006141;15.574017399922013;;;;;;;;
211;7;10000;0;0;False;32;numpy;False;False;16.700326000107452;15.546793799847364;;;;;;;;
211;8;10000;0;0;False;32;numpy;False;False;16.697902999818325;15.537243500119075;;;;;;;;
211;9;10000;0;0;False;32;numpy;False;False;16.66428290004842;15.504695100011304;;;;;;;;
211;10;10000;0;0;False;32;numpy;False;False;16.869802000001073;15.664795099990442;;;;;;;;
212;1;10000;0;0;False;32;numpy;True;True;17.244270999915898;15.975686900084838;1050.1299999999997;1166.4;867.07734375;922.82421875;;;;
212;2;10000;0;0;False;32;numpy;True;True;16.920894199982285;15.626107200048864;1312.09;1418.3;866.998046875;922.734375;;;;
212;3;10000;0;0;False;32;numpy;True;True;16.83096619998105;15.669376399833709;1108.75;1371.6;867.16796875;922.91015625;;;;
212;4;10000;0;0;False;32;numpy;True;True;16.816598300123587;15.662300999974832;1181.39;1374.1;867.00234375;922.69140625;;;;
212;5;10000;0;0;False;32;numpy;True;True;16.899768499890342;15.727391100022942;1200.11;1394.1;867.02578125;922.7421875;;;;
212;6;10000;0;0;False;32;numpy;True;True;16.85169790009968;15.690409400034696;1028.1999999999998;1374.9;867.1984375;922.94921875;;;;
212;7;10000;0;0;False;32;numpy;True;True;16.83238339982927;15.681509300135076;1099.0300000000002;1372.6;867.09921875;922.84375;;;;
212;8;10000;0;0;False;32;numpy;True;True;16.8111627001781;15.672006899956614;1253.55;1372.9;867.1109375;922.83203125;;;;
212;9;10000;0;0;False;32;numpy;True;True;16.8295048000291;15.688446699874476;1240.65;1386.2;867.405859375;923.14453125;;;;
212;10;10000;0;0;False;32;numpy;True;True;16.82414839998819;15.6868753999006;1125.4;1423.6;867.2296875;922.94921875;;;;
213;1;10000;0;0;False;32;cupy;False;False;4.878337499918416;3.8072885000146925;;;;;;;;
213;2;10000;0;0;False;32;cupy;False;False;4.825679900124669;3.7739355999510735;;;;;;;;
213;3;10000;0;0;False;32;cupy;False;False;4.840162200154737;3.774419399909675;;;;;;;;
213;4;10000;0;0;False;32;cupy;False;False;4.86821290012449;3.8232812001369894;;;;;;;;
213;5;10000;0;0;False;32;cupy;False;False;4.86257110000588;3.8048708999995142;;;;;;;;
213;6;10000;0;0;False;32;cupy;False;False;4.831265199929476;3.780036099953577;;;;;;;;
213;7;10000;0;0;False;32;cupy;False;False;4.877569900127128;3.8186262999661267;;;;;;;;
213;8;10000;0;0;False;32;cupy;False;False;4.905346099985763;3.8465683001559228;;;;;;;;
213;9;10000;0;0;False;32;cupy;False;False;4.866756199859083;3.802072999998927;;;;;;;;
213;10;10000;0;0;False;32;cupy;False;False;4.874607700156048;3.814257200108841;;;;;;;;
214;1;10000;0;0;False;32;cupy;True;True;4.918780199950561;3.839612500043586;98.58;101.1;670.171484375;726.02734375;61.7;64;979.0546875;979.0546875
214;2;10000;0;0;False;32;cupy;True;True;4.9307552999816835;3.859886000165716;98.69;100.6;669.50390625;725.3984375;62.8;64;979.0546875;979.0546875
214;3;10000;0;0;False;32;cupy;True;True;4.958151100203395;3.839956099865958;99.41;101.8;669.511328125;725.42578125;62.4;64;979.0546875;979.0546875
214;4;10000;0;0;False;32;cupy;True;True;4.954766700044274;3.861579000018537;99.8;101.1;669.490625;725.31640625;62.4;64;979.0546875;979.0546875
214;5;10000;0;0;False;32;cupy;True;True;4.944473600015044;3.8487674000207335;97.89;100.9;670.326171875;726.23828125;62.7;63;979.0546875;979.0546875
214;6;10000;0;0;False;32;cupy;True;True;4.9479112001135945;3.843155600130558;99.61;101.3;669.6140625;725.44140625;59.5;64;979.0546875;979.0546875
214;7;10000;0;0;False;32;cupy;True;True;4.998410400003195;3.8849303000606596;99.94;102.9;670.241015625;726.16796875;56.7;64;979.0546875;979.0546875
214;8;10000;0;0;False;32;cupy;True;True;4.915640800027177;3.829636200098321;99.33;103.1;670.01484375;725.90625;57.8;64;979.0546875;979.0546875
214;9;10000;0;0;False;32;cupy;True;True;4.958444300107658;3.8532649998087436;99.99000000000001;100.7;669.6953125;725.56640625;57.5;63;979.0546875;979.0546875
214;10;10000;0;0;False;32;cupy;True;True;4.962432499974966;3.8664547000080347;99.97;102.2;669.793359375;725.640625;57.5;63;979.0546875;979.0546875
215;1;10000;0;0;False;64;numpy;False;False;31.85996720008552;30.572889500064775;;;;;;;;
215;2;10000;0;0;False;64;numpy;False;False;31.859876699978486;30.547721500042826;;;;;;;;
215;3;10000;0;0;False;64;numpy;False;False;31.813275799853727;30.530099499970675;;;;;;;;
215;4;10000;0;0;False;64;numpy;False;False;31.80182689987123;30.505724200047553;;;;;;;;
215;5;10000;0;0;False;64;numpy;False;False;31.80067370017059;30.519657999975607;;;;;;;;
215;6;10000;0;0;False;64;numpy;False;False;31.755786899942905;30.46147680003196;;;;;;;;
215;7;10000;0;0;False;64;numpy;False;False;31.759654899826273;30.47028429992497;;;;;;;;
215;8;10000;0;0;False;64;numpy;False;False;31.84874780010432;30.538747699931264;;;;;;;;
215;9;10000;0;0;False;64;numpy;False;False;31.793543400010094;30.51178770000115;;;;;;;;
215;10;10000;0;0;False;64;numpy;False;False;31.79153689998202;30.49160369997844;;;;;;;;
216;1;10000;0;0;False;64;numpy;True;True;32.02365979994647;30.71160349994898;1149.7;1219.3;1248.996484375;1304.734375;;;;
216;2;10000;0;0;False;64;numpy;True;True;32.11546120001003;30.837909299880266;1089.53;1203.1;1249.419921875;1305.1328125;;;;
216;3;10000;0;0;False;64;numpy;True;True;32.034336999990046;30.75086530018598;1141.91;1194.2;1249.203125;1304.94921875;;;;
216;4;10000;0;0;False;64;numpy;True;True;32.06002869992517;30.78296749992296;1141.02;1197.2;1248.733984375;1304.4609375;;;;
216;5;10000;0;0;False;64;numpy;True;True;32.03473579999991;30.748294099932536;1123.8300000000002;1187.3;1248.800390625;1304.5390625;;;;
216;6;10000;0;0;False;64;numpy;True;True;32.112865099916235;30.735774099826813;1087.8;1179.3;1249.009375;1304.7109375;;;;
216;7;10000;0;0;False;64;numpy;True;True;32.013303000014275;30.725324500119314;1085.2400000000002;1138.6;1248.97265625;1304.71875;;;;
216;8;10000;0;0;False;64;numpy;True;True;32.05175379989669;30.705275899963453;1072.67;1150.0;1249.00390625;1304.703125;;;;
216;9;10000;0;0;False;64;numpy;True;True;32.25822510011494;30.927012500120327;1054.84;1154.4;1249.5359375;1305.23046875;;;;
216;10;10000;0;0;False;64;numpy;True;True;32.52179110003635;31.113147099968046;1071.67;1152.4;1249.31328125;1305.0546875;;;;
217;1;10000;0;0;False;64;cupy;False;False;11.084109000163153;6.593978600110859;;;;;;;;
217;2;10000;0;0;False;64;cupy;False;False;7.1770214000716805;6.058836299926043;;;;;;;;
217;3;10000;0;0;False;64;cupy;False;False;7.070796099957079;5.984967299969867;;;;;;;;
217;4;10000;0;0;False;64;cupy;False;False;7.081590199843049;5.996424600016326;;;;;;;;
217;5;10000;0;0;False;64;cupy;False;False;7.108773799845949;6.023510199971497;;;;;;;;
217;6;10000;0;0;False;64;cupy;False;False;7.1001457998063415;6.009306600084528;;;;;;;;
217;7;10000;0;0;False;64;cupy;False;False;7.090507799992338;6.00200690003112;;;;;;;;
217;8;10000;0;0;False;64;cupy;False;False;7.101160399848595;6.006330499891192;;;;;;;;
217;9;10000;0;0;False;64;cupy;False;False;7.101768699940294;6.006417500087991;;;;;;;;
217;10;10000;0;0;False;64;cupy;False;False;7.127547699958086;6.02391600003466;;;;;;;;
218;1;10000;0;0;False;64;cupy;True;True;7.257973100058734;6.113151999888942;98.89;102.4;698.240234375;754.12890625;74.4;77;1361.0546875;1361.0546875
218;2;10000;0;0;False;64;cupy;True;True;7.212115600006655;6.077741699991748;99.15;102.0;698.667578125;754.5234375;75.2;76;1361.0546875;1361.0546875
218;3;10000;0;0;False;64;cupy;True;True;7.2411252001766115;6.10371489985846;99.55;102.0;698.7078125;754.56640625;75.1;77;1361.0546875;1361.0546875
218;4;10000;0;0;False;64;cupy;True;True;7.276995199965313;6.1443413000088185;99.76000000000002;101.2;698.5390625;754.44140625;74.5;77;1361.0546875;1361.0546875
218;5;10000;0;0;False;64;cupy;True;True;7.245103599969298;6.111069499980658;99.46000000000001;101.0;698.711328125;754.59765625;75.3;77;1361.0546875;1361.0546875
218;6;10000;0;0;False;64;cupy;True;True;7.2265008999966085;6.10611080005765;98.96000000000001;102.1;698.92890625;754.796875;75.1;77;1361.0546875;1361.0546875
218;7;10000;0;0;False;64;cupy;True;True;7.186109599890187;6.062788099981844;99.28999999999999;100.7;698.546484375;754.38671875;75.7;77;1361.0546875;1361.0546875
218;8;10000;0;0;False;64;cupy;True;True;7.21729759988375;6.10901049990207;99.28;102.0;698.958984375;754.84375;70.7;76;1361.0546875;1361.0546875
218;9;10000;0;0;False;64;cupy;True;True;7.221226700115949;6.09359489986673;99.10000000000001;102.3;698.455078125;754.3671875;75.6;77;1361.0546875;1361.0546875
218;10;10000;0;0;False;64;cupy;True;True;7.241712999995798;6.100390400039032;99.69000000000001;102.1;698.48515625;754.359375;71.7;76;1361.0546875;1361.0546875
219;1;10000;0;0;True;32;numpy;False;False;1.0123316999524832;0.1532423000317067;;;;;;;;
219;2;10000;0;0;True;32;numpy;False;False;1.0218607001006603;0.152021000161767;;;;;;;;
219;3;10000;0;0;True;32;numpy;False;False;0.9900016998872161;0.15085370000451803;;;;;;;;
219;4;10000;0;0;True;32;numpy;False;False;1.0199043001048267;0.1548472000285983;;;;;;;;
219;5;10000;0;0;True;32;numpy;False;False;1.0010270001366735;0.14974070014432073;;;;;;;;
219;6;10000;0;0;True;32;numpy;False;False;0.9908527000807226;0.15644529997371137;;;;;;;;
219;7;10000;0;0;True;32;numpy;False;False;0.9970966000109911;0.15238259988836944;;;;;;;;
219;8;10000;0;0;True;32;numpy;False;False;0.9953142001759261;0.15331849991343915;;;;;;;;
219;9;10000;0;0;True;32;numpy;False;False;0.9939322997815907;0.15156270004808903;;;;;;;;
219;10;10000;0;0;True;32;numpy;False;False;0.9948527000378817;0.1522444998845458;;;;;;;;
220;1;10000;0;0;True;32;numpy;True;True;1.006806300021708;0.17404010007157922;98.38999999999999;153.0;485.928125;541.66796875;;;;
220;2;10000;0;0;True;32;numpy;True;True;1.0233171998988837;0.16582809993997216;103.38;186.7;485.495703125;541.2109375;;;;
220;3;10000;0;0;True;32;numpy;True;True;1.005988199962303;0.1676517000887543;93.66;98.5;485.714453125;541.44921875;;;;
220;4;10000;0;0;True;32;numpy;True;True;1.0198125001043081;0.18071109987795353;94.66;114.4;485.494140625;541.2265625;;;;
220;5;10000;0;0;True;32;numpy;True;True;1.0090121999382973;0.16620590002276003;93.96000000000001;185.0;485.818359375;541.5390625;;;;
220;6;10000;0;0;True;32;numpy;True;True;1.0068916000891477;0.16687710001133382;103.55;189.6;485.6515625;541.39453125;;;;
220;7;10000;0;0;True;32;numpy;True;True;1.0366249999497086;0.1817903001792729;103.17999999999999;159.3;485.795703125;541.54296875;;;;
220;8;10000;0;0;True;32;numpy;True;True;1.0140909999608994;0.16163079999387264;96.39;186.9;486.007421875;541.75390625;;;;
220;9;10000;0;0;True;32;numpy;True;True;0.9967660999391228;0.16391750006005168;95.72;97.7;485.680078125;541.4296875;;;;
220;10;10000;0;0;True;32;numpy;True;True;1.0007784999907017;0.16463929996825755;104.44000000000001;182.7;485.496875;541.2421875;;;;
221;1;10000;0;0;True;32;cupy;False;False;3.5014641999732703;2.2293506001587957;;;;;;;;
221;2;10000;0;0;True;32;cupy;False;False;3.1344544999301434;2.127412399975583;;;;;;;;
221;3;10000;0;0;True;32;cupy;False;False;3.2282116999849677;2.2139149999711663;;;;;;;;
221;4;10000;0;0;True;32;cupy;False;False;3.4691065000370145;2.4756722999736667;;;;;;;;
221;5;10000;0;0;True;32;cupy;False;False;3.1113783000037074;2.1202231000643224;;;;;;;;
221;6;10000;0;0;True;32;cupy;False;False;3.129359500017017;2.120209800079465;;;;;;;;
221;7;10000;0;0;True;32;cupy;False;False;3.153205499984324;2.1295894000213593;;;;;;;;
221;8;10000;0;0;True;32;cupy;False;False;3.128513100091368;2.1164424000307918;;;;;;;;
221;9;10000;0;0;True;32;cupy;False;False;3.088040400063619;2.095937800128013;;;;;;;;
221;10;10000;0;0;True;32;cupy;False;False;3.1198048999067396;2.110097900032997;;;;;;;;
222;1;10000;0;0;True;32;cupy;True;True;3.1704094000160694;2.1422245998401195;98.21;105.5;591.719140625;647.6171875;10.7;13;353.0546875;353.0546875
222;2;10000;0;0;True;32;cupy;True;True;3.168438100023195;2.1403382001444697;100.29;106.3;591.59140625;647.49609375;12.2;13;353.0546875;353.0546875
222;3;10000;0;0;True;32;cupy;True;True;3.151783399982378;2.14237939985469;98.22;105.8;591.160546875;647.015625;12.2;13;353.0546875;353.0546875
222;4;10000;0;0;True;32;cupy;True;True;3.1829576999880373;2.1610811999998987;100.10000000000001;104.3;591.842578125;647.7890625;12.3;13;353.0546875;353.0546875
222;5;10000;0;0;True;32;cupy;True;True;3.203104800079018;2.1913314999546856;99.95;104.2;592.097265625;647.97265625;11.4;13;353.0546875;353.0546875
222;6;10000;0;0;True;32;cupy;True;True;3.1631859000772238;2.13777679996565;99.34;105.1;591.461328125;647.37890625;10.6;13;353.0546875;353.0546875
222;7;10000;0;0;True;32;cupy;True;True;3.1974025000818074;2.175024300115183;98.96;104.8;592.045703125;647.89453125;11.4;13;353.0546875;353.0546875
222;8;10000;0;0;True;32;cupy;True;True;3.1608837998937815;2.146258199820295;99.49;105.3;590.99375;646.91796875;11.9;13;353.0546875;353.0546875
222;9;10000;0;0;True;32;cupy;True;True;3.194266799837351;2.1299201999790967;99.69;106.1;591.565234375;647.4453125;11.2;13;353.0546875;353.0546875
222;10;10000;0;0;True;32;cupy;True;True;3.193371099885553;2.16986700007692;100.41;106.1;590.962109375;646.85546875;11.4;13;353.0546875;353.0546875
223;1;10000;0;0;True;64;numpy;False;False;0.9773937000427395;0.143534499919042;;;;;;;;
223;2;10000;0;0;True;64;numpy;False;False;0.9683465999551117;0.1406461000442505;;;;;;;;
223;3;10000;0;0;True;64;numpy;False;False;0.9856002999003977;0.14548479998484254;;;;;;;;
223;4;10000;0;0;True;64;numpy;False;False;0.9756240998394787;0.1421934999525547;;;;;;;;
223;5;10000;0;0;True;64;numpy;False;False;0.9782994000706822;0.14539829990826547;;;;;;;;
223;6;10000;0;0;True;64;numpy;False;False;0.9781655000988394;0.14083730010315776;;;;;;;;
223;7;10000;0;0;True;64;numpy;False;False;0.9790689998771995;0.14200019999407232;;;;;;;;
223;8;10000;0;0;True;64;numpy;False;False;0.9739792000036687;0.14084589993581176;;;;;;;;
223;9;10000;0;0;True;64;numpy;False;False;0.9748194999992847;0.14071889990009367;;;;;;;;
223;10;10000;0;0;True;64;numpy;False;False;0.9826357001438737;0.1454521999694407;;;;;;;;
224;1;10000;0;0;True;64;numpy;True;True;0.9951406000182033;0.15520979999564588;90.69000000000001;104.3;485.88046875;541.625;;;;
224;2;10000;0;0;True;64;numpy;True;True;1.0207778001204133;0.1574493998195976;99.66999999999999;105.3;486.099609375;541.83984375;;;;
224;3;10000;0;0;True;64;numpy;True;True;1.0076152000110596;0.1689356998540461;83.55;189.7;485.97265625;541.72265625;;;;
224;4;10000;0;0;True;64;numpy;True;True;0.9962510999757797;0.15961169986985624;79.55;102.0;485.87734375;541.57421875;;;;
224;5;10000;0;0;True;64;numpy;True;True;1.0139086998533458;0.1603480998892337;97.94;103.3;486.06328125;541.7734375;;;;
224;6;10000;0;0;True;64;numpy;True;True;0.9920568999368697;0.15684719989076257;78.44000000000001;184.9;485.975;541.71875;;;;
224;7;10000;0;0;True;64;numpy;True;True;1.0189306000247598;0.15540769998915493;101.11;109.8;486.104296875;541.83984375;;;;
224;8;10000;0;0;True;64;numpy;True;True;0.9891532000619918;0.1565994000993669;100.22999999999999;105.5;486.063671875;541.8046875;;;;
224;9;10000;0;0;True;64;numpy;True;True;0.9946212999057025;0.15792639995925128;98.67999999999999;200.2;485.860546875;541.59375;;;;
224;10;10000;0;0;True;64;numpy;True;True;1.0162368998862803;0.16882640006951988;102.25;169.7;486.02890625;541.71875;;;;
225;1;10000;0;0;True;64;cupy;False;False;3.202230599941686;2.1900128999259323;;;;;;;;
225;2;10000;0;0;True;64;cupy;False;False;3.146930899936706;2.1611202000640333;;;;;;;;
225;3;10000;0;0;True;64;cupy;False;False;3.161721399985254;2.1368595000822097;;;;;;;;
225;4;10000;0;0;True;64;cupy;False;False;3.15714480006136;2.1668108000885695;;;;;;;;
225;5;10000;0;0;True;64;cupy;False;False;3.1528575997799635;2.165838399901986;;;;;;;;
225;6;10000;0;0;True;64;cupy;False;False;3.1717086997814476;2.17939109983854;;;;;;;;
225;7;10000;0;0;True;64;cupy;False;False;3.1642254998441786;2.1668720000889152;;;;;;;;
225;8;10000;0;0;True;64;cupy;False;False;3.1220399998128414;2.1235702000558376;;;;;;;;
225;9;10000;0;0;True;64;cupy;False;False;3.1268279999494553;2.1392687999177724;;;;;;;;
225;10;10000;0;0;True;64;cupy;False;False;3.127382699865848;2.129242500057444;;;;;;;;
226;1;10000;0;0;True;64;cupy;True;True;3.279518899973482;2.2571124001406133;99.38000000000001;104.3;655.05625;710.94140625;12.1;14;405.0546875;405.0546875
226;2;10000;0;0;True;64;cupy;True;True;3.1782417001668364;2.1592850999441;99.1;104.6;655.168359375;711.08984375;13.0;15;405.0546875;405.0546875
226;3;10000;0;0;True;64;cupy;True;True;3.1987930999603122;2.161234200000763;100.05000000000001;104.4;655.51015625;711.39453125;13.2;15;405.0546875;405.0546875
226;4;10000;0;0;True;64;cupy;True;True;3.2298625002149493;2.2076839997898787;98.74;103.6;655.829296875;711.67578125;13.8;19;405.0546875;405.0546875
226;5;10000;0;0;True;64;cupy;True;True;3.2130890002008528;2.1773564000613987;99.58;104.7;655.709375;711.609375;12.7;15;405.0546875;405.0546875
226;6;10000;0;0;True;64;cupy;True;True;3.1901998000685126;2.1830312001984566;97.77000000000001;103.8;655.90546875;711.79296875;15.6;24;405.0546875;405.0546875
226;7;10000;0;0;True;64;cupy;True;True;3.2305938999634236;2.2141711998265237;99.96;104.1;655.562890625;711.47265625;12.1;15;405.0546875;405.0546875
226;8;10000;0;0;True;64;cupy;True;True;3.1837553000077605;2.1719078000169247;100.45;104.4;655.65859375;711.515625;12.4;15;405.0546875;405.0546875
226;9;10000;0;0;True;64;cupy;True;True;3.203300700057298;2.1734818001277745;99.74000000000001;105.3;655.288671875;711.13671875;10.6;14;405.0546875;405.0546875
226;10;10000;0;0;True;64;cupy;True;True;3.2217083000577986;2.197901099920273;99.00999999999999;103.8;655.305859375;711.14453125;11.2;14;405.0546875;405.0546875
227;1;10000;9999000;0.1;False;32;numpy;False;False;17.638546500122175;15.436441299971193;;;;;;;;
227;2;10000;9999000;0.1;False;32;numpy;False;False;17.844535500044003;15.575571699999273;;;;;;;;
227;3;10000;9999000;0.1;False;32;numpy;False;False;17.897771399933845;15.458424099953845;;;;;;;;
227;4;10000;9999000;0.1;False;32;numpy;False;False;17.716106300009415;15.509285100037232;;;;;;;;
227;5;10000;9999000;0.1;False;32;numpy;False;False;17.531766999978572;15.309186200145632;;;;;;;;
227;6;10000;9999000;0.1;False;32;numpy;False;False;17.69821220007725;15.454789999872446;;;;;;;;
227;7;10000;9999000;0.1;False;32;numpy;False;False;17.81180109991692;15.470561999827623;;;;;;;;
227;8;10000;9999000;0.1;False;32;numpy;False;False;17.48072799993679;15.25416380004026;;;;;;;;
227;9;10000;9999000;0.1;False;32;numpy;False;False;17.725355900125578;15.387857099995017;;;;;;;;
227;10;10000;9999000;0.1;False;32;numpy;False;False;18.21569429989904;15.68078580009751;;;;;;;;
228;1;10000;9999000;0.1;False;32;numpy;True;True;17.632359500043094;15.427689000032842;1153.06;1266.2;867.267578125;923.02734375;;;;
228;2;10000;9999000;0.1;False;32;numpy;True;True;17.57152700005099;15.4759382000193;1042.1799999999998;1197.4;867.1015625;922.8359375;;;;
228;3;10000;9999000;0.1;False;32;numpy;True;True;17.611094899941236;15.444760299986228;1143.0100000000002;1285.3;867.5390625;923.2578125;;;;
228;4;10000;9999000;0.1;False;32;numpy;True;True;17.571047199890018;15.46858450002037;1180.91;1286.7;867.3890625;923.1484375;;;;
228;5;10000;9999000;0.1;False;32;numpy;True;True;17.605975200189278;15.470095399999991;1141.9199999999998;1246.1;867.1796875;922.9296875;;;;
228;6;10000;9999000;0.1;False;32;numpy;True;True;17.52381439995952;15.459941199980676;1182.98;1328.5;867.442578125;923.14453125;;;;
228;7;10000;9999000;0.1;False;32;numpy;True;True;17.563709900015965;15.44336050003767;1180.37;1320.7;867.550390625;923.30078125;;;;
228;8;10000;9999000;0.1;False;32;numpy;True;True;17.520007099956274;15.433537699980661;1177.97;1304.8;867.54375;923.296875;;;;
228;9;10000;9999000;0.1;False;32;numpy;True;True;17.55018030013889;15.457983100088313;1168.83;1255.0;867.889453125;923.6171875;;;;
228;10;10000;9999000;0.1;False;32;numpy;True;True;17.643152200151235;15.545913900015876;1137.71;1263.2;867.367578125;923.0390625;;;;
229;1;10000;9999000;0.1;False;32;cupy;False;False;5.882099899929017;3.789514600066468;;;;;;;;
229;2;10000;9999000;0.1;False;32;cupy;False;False;5.808963299961761;3.7617551998700947;;;;;;;;
229;3;10000;9999000;0.1;False;32;cupy;False;False;5.786843999987468;3.7772389000747353;;;;;;;;
229;4;10000;9999000;0.1;False;32;cupy;False;False;5.791720600100234;3.7686018999665976;;;;;;;;
229;5;10000;9999000;0.1;False;32;cupy;False;False;5.835620299912989;3.782939200056717;;;;;;;;
229;6;10000;9999000;0.1;False;32;cupy;False;False;5.827780700055882;3.8079913000110537;;;;;;;;
229;7;10000;9999000;0.1;False;32;cupy;False;False;5.804821900092065;3.7862875999417156;;;;;;;;
229;8;10000;9999000;0.1;False;32;cupy;False;False;5.838757399935275;3.7886795999947935;;;;;;;;
229;9;10000;9999000;0.1;False;32;cupy;False;False;5.820688099833205;3.785230499925092;;;;;;;;
229;10;10000;9999000;0.1;False;32;cupy;False;False;5.826894900063053;3.782061900012195;;;;;;;;
230;1;10000;9999000;0.1;False;32;cupy;True;True;5.880027699982747;3.8242139001376927;99.59;102.5;926.461328125;982.34375;59.1;63;1253.0546875;1253.0546875
230;2;10000;9999000;0.1;False;32;cupy;True;True;5.916830100119114;3.844623100012541;98.37;100.7;926.104296875;981.96484375;62.9;64;1253.0546875;1253.0546875
230;3;10000;9999000;0.1;False;32;cupy;True;True;5.905194899998605;3.8287060998845845;99.85000000000001;101.1;926.201171875;982.10546875;63.5;64;1253.0546875;1253.0546875
230;4;10000;9999000;0.1;False;32;cupy;True;True;5.968580499989912;3.8552667000330985;99.36;102.6;926.28046875;982.125;61.5;64;1253.0546875;1253.0546875
230;5;10000;9999000;0.1;False;32;cupy;True;True;5.958875700132921;3.8766681000124663;97.63000000000001;100.8;926.2546875;982.1484375;62.5;63;1253.0546875;1253.0546875
230;6;10000;9999000;0.1;False;32;cupy;True;True;5.937722299946472;3.8564068998675793;98.4;101.4;926.68515625;982.5703125;57.3;64;1253.0546875;1253.0546875
230;7;10000;9999000;0.1;False;32;cupy;True;True;5.93151960009709;3.8890438999515027;99.61;100.9;926.398828125;982.34375;57.5;64;1253.0546875;1253.0546875
230;8;10000;9999000;0.1;False;32;cupy;True;True;5.982037599897012;3.8652481001336128;99.29;103.4;926.523046875;982.4140625;57.4;64;1253.0546875;1253.0546875
230;9;10000;9999000;0.1;False;32;cupy;True;True;5.991258399793878;3.9308809000067413;98.60000000000001;100.9;926.296484375;982.24609375;56.0;64;1253.0546875;1253.0546875
230;10;10000;9999000;0.1;False;32;cupy;True;True;5.889295400120318;3.8315322999842465;98.99;102.1;926.641015625;982.5234375;60.7;64;1253.0546875;1253.0546875
231;1;10000;9999000;0.1;False;64;numpy;False;False;32.39730460010469;30.20445519988425;;;;;;;;
231;2;10000;9999000;0.1;False;64;numpy;False;False;32.32315289997496;30.165864400099963;;;;;;;;
231;3;10000;9999000;0.1;False;64;numpy;False;False;32.35879690013826;30.152003800030798;;;;;;;;
231;4;10000;9999000;0.1;False;64;numpy;False;False;32.32369440002367;30.15547879994847;;;;;;;;
231;5;10000;9999000;0.1;False;64;numpy;False;False;32.367101799929515;30.163717600051314;;;;;;;;
231;6;10000;9999000;0.1;False;64;numpy;False;False;32.45031640003435;30.252713800175115;;;;;;;;
231;7;10000;9999000;0.1;False;64;numpy;False;False;32.351632199948654;30.195265100104734;;;;;;;;
231;8;10000;9999000;0.1;False;64;numpy;False;False;32.47017049998976;30.3031627999153;;;;;;;;
231;9;10000;9999000;0.1;False;64;numpy;False;False;32.31339839985594;30.162007200066;;;;;;;;
231;10;10000;9999000;0.1;False;64;numpy;False;False;32.34395070001483;30.169256699969992;;;;;;;;
232;1;10000;9999000;0.1;False;64;numpy;True;True;32.96637829998508;30.79369860002771;1187.79;1252.3;1249.775390625;1305.53125;;;;
232;2;10000;9999000;0.1;False;64;numpy;True;True;32.984307599952444;30.801570599898696;1168.34;1235.9;1249.260546875;1304.984375;;;;
232;3;10000;9999000;0.1;False;64;numpy;True;True;32.93140230001882;30.7654073999729;1195.8200000000002;1248.7;1249.259765625;1305.02734375;;;;
232;4;10000;9999000;0.1;False;64;numpy;True;True;33.02927579986863;30.81976250000298;1150.47;1272.8;1248.99921875;1304.7109375;;;;
232;5;10000;9999000;0.1;False;64;numpy;True;True;32.95314719993621;30.78203310002573;1184.4899999999998;1230.2;1249.578125;1305.3359375;;;;
232;6;10000;9999000;0.1;False;64;numpy;True;True;33.0421939000953;30.78460339992307;1187.46;1248.7;1249.449609375;1305.19140625;;;;
232;7;10000;9999000;0.1;False;64;numpy;True;True;33.0095852999948;30.82043469999917;1185.5700000000002;1227.4;1249.20546875;1304.94140625;;;;
232;8;10000;9999000;0.1;False;64;numpy;True;True;32.943283799802884;30.77821939997375;1176.21;1231.1;1249.635546875;1305.35546875;;;;
232;9;10000;9999000;0.1;False;64;numpy;True;True;32.940936899976805;30.76760990009643;1184.1599999999999;1227.6;1249.468359375;1305.20703125;;;;
232;10;10000;9999000;0.1;False;64;numpy;True;True;32.98455090005882;30.835135800065473;1121.19;1218.6;1249.197265625;1304.89453125;;;;
233;1;10000;9999000;0.1;False;64;cupy;False;False;8.023856699932367;5.9847049000673;;;;;;;;
233;2;10000;9999000;0.1;False;64;cupy;False;False;8.040817099856213;5.998497599968687;;;;;;;;
233;3;10000;9999000;0.1;False;64;cupy;False;False;8.015238499967381;5.979441900039092;;;;;;;;
233;4;10000;9999000;0.1;False;64;cupy;False;False;8.042648200178519;5.999250199878588;;;;;;;;
233;5;10000;9999000;0.1;False;64;cupy;False;False;8.008715600008145;5.988620100077242;;;;;;;;
233;6;10000;9999000;0.1;False;64;cupy;False;False;8.01409829990007;5.985810099868104;;;;;;;;
233;7;10000;9999000;0.1;False;64;cupy;False;False;8.226257500005886;6.0738550999667495;;;;;;;;
233;8;10000;9999000;0.1;False;64;cupy;False;False;8.193385399878025;6.02351009985432;;;;;;;;
233;9;10000;9999000;0.1;False;64;cupy;False;False;8.142918300116435;6.00862059998326;;;;;;;;
233;10;10000;9999000;0.1;False;64;cupy;False;False;8.176750600105152;6.0371846000198275;;;;;;;;
234;1;10000;9999000;0.1;False;64;cupy;True;True;8.399172900011763;6.224280399968848;97.67;101.4;826.829296875;882.67578125;74.1;76;1673.0546875;1673.0546875
234;2;10000;9999000;0.1;False;64;cupy;True;True;8.355070800054818;6.12549989996478;97.73000000000002;101.7;826.73203125;882.671875;74.7;76;1673.0546875;1673.0546875
234;3;10000;9999000;0.1;False;64;cupy;True;True;8.353137800004333;6.185910399770364;97.54999999999998;100.3;826.984765625;882.90625;71.5;77;1673.0546875;1673.0546875
234;4;10000;9999000;0.1;False;64;cupy;True;True;8.371363800019026;6.196271700086072;98.9;101.9;827.274609375;883.1328125;75.0;76;1673.0546875;1673.0546875
234;5;10000;9999000;0.1;False;64;cupy;True;True;8.341300999978557;6.113284299848601;98.77000000000001;102.0;826.463671875;882.3515625;74.4;77;1673.0546875;1673.0546875
234;6;10000;9999000;0.1;False;64;cupy;True;True;8.296523200115189;6.149191400036216;97.88000000000002;101.8;826.421875;882.296875;73.7;77;1673.0546875;1673.0546875
234;7;10000;9999000;0.1;False;64;cupy;True;True;8.24587900005281;6.111725100083277;99.19000000000001;102.2;826.82421875;882.73828125;73.0;77;1673.0546875;1673.0546875
234;8;10000;9999000;0.1;False;64;cupy;True;True;8.383838699897751;6.1669828000012785;98.62;100.7;826.891796875;882.765625;75.8;77;1673.0546875;1673.0546875
234;9;10000;9999000;0.1;False;64;cupy;True;True;8.298526900121942;6.144483600044623;98.19;101.9;826.68203125;882.53515625;74.7;77;1673.0546875;1673.0546875
234;10;10000;9999000;0.1;False;64;cupy;True;True;8.393526499858126;6.159764900105074;97.53;102.1;826.51015625;882.39453125;74.9;77;1673.0546875;1673.0546875
235;1;10000;9999000;0.1;True;32;numpy;False;False;9.851113199954852;7.938884099945426;;;;;;;;
235;2;10000;9999000;0.1;True;32;numpy;False;False;9.7605083999224;7.862408299930394;;;;;;;;
235;3;10000;9999000;0.1;True;32;numpy;False;False;9.588807800086215;7.662190499948338;;;;;;;;
235;4;10000;9999000;0.1;True;32;numpy;False;False;9.542903400026262;7.6560302001889795;;;;;;;;
235;5;10000;9999000;0.1;True;32;numpy;False;False;9.358022300060838;7.564148299861699;;;;;;;;
235;6;10000;9999000;0.1;True;32;numpy;False;False;9.30318220006302;7.50818490004167;;;;;;;;
235;7;10000;9999000;0.1;True;32;numpy;False;False;9.293440100038424;7.514205100014806;;;;;;;;
235;8;10000;9999000;0.1;True;32;numpy;False;False;9.319792400114238;7.52469260012731;;;;;;;;
235;9;10000;9999000;0.1;True;32;numpy;False;False;9.174016600009054;7.3933087000623345;;;;;;;;
235;10;10000;9999000;0.1;True;32;numpy;False;False;9.173483199905604;7.40767339989543;;;;;;;;
236;1;10000;9999000;0.1;True;32;numpy;True;True;9.555931099923328;7.778011900139973;99.36;102.0;562.6953125;618.4140625;;;;
236;2;10000;9999000;0.1;True;32;numpy;True;True;9.52628430002369;7.746496299980208;99.55999999999999;101.0;562.5953125;618.2734375;;;;
236;3;10000;9999000;0.1;True;32;numpy;True;True;9.504976599942893;7.7214319000486284;100.06;100.8;562.505078125;618.2578125;;;;
236;4;10000;9999000;0.1;True;32;numpy;True;True;9.500509599922225;7.7222317000851035;99.26;101.4;562.262109375;618.00390625;;;;
236;5;10000;9999000;0.1;True;32;numpy;True;True;9.520611499901861;7.7238506998401135;99.24;101.3;561.980859375;617.73046875;;;;
236;6;10000;9999000;0.1;True;32;numpy;True;True;9.574543199967593;7.766176000004634;99.91000000000001;101.7;562.28125;617.99609375;;;;
236;7;10000;9999000;0.1;True;32;numpy;True;True;9.402446000138298;7.631479599978775;99.6;101.3;562.18828125;617.9140625;;;;
236;8;10000;9999000;0.1;True;32;numpy;True;True;9.46039199992083;7.679385800147429;99.39999999999999;101.8;562.275;618.01953125;;;;
236;9;10000;9999000;0.1;True;32;numpy;True;True;9.449057499878109;7.682081500068307;98.95;100.3;562.458203125;618.20703125;;;;
236;10;10000;9999000;0.1;True;32;numpy;True;True;9.545686600031331;7.768107700161636;99.88999999999999;101.8;562.259765625;618.015625;;;;
237;1;10000;9999000;0.1;True;32;cupy;False;False;4.150644100038335;2.1142629999667406;;;;;;;;
237;2;10000;9999000;0.1;True;32;cupy;False;False;4.066277500009164;2.0845208999235183;;;;;;;;
237;3;10000;9999000;0.1;True;32;cupy;False;False;4.045334900030866;2.0484903999604285;;;;;;;;
237;4;10000;9999000;0.1;True;32;cupy;False;False;4.07658340013586;2.115264100022614;;;;;;;;
237;5;10000;9999000;0.1;True;32;cupy;False;False;4.082925499882549;2.110326400026679;;;;;;;;
237;6;10000;9999000;0.1;True;32;cupy;False;False;4.0715137999504805;2.082231199834496;;;;;;;;
237;7;10000;9999000;0.1;True;32;cupy;False;False;4.118011899990961;2.115783100016415;;;;;;;;
237;8;10000;9999000;0.1;True;32;cupy;False;False;4.046838199952617;2.081458899891004;;;;;;;;
237;9;10000;9999000;0.1;True;32;cupy;False;False;4.068408800056204;2.104250800097361;;;;;;;;
237;10;10000;9999000;0.1;True;32;cupy;False;False;4.081320299999788;2.122535099973902;;;;;;;;
238;1;10000;9999000;0.1;True;32;cupy;True;True;4.111622600117698;2.1064748000353575;99.1;106.0;643.76328125;699.59375;28.5;34;453.0546875;453.0546875
238;2;10000;9999000;0.1;True;32;cupy;True;True;4.269891300005838;2.264255400048569;95.08;104.9;644.25;700.08203125;31.1;33;453.0546875;453.0546875
238;3;10000;9999000;0.1;True;32;cupy;True;True;4.211319800000638;2.2121749999932945;97.61;106.0;643.70078125;699.55078125;27.1;33;453.0546875;453.0546875
238;4;10000;9999000;0.1;True;32;cupy;True;True;4.178538599982858;2.207646199967712;96.48000000000002;100.0;643.990625;699.8984375;31.4;34;453.0546875;453.0546875
238;5;10000;9999000;0.1;True;32;cupy;True;True;4.154222900047898;2.1767935000825673;100.07;103.9;644.060546875;699.89453125;31.4;33;453.0546875;453.0546875
238;6;10000;9999000;0.1;True;32;cupy;True;True;4.120469800196588;2.124293699860573;99.39;105.2;643.284765625;699.16015625;29.3;33;453.0546875;453.0546875
238;7;10000;9999000;0.1;True;32;cupy;True;True;4.114923800108954;2.0936678999569267;99.22;107.0;644.24375;700.1875;31.5;34;453.0546875;453.0546875
238;8;10000;9999000;0.1;True;32;cupy;True;True;4.148020900087431;2.1343959998339415;98.79;105.5;643.83671875;699.6953125;29.5;33;453.0546875;453.0546875
238;9;10000;9999000;0.1;True;32;cupy;True;True;4.118755100062117;2.1368628998752683;99.75999999999999;105.5;643.84609375;699.69921875;33.0;33;453.0546875;453.0546875
238;10;10000;9999000;0.1;True;32;cupy;True;True;4.141209400026128;2.1562449999619275;99.74;106.5;643.744140625;699.61328125;30.0;33;453.0546875;453.0546875
239;1;10000;9999000;0.1;True;64;numpy;False;False;9.598484500078484;7.868723699823022;;;;;;;;
239;2;10000;9999000;0.1;True;64;numpy;False;False;9.735262300120667;7.9541786999907345;;;;;;;;
239;3;10000;9999000;0.1;True;64;numpy;False;False;9.747426199959591;7.990511300042272;;;;;;;;
239;4;10000;9999000;0.1;True;64;numpy;False;False;9.696403400041163;7.90738630015403;;;;;;;;
239;5;10000;9999000;0.1;True;64;numpy;False;False;9.667773999972269;7.9013660999480635;;;;;;;;
239;6;10000;9999000;0.1;True;64;numpy;False;False;9.631264799972996;7.858514100080356;;;;;;;;
239;7;10000;9999000;0.1;True;64;numpy;False;False;9.71893099998124;7.933183999964967;;;;;;;;
239;8;10000;9999000;0.1;True;64;numpy;False;False;9.693029799964279;7.924939400050789;;;;;;;;
239;9;10000;9999000;0.1;True;64;numpy;False;False;9.794416799908504;8.015320400008932;;;;;;;;
239;10;10000;9999000;0.1;True;64;numpy;False;False;9.763974899891764;7.986901399912313;;;;;;;;
240;1;10000;9999000;0.1;True;64;numpy;True;True;9.964253999991342;8.155421199975535;99.74000000000001;101.2;601.190234375;656.9609375;;;;
240;2;10000;9999000;0.1;True;64;numpy;True;True;9.92302959994413;8.119206900009885;99.41;101.0;600.912890625;656.6875;;;;
240;3;10000;9999000;0.1;True;64;numpy;True;True;9.898782500065863;8.127533100079745;99.9;101.3;600.791015625;656.55859375;;;;
240;4;10000;9999000;0.1;True;64;numpy;True;True;9.944916300009936;8.172562999883667;99.13000000000001;100.7;600.623828125;656.38671875;;;;
240;5;10000;9999000;0.1;True;64;numpy;True;True;9.940832199994475;8.174884399864823;99.5;101.4;600.844921875;656.5703125;;;;
240;6;10000;9999000;0.1;True;64;numpy;True;True;9.956910900073126;8.168766099959612;99.57;101.6;601.193359375;656.92578125;;;;
240;7;10000;9999000;0.1;True;64;numpy;True;True;10.004734399961308;8.212182899937034;99.62;101.2;600.76875;656.53125;;;;
240;8;10000;9999000;0.1;True;64;numpy;True;True;9.984538600081578;8.176485700067133;99.28;101.6;600.75625;656.49609375;;;;
240;9;10000;9999000;0.1;True;64;numpy;True;True;10.062299199867994;8.27234989986755;99.46000000000001;100.8;600.578125;656.29296875;;;;
240;10;10000;9999000;0.1;True;64;numpy;True;True;9.955444199964404;8.170548500027508;99.56;100.9;600.725;656.41015625;;;;
241;1;10000;9999000;0.1;True;64;cupy;False;False;4.621198399923742;2.613802600186318;;;;;;;;
241;2;10000;9999000;0.1;True;64;cupy;False;False;4.25070309988223;2.2907930000219494;;;;;;;;
241;3;10000;9999000;0.1;True;64;cupy;False;False;4.2785761000122875;2.31675329990685;;;;;;;;
241;4;10000;9999000;0.1;True;64;cupy;False;False;4.272946700220928;2.3117517998907715;;;;;;;;
241;5;10000;9999000;0.1;True;64;cupy;False;False;4.230134500190616;2.276415399974212;;;;;;;;
241;6;10000;9999000;0.1;True;64;cupy;False;False;4.3085674999747425;2.309036400169134;;;;;;;;
241;7;10000;9999000;0.1;True;64;cupy;False;False;4.3038220999296755;2.3084064999129623;;;;;;;;
241;8;10000;9999000;0.1;True;64;cupy;False;False;4.38484190008603;2.3249737001024187;;;;;;;;
241;9;10000;9999000;0.1;True;64;cupy;False;False;4.2942639999091625;2.3246875000186265;;;;;;;;
241;10;10000;9999000;0.1;True;64;cupy;False;False;4.32630979991518;2.3602837999351323;;;;;;;;
242;1;10000;9999000;0.1;True;64;cupy;True;True;4.453033300116658;2.4519881999585778;97.5;102.1;771.693359375;827.578125;38.3;42;529.0546875;529.0546875
242;2;10000;9999000;0.1;True;64;cupy;True;True;4.387012999970466;2.394958100048825;98.9;104.1;772.273046875;828.1640625;33.8;41;529.0546875;529.0546875
242;3;10000;9999000;0.1;True;64;cupy;True;True;4.36704930011183;2.3649037999566644;100.22;104.4;771.491796875;827.43359375;38.8;42;529.0546875;529.0546875
242;4;10000;9999000;0.1;True;64;cupy;True;True;4.468434900045395;2.354538799962029;98.64;103.6;772.23046875;828.13671875;38.6;40;529.0546875;529.0546875
242;5;10000;9999000;0.1;True;64;cupy;True;True;4.375454199966043;2.36428439989686;99.13000000000002;103.1;772.106640625;827.953125;36.7;42;529.0546875;529.0546875
242;6;10000;9999000;0.1;True;64;cupy;True;True;4.4417764998506755;2.4433881998993456;98.15;102.0;771.828515625;827.65625;34.6;43;529.0546875;529.0546875
242;7;10000;9999000;0.1;True;64;cupy;True;True;4.356707400176674;2.3595273999962956;98.66;106.0;772.182421875;828.0390625;36.0;41;529.0546875;529.0546875
242;8;10000;9999000;0.1;True;64;cupy;True;True;4.424696699948981;2.4280721000395715;96.35;101.9;772.490625;828.421875;37.0;41;529.0546875;529.0546875
242;9;10000;9999000;0.1;True;64;cupy;True;True;4.466003000037745;2.4460447998717427;99.1;104.6;771.955859375;827.83984375;41.0;44;529.0546875;529.0546875
242;10;10000;9999000;0.1;True;64;cupy;True;True;4.366226100130007;2.341444400139153;99.32999999999998;102.8;772.262890625;828.125;40.9;43;529.0546875;529.0546875
243;1;10000;49995000;0.5;False;32;numpy;False;False;21.186296799918637;15.253979300148785;;;;;;;;
243;2;10000;49995000;0.5;False;32;numpy;False;False;20.881921600084752;15.132533999858424;;;;;;;;
243;3;10000;49995000;0.5;False;32;numpy;False;False;20.828173600137234;15.205162100028247;;;;;;;;
243;4;10000;49995000;0.5;False;32;numpy;False;False;20.753914500121027;15.225110800005496;;;;;;;;
243;5;10000;49995000;0.5;False;32;numpy;False;False;20.831405099947006;15.184902400011197;;;;;;;;
243;6;10000;49995000;0.5;False;32;numpy;False;False;20.802296600071713;15.211820800090209;;;;;;;;
243;7;10000;49995000;0.5;False;32;numpy;False;False;20.781060699839145;15.19978899997659;;;;;;;;
243;8;10000;49995000;0.5;False;32;numpy;False;False;20.80002159997821;15.181271800072864;;;;;;;;
243;9;10000;49995000;0.5;False;32;numpy;False;False;20.773137100040913;15.213719899998978;;;;;;;;
243;10;10000;49995000;0.5;False;32;numpy;False;False;20.892022900050506;15.272554300026968;;;;;;;;
244;1;10000;49995000;0.5;False;32;numpy;True;True;21.100800100015476;15.473215000005439;1162.1299999999999;1317.3;867.397265625;923.14453125;;;;
244;2;10000;49995000;0.5;False;32;numpy;True;True;21.038685699924827;15.455696300137788;1158.82;1303.0;867.940234375;923.7734375;;;;
244;3;10000;49995000;0.5;False;32;numpy;True;True;21.120861100032926;15.498890900053084;1114.25;1236.4;867.5875;923.4140625;;;;
244;4;10000;49995000;0.5;False;32;numpy;True;True;21.160601200070232;15.506931999931112;1103.77;1303.7;867.44296875;923.26953125;;;;
244;5;10000;49995000;0.5;False;32;numpy;True;True;21.067534300033003;15.460431300103664;1167.09;1324.8;867.25546875;923.0390625;;;;
244;6;10000;49995000;0.5;False;32;numpy;True;True;21.20528869982809;15.513229300035164;1201.5;1342.6;867.325;923.03125;;;;
244;7;10000;49995000;0.5;False;32;numpy;True;True;21.025490900035948;15.451240199850872;1193.99;1282.7;867.645703125;923.4609375;;;;
244;8;10000;49995000;0.5;False;32;numpy;True;True;21.265908600063995;15.610435200156644;1053.0;1292.7;867.426953125;923.2265625;;;;
244;9;10000;49995000;0.5;False;32;numpy;True;True;21.049398999894038;15.469955199863762;1152.6200000000001;1265.2;867.40546875;923.1171875;;;;
244;10;10000;49995000;0.5;False;32;numpy;True;True;21.094353700056672;15.480078400112689;1187.04;1332.5;867.296484375;923.125;;;;
245;1;10000;49995000;0.5;False;32;cupy;False;False;9.087063799845055;3.814484399976209;;;;;;;;
245;2;10000;49995000;0.5;False;32;cupy;False;False;8.962474199943244;3.7616546999197453;;;;;;;;
245;3;10000;49995000;0.5;False;32;cupy;False;False;9.061434600036591;3.777860000031069;;;;;;;;
245;4;10000;49995000;0.5;False;32;cupy;False;False;9.006808599922806;3.806901300093159;;;;;;;;
245;5;10000;49995000;0.5;False;32;cupy;False;False;8.993006899952888;3.7848721998743713;;;;;;;;
245;6;10000;49995000;0.5;False;32;cupy;False;False;8.975999800022691;3.7709057999309152;;;;;;;;
245;7;10000;49995000;0.5;False;32;cupy;False;False;9.003826499916613;3.7850933999288827;;;;;;;;
245;8;10000;49995000;0.5;False;32;cupy;False;False;8.99609320005402;3.7746707000769675;;;;;;;;
245;9;10000;49995000;0.5;False;32;cupy;False;False;9.041050900006667;3.763380200136453;;;;;;;;
245;10;10000;49995000;0.5;False;32;cupy;False;False;9.08955470006913;3.8101999999489635;;;;;;;;
246;1;10000;49995000;0.5;False;32;cupy;True;True;9.139303300064057;3.839905600063503;99.03;100.6;1950.599609375;2006.4765625;60.5;64;2029.0546875;2029.0546875
246;2;10000;49995000;0.5;False;32;cupy;True;True;9.292436899850145;3.957017900189385;99.31;103.5;1950.784765625;2006.74609375;60.6;62;2029.0546875;2029.0546875
246;3;10000;49995000;0.5;False;32;cupy;True;True;9.721624800004065;3.857654199935496;99.51;100.8;1949.924609375;2005.7734375;58.2;63;2029.0546875;2029.0546875
246;4;10000;49995000;0.5;False;32;cupy;True;True;9.245180899975821;3.8501213998533785;99.85999999999999;100.9;1950.41328125;2006.32421875;60.6;63;2029.0546875;2029.0546875
246;5;10000;49995000;0.5;False;32;cupy;True;True;9.162472099997103;3.885329799959436;96.77;100.6;1949.91640625;2005.7890625;57.5;64;2029.0546875;2029.0546875
246;6;10000;49995000;0.5;False;32;cupy;True;True;9.227651599794626;3.8331289999186993;99.59;104.1;1941.7375;1997.62109375;63.1;65;2029.0546875;2029.0546875
246;7;10000;49995000;0.5;False;32;cupy;True;True;9.078163599828258;3.8153252999763936;99.48999999999998;101.3;1950.026953125;2005.92578125;60.8;64;2029.0546875;2029.0546875
246;8;10000;49995000;0.5;False;32;cupy;True;True;9.09446890000254;3.826793799875304;99.75000000000001;101.1;1950.368359375;2006.29296875;57.7;64;2029.0546875;2029.0546875
246;9;10000;49995000;0.5;False;32;cupy;True;True;9.140340900048614;3.8189820998813957;99.69;101.2;1950.20078125;2006.046875;61.9;64;2029.0546875;2029.0546875
246;10;10000;49995000;0.5;False;32;cupy;True;True;9.139645999995992;3.820799100212753;98.4;101.2;1950.02578125;2005.9140625;63.1;64;2029.0546875;2029.0546875
247;1;10000;49995000;0.5;False;64;numpy;False;False;35.915563200134784;30.15603039995767;;;;;;;;
247;2;10000;49995000;0.5;False;64;numpy;False;False;35.9959717001766;30.224485200131312;;;;;;;;
247;3;10000;49995000;0.5;False;64;numpy;False;False;36.00633910018951;30.314119399990886;;;;;;;;
247;4;10000;49995000;0.5;False;64;numpy;False;False;35.8915577000007;30.191932499874383;;;;;;;;
247;5;10000;49995000;0.5;False;64;numpy;False;False;35.98254130012356;30.229743900010362;;;;;;;;
247;6;10000;49995000;0.5;False;64;numpy;False;False;35.92468050005846;30.214656200027093;;;;;;;;
247;7;10000;49995000;0.5;False;64;numpy;False;False;35.94768640003167;30.297069000080228;;;;;;;;
247;8;10000;49995000;0.5;False;64;numpy;False;False;35.8621739000082;30.193758900044486;;;;;;;;
247;9;10000;49995000;0.5;False;64;numpy;False;False;35.8316820000764;30.183387800119817;;;;;;;;
247;10;10000;49995000;0.5;False;64;numpy;False;False;36.134355899877846;30.343667900189757;;;;;;;;
248;1;10000;49995000;0.5;False;64;numpy;True;True;36.525547299999744;30.81005989992991;1176.78;1212.1;1249.18203125;1304.8984375;;;;
248;2;10000;49995000;0.5;False;64;numpy;True;True;36.4253197000362;30.752958100056276;1189.59;1252.5;1249.25;1304.9921875;;;;
248;3;10000;49995000;0.5;False;64;numpy;True;True;36.483400099910796;30.792151700006798;1181.59;1222.0;1249.761328125;1305.49609375;;;;
248;4;10000;49995000;0.5;False;64;numpy;True;True;36.42148600006476;30.789534899871796;1199.15;1250.8;1248.971484375;1304.69140625;;;;
248;5;10000;49995000;0.5;False;64;numpy;True;True;36.5609214999713;30.822750400053337;1193.29;1226.6;1249.8515625;1305.59375;;;;
248;6;10000;49995000;0.5;False;64;numpy;True;True;36.44004649994895;30.786435900023207;1197.7000000000003;1257.6;1249.403515625;1305.125;;;;
248;7;10000;49995000;0.5;False;64;numpy;True;True;36.50493549997918;30.808112300001085;1185.3200000000002;1228.3;1249.609765625;1305.3515625;;;;
248;8;10000;49995000;0.5;False;64;numpy;True;True;36.52199809998274;30.812672900035977;1156.6399999999999;1218.4;1249.271484375;1304.9921875;;;;
248;9;10000;49995000;0.5;False;64;numpy;True;True;36.565450000111014;30.81687860004604;1184.09;1263.6;1249.151953125;1304.88671875;;;;
248;10;10000;49995000;0.5;False;64;numpy;True;True;36.54236100008711;30.765106600010768;1181.4;1239.4;1249.29453125;1305.03515625;;;;
249;1;10000;49995000;0.5;False;64;cupy;False;False;11.208132700063288;5.9834228998515755;;;;;;;;
249;2;10000;49995000;0.5;False;64;cupy;False;False;11.188221999909729;6.013136999914423;;;;;;;;
249;3;10000;49995000;0.5;False;64;cupy;False;False;11.253176899859682;6.004603900015354;;;;;;;;
249;4;10000;49995000;0.5;False;64;cupy;False;False;11.20083860005252;6.002042199950665;;;;;;;;
249;5;10000;49995000;0.5;False;64;cupy;False;False;11.225406600162387;5.980687599861994;;;;;;;;
249;6;10000;49995000;0.5;False;64;cupy;False;False;11.239395400043577;5.99814509996213;;;;;;;;
249;7;10000;49995000;0.5;False;64;cupy;False;False;11.28134400001727;5.990374699933454;;;;;;;;
249;8;10000;49995000;0.5;False;64;cupy;False;False;11.238085099961609;5.99863289995119;;;;;;;;
249;9;10000;49995000;0.5;False;64;cupy;False;False;11.221170400036499;6.001729200128466;;;;;;;;
249;10;10000;49995000;0.5;False;64;cupy;False;False;11.205825800076127;5.989247200079262;;;;;;;;
250;1;10000;49995000;0.5;False;64;cupy;True;True;11.318354499991983;6.06488179997541;99.39;102.2;1722.916796875;1778.76171875;75.9;77;2601.0546875;2601.0546875
250;2;10000;49995000;0.5;False;64;cupy;True;True;11.338201599894091;6.043769899988547;99.33000000000001;100.4;1723.041796875;1778.9296875;76.4;78;2601.0546875;2601.0546875
250;3;10000;49995000;0.5;False;64;cupy;True;True;11.420293499948457;6.072547300020233;100.03;105.1;1721.262890625;1777.1484375;75.9;77;2601.0546875;2601.0546875
250;4;10000;49995000;0.5;False;64;cupy;True;True;11.394866399932653;6.080997900106013;99.5;102.4;1723.059765625;1778.96875;76.1;77;2601.0546875;2601.0546875
250;5;10000;49995000;0.5;False;64;cupy;True;True;11.346055699978024;6.083627700107172;99.46000000000001;102.1;1722.583984375;1778.44921875;75.6;77;2601.0546875;2601.0546875
250;6;10000;49995000;0.5;False;64;cupy;True;True;11.327719300054014;6.063879800029099;99.49000000000001;101.5;1722.7421875;1778.6171875;75.7;77;2601.0546875;2601.0546875
250;7;10000;49995000;0.5;False;64;cupy;True;True;11.406109999865294;6.117381900083274;98.83;101.9;1722.79375;1778.65234375;73.9;77;2601.0546875;2601.0546875
250;8;10000;49995000;0.5;False;64;cupy;True;True;11.333098399918526;6.067534300033003;99.24;101.4;1723.070703125;1778.92578125;71.3;77;2601.0546875;2601.0546875
250;9;10000;49995000;0.5;False;64;cupy;True;True;11.2853516000323;6.0480461998376995;99.7;102.6;1722.50234375;1778.375;75.5;77;2601.0546875;2601.0546875
250;10;10000;49995000;0.5;False;64;cupy;True;True;11.334084900096059;6.06009400007315;98.73999999999998;102.3;1722.4796875;1778.38671875;75.5;77;2601.0546875;2601.0546875
251;1;10000;49995000;0.5;True;32;numpy;False;False;41.888626399915665;36.98294549994171;;;;;;;;
251;2;10000;49995000;0.5;True;32;numpy;False;False;41.864199799951166;36.99167719995603;;;;;;;;
251;3;10000;49995000;0.5;True;32;numpy;False;False;42.05089389998466;37.15874600014649;;;;;;;;
251;4;10000;49995000;0.5;True;32;numpy;False;False;41.895847300067544;36.98662080010399;;;;;;;;
251;5;10000;49995000;0.5;True;32;numpy;False;False;41.26238660002127;36.40655960002914;;;;;;;;
251;6;10000;49995000;0.5;True;32;numpy;False;False;40.718100500060245;35.86670419992879;;;;;;;;
251;7;10000;49995000;0.5;True;32;numpy;False;False;41.533791000023484;36.64694240014069;;;;;;;;
251;8;10000;49995000;0.5;True;32;numpy;False;False;41.30051700002514;36.41121999989264;;;;;;;;
251;9;10000;49995000;0.5;True;32;numpy;False;False;41.884492699988186;36.99950179993175;;;;;;;;
251;10;10000;49995000;0.5;True;32;numpy;False;False;41.51332459994592;36.643887600163;;;;;;;;
252;1;10000;49995000;0.5;True;32;numpy;True;True;42.61411889991723;37.7542395000346;99.21;100.3;867.398828125;923.109375;;;;
252;2;10000;49995000;0.5;True;32;numpy;True;True;42.71480600000359;37.831116599962115;99.53;100.1;867.40234375;923.1328125;;;;
252;3;10000;49995000;0.5;True;32;numpy;True;True;42.6226878000889;37.689315099967644;99.64;100.3;867.50078125;923.22265625;;;;
252;4;10000;49995000;0.5;True;32;numpy;True;True;42.178018000209704;37.34845249983482;99.52000000000001;100.0;867.2625;923.04296875;;;;
252;5;10000;49995000;0.5;True;32;numpy;True;True;42.506343899993226;37.602611700072885;99.63;100.2;867.44296875;923.1875;;;;
252;6;10000;49995000;0.5;True;32;numpy;True;True;42.567560099996626;37.666759100044146;99.08;99.7;867.421875;923.15234375;;;;
252;7;10000;49995000;0.5;True;32;numpy;True;True;42.05015920009464;37.2136808000505;99.45;100.3;867.521484375;923.24609375;;;;
252;8;10000;49995000;0.5;True;32;numpy;True;True;42.363958599977195;37.49563469993882;99.61999999999999;100.6;867.417578125;923.15625;;;;
252;9;10000;49995000;0.5;True;32;numpy;True;True;42.5449150998611;37.65155310020782;99.58;100.4;867.402734375;923.1328125;;;;
252;10;10000;49995000;0.5;True;32;numpy;True;True;42.44524749997072;37.637192199938;99.29;99.9;867.249609375;923.01171875;;;;
253;1;10000;49995000;0.5;True;32;cupy;False;False;8.8766300000716;3.80109929991886;;;;;;;;
253;2;10000;49995000;0.5;True;32;cupy;False;False;8.883456599898636;3.7807314000092447;;;;;;;;
253;3;10000;49995000;0.5;True;32;cupy;False;False;8.830507199978456;3.7860429999418557;;;;;;;;
253;4;10000;49995000;0.5;True;32;cupy;False;False;8.820692699868232;3.7584861998911947;;;;;;;;
253;5;10000;49995000;0.5;True;32;cupy;False;False;8.875476300017908;3.7626443000044674;;;;;;;;
253;6;10000;49995000;0.5;True;32;cupy;False;False;8.85937359998934;3.7850172000471503;;;;;;;;
253;7;10000;49995000;0.5;True;32;cupy;False;False;8.869194300146773;3.795735300052911;;;;;;;;
253;8;10000;49995000;0.5;True;32;cupy;False;False;8.927532600006089;3.8065837998874485;;;;;;;;
253;9;10000;49995000;0.5;True;32;cupy;False;False;8.899535200092942;3.7984277999494225;;;;;;;;
253;10;10000;49995000;0.5;True;32;cupy;False;False;8.926372800022364;3.7877279000822455;;;;;;;;
254;1;10000;49995000;0.5;True;32;cupy;True;True;8.939484399976209;3.8273781000170857;99.03;103.3;899.70625;955.58984375;62.4;64;831.0546875;831.0546875
254;2;10000;49995000;0.5;True;32;cupy;True;True;8.995225199963897;3.837720299838111;99.50999999999999;102.8;899.98828125;955.890625;62.7;64;831.0546875;831.0546875
254;3;10000;49995000;0.5;True;32;cupy;True;True;9.009510400006548;3.834991600131616;99.24;102.8;899.569140625;955.41015625;62.8;64;831.0546875;831.0546875
254;4;10000;49995000;0.5;True;32;cupy;True;True;9.035138099920005;3.9022735999897122;99.13999999999999;103.0;899.7578125;955.65625;62.2;64;831.0546875;831.0546875
254;5;10000;49995000;0.5;True;32;cupy;True;True;8.941464300034568;3.8523460999131203;98.69000000000001;103.0;900.000390625;955.96875;62.5;63;831.0546875;831.0546875
254;6;10000;49995000;0.5;True;32;cupy;True;True;9.008613399928436;3.8451839999761432;99.48;103.2;899.610546875;955.51171875;62.5;64;831.0546875;831.0546875
254;7;10000;49995000;0.5;True;32;cupy;True;True;9.092280100099742;3.952331400010735;99.03999999999999;102.3;899.826953125;955.6875;61.5;63;831.0546875;831.0546875
254;8;10000;49995000;0.5;True;32;cupy;True;True;9.094786699861288;3.897437799954787;99.10999999999999;102.9;899.8484375;955.78515625;59.3;63;831.0546875;831.0546875
254;9;10000;49995000;0.5;True;32;cupy;True;True;9.009687999961898;3.8902644000481814;99.48;102.7;899.562109375;955.47265625;59.7;63;831.0546875;831.0546875
254;10;10000;49995000;0.5;True;32;cupy;True;True;9.022589799948037;3.85840280004777;99.23999999999998;102.8;899.6671875;955.59375;57.9;63;831.0546875;831.0546875
255;1;10000;49995000;0.5;True;64;numpy;False;False;43.763911000220105;38.87597559997812;;;;;;;;
255;2;10000;49995000;0.5;True;64;numpy;False;False;44.15242180018686;39.308841900201514;;;;;;;;
255;3;10000;49995000;0.5;True;64;numpy;False;False;43.55813729995862;38.693390199914575;;;;;;;;
255;4;10000;49995000;0.5;True;64;numpy;False;False;43.76744100009091;38.859469400020316;;;;;;;;
255;5;10000;49995000;0.5;True;64;numpy;False;False;42.90574309998192;38.064226400107145;;;;;;;;
255;6;10000;49995000;0.5;True;64;numpy;False;False;43.16985159995966;38.32657809997909;;;;;;;;
255;7;10000;49995000;0.5;True;64;numpy;False;False;43.13376530003734;38.249910899903625;;;;;;;;
255;8;10000;49995000;0.5;True;64;numpy;False;False;43.19669040013105;38.371837499784306;;;;;;;;
255;9;10000;49995000;0.5;True;64;numpy;False;False;42.97472700010985;38.141775800148025;;;;;;;;
255;10;10000;49995000;0.5;True;64;numpy;False;False;43.44279549992643;38.58177979988977;;;;;;;;
256;1;10000;49995000;0.5;True;64;numpy;True;True;44.41975160012953;39.60267009981908;99.6;100.1;1058.344921875;1114.0859375;;;;
256;2;10000;49995000;0.5;True;64;numpy;True;True;44.262900500092655;39.42433290020563;99.34;100.1;1058.712890625;1114.4453125;;;;
256;3;10000;49995000;0.5;True;64;numpy;True;True;44.48877079994418;39.65281190001406;99.44000000000001;100.3;1058.146484375;1113.87890625;;;;
256;4;10000;49995000;0.5;True;64;numpy;True;True;44.30305429990403;39.449862899957225;99.44;100.1;1058.1;1113.85546875;;;;
256;5;10000;49995000;0.5;True;64;numpy;True;True;44.308677499881014;39.46128290006891;99.67;100.1;1058.658984375;1114.36328125;;;;
256;6;10000;49995000;0.5;True;64;numpy;True;True;44.30844279984012;39.53400650015101;99.42999999999999;100.3;1058.695703125;1114.40234375;;;;
256;7;10000;49995000;0.5;True;64;numpy;True;True;44.39598499983549;39.579968200065196;99.61;100.2;1058.33828125;1114.07421875;;;;
256;8;10000;49995000;0.5;True;64;numpy;True;True;44.398321099812165;39.6078832000494;99.21000000000001;100.0;1058.411328125;1114.12890625;;;;
256;9;10000;49995000;0.5;True;64;numpy;True;True;44.230198699980974;39.383899699896574;99.28;100.2;1058.578125;1114.2890625;;;;
256;10;10000;49995000;0.5;True;64;numpy;True;True;44.6707995000761;39.825388400116935;99.4;100.0;1057.566015625;1105.95703125;;;;
257;1;10000;49995000;0.5;True;64;cupy;False;False;10.093157999916002;4.945458699949086;;;;;;;;
257;2;10000;49995000;0.5;True;64;cupy;False;False;10.075089999940246;4.920339700067416;;;;;;;;
257;3;10000;49995000;0.5;True;64;cupy;False;False;10.16668920009397;4.936365700094029;;;;;;;;
257;4;10000;49995000;0.5;True;64;cupy;False;False;10.06020210008137;4.908981299959123;;;;;;;;
257;5;10000;49995000;0.5;True;64;cupy;False;False;10.046855200082064;4.927919399924576;;;;;;;;
257;6;10000;49995000;0.5;True;64;cupy;False;False;10.113512199837714;4.95733750006184;;;;;;;;
257;7;10000;49995000;0.5;True;64;cupy;False;False;10.098770800046623;4.9111801001708955;;;;;;;;
257;8;10000;49995000;0.5;True;64;cupy;False;False;10.084838300012052;4.975051299901679;;;;;;;;
257;9;10000;49995000;0.5;True;64;cupy;False;False;10.077659299829975;4.947393900016323;;;;;;;;
257;10;10000;49995000;0.5;True;64;cupy;False;False;10.111586999846622;4.954586199950427;;;;;;;;
258;1;10000;49995000;0.5;True;64;cupy;True;True;10.191250700037926;5.011011400027201;99.53;102.5;1475.39921875;1531.2890625;70.6;71;1099.0546875;1099.0546875
258;2;10000;49995000;0.5;True;64;cupy;True;True;10.167571500176564;4.994993699947372;98.87;101.7;1475.63203125;1531.6171875;70.6;72;1099.0546875;1099.0546875
258;3;10000;49995000;0.5;True;64;cupy;True;True;10.228454299969599;4.983294799923897;98.98;101.6;1476.322265625;1532.24609375;64.7;69;1099.0546875;1099.0546875
258;4;10000;49995000;0.5;True;64;cupy;True;True;10.169499899959192;4.996684300014749;99.95000000000002;102.7;1475.858203125;1531.74609375;69.9;71;1099.0546875;1099.0546875
258;5;10000;49995000;0.5;True;64;cupy;True;True;10.160036999965087;5.007979099871591;99.78;101.1;1476.419921875;1532.33203125;70.4;73;1099.0546875;1099.0546875
258;6;10000;49995000;0.5;True;64;cupy;True;True;10.209615000057966;5.005801900057122;99.35000000000001;101.6;1476.119140625;1532.01953125;65.5;71;1099.0546875;1099.0546875
258;7;10000;49995000;0.5;True;64;cupy;True;True;10.191901499871165;4.982043599942699;99.10000000000001;101.9;1475.827734375;1531.69140625;70.7;71;1099.0546875;1099.0546875
258;8;10000;49995000;0.5;True;64;cupy;True;True;10.228706800146028;5.0528556001372635;99.32;101.6;1475.612109375;1531.54296875;66.7;68;1099.0546875;1099.0546875
258;9;10000;49995000;0.5;True;64;cupy;True;True;10.1580620999448;4.979292600182816;98.51;101.6;1476.10703125;1532.03125;71.0;71;1099.0546875;1099.0546875
258;10;10000;49995000;0.5;True;64;cupy;True;True;10.204897300107405;5.033645000075921;99.61999999999999;100.9;1476.344921875;1532.26171875;69.5;71;1099.0546875;1099.0546875
259;1;10000;99990000;1;False;32;numpy;False;False;18.935282099992037;15.371707799844444;;;;;;;;
259;2;10000;99990000;1;False;32;numpy;False;False;19.014387300005183;15.393733599921688;;;;;;;;
259;3;10000;99990000;1;False;32;numpy;False;False;18.84333539986983;15.298706899862736;;;;;;;;
259;4;10000;99990000;1;False;32;numpy;False;False;18.75769199989736;15.399270700057968;;;;;;;;
259;5;10000;99990000;1;False;32;numpy;False;False;18.655078700045124;15.190324400085956;;;;;;;;
259;6;10000;99990000;1;False;32;numpy;False;False;18.648908799979836;15.228945599868894;;;;;;;;
259;7;10000;99990000;1;False;32;numpy;False;False;18.58335749991238;15.179289299994707;;;;;;;;
259;8;10000;99990000;1;False;32;numpy;False;False;18.518238400109112;15.170378000009805;;;;;;;;
259;9;10000;99990000;1;False;32;numpy;False;False;18.555611199932173;15.205270000034943;;;;;;;;
259;10;10000;99990000;1;False;32;numpy;False;False;18.598440799862146;15.218299699947238;;;;;;;;
260;1;10000;99990000;1;False;32;numpy;True;True;18.806234300136566;15.514055399922654;1151.55;1279.9;867.379296875;923.109375;;;;
260;2;10000;99990000;1;False;32;numpy;True;True;18.767170999897644;15.475173200014979;1197.2400000000002;1268.0;867.205859375;922.9453125;;;;
260;3;10000;99990000;1;False;32;numpy;True;True;18.7606392998714;15.463380000088364;1163.3300000000002;1298.1;867.0453125;922.75390625;;;;
260;4;10000;99990000;1;False;32;numpy;True;True;18.807659100042656;15.484895500121638;1195.6399999999999;1281.0;867.401171875;923.125;;;;
260;5;10000;99990000;1;False;32;numpy;True;True;18.796370999887586;15.473934100009501;1164.1200000000001;1300.0;867.259765625;922.9921875;;;;
260;6;10000;99990000;1;False;32;numpy;True;True;18.74257140001282;15.474996499950066;1182.6399999999999;1330.7;866.8328125;922.546875;;;;
260;7;10000;99990000;1;False;32;numpy;True;True;18.825318600051105;15.490539600141346;1168.9;1288.8;867.165234375;922.8984375;;;;
260;8;10000;99990000;1;False;32;numpy;True;True;19.24715209985152;15.75484269997105;951.76;1169.8;867.160546875;922.90234375;;;;
260;9;10000;99990000;1;False;32;numpy;True;True;19.451269399840385;15.899278299883008;991.3;1241.3;867.348828125;923.0625;;;;
260;10;10000;99990000;1;False;32;numpy;True;True;19.662806499982253;16.013792700134218;846.5600000000001;1062.7;867.27890625;923.015625;;;;
261;1;10000;99990000;1;False;32;cupy;False;False;7.19514389988035;3.7979036001488566;;;;;;;;
261;2;10000;99990000;1;False;32;cupy;False;False;7.11080739996396;3.819203799823299;;;;;;;;
261;3;10000;99990000;1;False;32;cupy;False;False;7.1625700001604855;3.8378781999927014;;;;;;;;
261;4;10000;99990000;1;False;32;cupy;False;False;7.232867700047791;3.892583099892363;;;;;;;;
261;5;10000;99990000;1;False;32;cupy;False;False;7.182901800144464;3.9140425000805408;;;;;;;;
261;6;10000;99990000;1;False;32;cupy;False;False;7.047954500187188;3.819379899883643;;;;;;;;
261;7;10000;99990000;1;False;32;cupy;False;False;7.0063323001377285;3.802075400017202;;;;;;;;
261;8;10000;99990000;1;False;32;cupy;False;False;7.002666700165719;3.7772084998432547;;;;;;;;
261;9;10000;99990000;1;False;32;cupy;False;False;7.029443700099364;3.8048818001989275;;;;;;;;
261;10;10000;99990000;1;False;32;cupy;False;False;7.052895599976182;3.7929659001529217;;;;;;;;
262;1;10000;99990000;1;False;32;cupy;True;True;7.088757799938321;3.8303710999898612;98.7;101.2;3230.57734375;3286.46484375;57.5;64;3365.0546875;3365.0546875
262;2;10000;99990000;1;False;32;cupy;True;True;7.116713600000367;3.8233056000899523;99.5;101.1;3230.246875;3286.12109375;60.3;64;3365.0546875;3365.0546875
262;3;10000;99990000;1;False;32;cupy;True;True;7.170119100017473;3.826282999943942;99.74;101.3;3230.237109375;3286.109375;62.4;64;3365.0546875;3365.0546875
262;4;10000;99990000;1;False;32;cupy;True;True;7.100878699915484;3.8276732000522316;98.66999999999999;101.0;3230.421484375;3286.27734375;60.1;64;3365.0546875;3365.0546875
262;5;10000;99990000;1;False;32;cupy;True;True;7.09715269994922;3.853348799981177;99.3;101.0;3229.995703125;3285.86328125;57.6;64;3365.0546875;3365.0546875
262;6;10000;99990000;1;False;32;cupy;True;True;7.117722699884325;3.8405893999151886;99.62999999999998;100.8;3229.80078125;3285.62109375;60.2;64;3365.0546875;3365.0546875
262;7;10000;99990000;1;False;32;cupy;True;True;7.0880479998886585;3.8762012999504805;99.82;102.0;3230.0875;3285.95703125;61.9;63;3365.0546875;3365.0546875
262;8;10000;99990000;1;False;32;cupy;True;True;7.153762300033122;3.8488525999709964;99.17999999999998;101.3;3229.98125;3285.859375;63.4;64;3365.0546875;3365.0546875
262;9;10000;99990000;1;False;32;cupy;True;True;7.091903600143269;3.8872738999780267;99.77999999999999;100.8;3230.068359375;3285.95703125;57.9;63;3365.0546875;3365.0546875
262;10;10000;99990000;1;False;32;cupy;True;True;7.073489699978381;3.822985599981621;99.66;101.0;3230.575390625;3286.4921875;57.5;64;3365.0546875;3365.0546875
263;1;10000;99990000;1;False;64;numpy;False;False;34.11583869997412;30.171161799924448;;;;;;;;
263;2;10000;99990000;1;False;64;numpy;False;False;34.10452329996042;30.200855399947613;;;;;;;;
263;3;10000;99990000;1;False;64;numpy;False;False;34.29987849993631;30.26763530005701;;;;;;;;
263;4;10000;99990000;1;False;64;numpy;False;False;34.156243100063875;30.18743439996615;;;;;;;;
263;5;10000;99990000;1;False;64;numpy;False;False;34.26549189980142;30.381584899965674;;;;;;;;
263;6;10000;99990000;1;False;64;numpy;False;False;34.0824479998555;30.195067499997094;;;;;;;;
263;7;10000;99990000;1;False;64;numpy;False;False;34.02740229992196;30.234988400014117;;;;;;;;
263;8;10000;99990000;1;False;64;numpy;False;False;33.96062810020521;30.18595219985582;;;;;;;;
263;9;10000;99990000;1;False;64;numpy;False;False;33.94291989994235;30.161717699840665;;;;;;;;
263;10;10000;99990000;1;False;64;numpy;False;False;34.04810360004194;30.267684099962935;;;;;;;;
264;1;10000;99990000;1;False;64;numpy;True;True;34.63693339983001;30.845102299936116;1184.26;1240.4;1249.247265625;1304.94921875;;;;
264;2;10000;99990000;1;False;64;numpy;True;True;34.6315968001727;30.81555339996703;1179.9700000000003;1232.6;1249.059375;1304.8046875;;;;
264;3;10000;99990000;1;False;64;numpy;True;True;34.63145500002429;30.823927500052378;1186.0000000000002;1243.9;1249.157421875;1304.87109375;;;;
264;4;10000;99990000;1;False;64;numpy;True;True;34.66395800001919;30.81952799996361;1190.62;1236.0;1249.125;1304.8671875;;;;
264;5;10000;99990000;1;False;64;numpy;True;True;34.9726499998942;31.09905429999344;1136.52;1221.2;1249.650390625;1305.38671875;;;;
264;6;10000;99990000;1;False;64;numpy;True;True;34.96934329997748;30.83685449999757;1176.23;1225.4;1249.156640625;1304.87890625;;;;
264;7;10000;99990000;1;False;64;numpy;True;True;34.80699250008911;30.763956499984488;1193.4599999999998;1224.4;1249.025;1304.734375;;;;
264;8;10000;99990000;1;False;64;numpy;True;True;34.73320150002837;30.82944060000591;1186.49;1254.2;1249.387109375;1305.10546875;;;;
264;9;10000;99990000;1;False;64;numpy;True;True;34.82644889992662;30.86135179991834;1149.52;1240.2;1249.105078125;1304.8359375;;;;
264;10;10000;99990000;1;False;64;numpy;True;True;34.75032570003532;30.8512492000591;1182.65;1241.5;1249.505078125;1305.234375;;;;
265;1;10000;99990000;1;False;64;cupy;False;False;9.882499200059101;6.041599200107157;;;;;;;;
265;2;10000;99990000;1;False;64;cupy;False;False;9.734123500064015;5.97503750002943;;;;;;;;
265;3;10000;99990000;1;False;64;cupy;False;False;9.721004800172523;5.974055400118232;;;;;;;;
265;4;10000;99990000;1;False;64;cupy;False;False;9.721542000072077;5.965208599809557;;;;;;;;
265;5;10000;99990000;1;False;64;cupy;False;False;9.76283760019578;6.000708699924871;;;;;;;;
265;6;10000;99990000;1;False;64;cupy;False;False;9.779613499995321;5.973985299933702;;;;;;;;
265;7;10000;99990000;1;False;64;cupy;False;False;9.7838339000009;6.023303299909458;;;;;;;;
265;8;10000;99990000;1;False;64;cupy;False;False;9.722223700024188;6.002392699941993;;;;;;;;
265;9;10000;99990000;1;False;64;cupy;False;False;9.795964200049639;5.99746620003134;;;;;;;;
265;10;10000;99990000;1;False;64;cupy;False;False;10.642825399991125;6.8960625000763685;;;;;;;;
266;1;10000;99990000;1;False;64;cupy;True;True;9.878230499802157;6.101030500140041;99.18;102.1;2870.41171875;2926.265625;75.8;77;4005.0546875;4005.0546875
266;2;10000;99990000;1;False;64;cupy;True;True;9.825685700168833;6.059327200055122;99.07;101.8;2870.648828125;2926.578125;75.0;77;4005.0546875;4005.0546875
266;3;10000;99990000;1;False;64;cupy;True;True;9.82668469985947;6.0868496999610215;99.39;101.9;2870.405078125;2926.3125;75.3;77;4005.0546875;4005.0546875
266;4;10000;99990000;1;False;64;cupy;True;True;9.833617300027981;6.107712199911475;97.92999999999999;100.0;2870.6203125;2926.5;74.9;77;4005.0546875;4005.0546875
266;5;10000;99990000;1;False;64;cupy;True;True;9.935148699907586;6.084206999978051;99.10999999999999;102.1;2870.823828125;2926.6953125;75.4;77;4005.0546875;4005.0546875
266;6;10000;99990000;1;False;64;cupy;True;True;9.888536300044507;6.0854799000080675;99.85;102.0;2870.563671875;2926.4609375;76.0;77;4005.0546875;4005.0546875
266;7;10000;99990000;1;False;64;cupy;True;True;9.848351299995556;6.062410100130364;99.1;100.9;2870.510546875;2926.3984375;75.1;77;4005.0546875;4005.0546875
266;8;10000;99990000;1;False;64;cupy;True;True;9.889231499982998;6.071125200018287;98.98;102.1;2870.35390625;2926.23828125;75.4;76;4005.0546875;4005.0546875
266;9;10000;99990000;1;False;64;cupy;True;True;9.875281099928543;6.079399900045246;99.76;101.8;2870.93984375;2926.79296875;75.3;77;4005.0546875;4005.0546875
266;10;10000;99990000;1;False;64;cupy;True;True;9.912512100068852;6.073808299843222;98.86999999999999;100.2;2870.93359375;2926.83203125;75.3;77;4005.0546875;4005.0546875
267;1;10000;99990000;1;True;32;numpy;False;False;76.19675980019383;73.50537910009734;;;;;;;;
267;2;10000;99990000;1;True;32;numpy;False;False;74.90613820008002;72.20201059989631;;;;;;;;
267;3;10000;99990000;1;True;32;numpy;False;False;75.5068493001163;72.82171729998663;;;;;;;;
267;4;10000;99990000;1;True;32;numpy;False;False;74.93919289996848;72.21885469998233;;;;;;;;
267;5;10000;99990000;1;True;32;numpy;False;False;76.34298499999568;73.64537499984726;;;;;;;;
267;6;10000;99990000;1;True;32;numpy;False;False;75.16808279999532;72.47895430005156;;;;;;;;
267;7;10000;99990000;1;True;32;numpy;False;False;76.54859919985756;73.89516970003024;;;;;;;;
267;8;10000;99990000;1;True;32;numpy;False;False;76.37343589984812;73.67199679999612;;;;;;;;
267;9;10000;99990000;1;True;32;numpy;False;False;75.39272890007123;72.59235699987039;;;;;;;;
267;10;10000;99990000;1;True;32;numpy;False;False;75.3926198000554;72.70874530007131;;;;;;;;
268;1;10000;99990000;1;True;32;numpy;True;True;77.2137130999472;74.50873179989867;99.65;100.2;1248.318359375;1303.9921875;;;;
268;2;10000;99990000;1;True;32;numpy;True;True;77.73005969985388;75.05237559997477;99.53;99.8;1249.12265625;1304.82421875;;;;
268;3;10000;99990000;1;True;32;numpy;True;True;76.49754900019616;73.7856655002106;99.58000000000001;99.9;1248.641015625;1304.34375;;;;
268;4;10000;99990000;1;True;32;numpy;True;True;76.30302540003322;73.596998100169;99.59;99.8;1248.48671875;1304.16015625;;;;
268;5;10000;99990000;1;True;32;numpy;True;True;76.25498879980296;73.5490352998022;99.65;100.1;1248.653125;1304.3359375;;;;
268;6;10000;99990000;1;True;32;numpy;True;True;76.34267809987068;73.6243041001726;99.53999999999999;100.1;1248.7203125;1304.3984375;;;;
268;7;10000;99990000;1;True;32;numpy;True;True;76.32469410006888;73.616757000098;99.51;100.0;1248.33046875;1303.99609375;;;;
268;8;10000;99990000;1;True;32;numpy;True;True;76.81309469998814;74.1163147999905;99.4;99.8;1248.2625;1303.96484375;;;;
268;9;10000;99990000;1;True;32;numpy;True;True;76.84515550010838;74.15647150017321;99.32000000000001;99.9;1248.71171875;1304.3671875;;;;
268;10;10000;99990000;1;True;32;numpy;True;True;77.21622449997813;74.56201729993336;99.58;100.2;1246.918359375;1296.08984375;;;;
269;1;10000;99990000;1;True;32;cupy;False;False;9.007917300099507;5.989073999924585;;;;;;;;
269;2;10000;99990000;1;True;32;cupy;False;False;9.093993300106376;6.14725699997507;;;;;;;;
269;3;10000;99990000;1;True;32;cupy;False;False;9.005080200033262;6.029504999984056;;;;;;;;
269;4;10000;99990000;1;True;32;cupy;False;False;9.008833999978378;5.99785240017809;;;;;;;;
269;5;10000;99990000;1;True;32;cupy;False;False;9.028344999998808;6.032735199900344;;;;;;;;
269;6;10000;99990000;1;True;32;cupy;False;False;9.015241499990225;6.021591100143269;;;;;;;;
269;7;10000;99990000;1;True;32;cupy;False;False;8.992602299898863;6.004570599878207;;;;;;;;
269;8;10000;99990000;1;True;32;cupy;False;False;9.040752199944109;6.02835340006277;;;;;;;;
269;9;10000;99990000;1;True;32;cupy;False;False;9.038637100020424;6.042934599798173;;;;;;;;
269;10;10000;99990000;1;True;32;cupy;False;False;8.958436300046742;6.014668700052425;;;;;;;;
270;1;10000;99990000;1;True;32;cupy;True;True;9.096266300184652;6.08078490011394;100.11;101.5;1667.813671875;1723.6796875;75.5;77;1355.0546875;1355.0546875
270;2;10000;99990000;1;True;32;cupy;True;True;9.182641200022772;6.126789700007066;99.62;101.4;1667.826953125;1723.77734375;74.4;76;1355.0546875;1355.0546875
270;3;10000;99990000;1;True;32;cupy;True;True;9.157510900171474;6.123161799972877;99.41;102.0;1667.26171875;1723.1015625;74.4;77;1355.0546875;1355.0546875
270;4;10000;99990000;1;True;32;cupy;True;True;9.170889500062913;6.137162199942395;99.44999999999999;102.0;1668.29765625;1724.18359375;75.5;76;1355.0546875;1355.0546875
270;5;10000;99990000;1;True;32;cupy;True;True;9.142150700092316;6.087826000060886;99.32000000000001;100.9;1667.9765625;1723.93359375;74.9;77;1355.0546875;1355.0546875
270;6;10000;99990000;1;True;32;cupy;True;True;9.137564199976623;6.093781000003219;99.72999999999999;101.0;1667.824609375;1723.69921875;75.3;76;1355.0546875;1355.0546875
270;7;10000;99990000;1;True;32;cupy;True;True;9.113723499933258;6.129503099946305;99.05000000000001;100.9;1667.47890625;1723.44921875;75.5;76;1355.0546875;1355.0546875
270;8;10000;99990000;1;True;32;cupy;True;True;9.125411299988627;6.081934600137174;99.41999999999999;101.2;1667.813671875;1723.703125;75.3;77;1355.0546875;1355.0546875
270;9;10000;99990000;1;True;32;cupy;True;True;9.177548200124875;6.121959199896082;98.63000000000001;101.0;1667.662890625;1723.546875;70.4;76;1355.0546875;1355.0546875
270;10;10000;99990000;1;True;32;cupy;True;True;9.191845000023022;6.13282040017657;99.13;101.0;1667.797265625;1723.734375;75.8;77;1355.0546875;1355.0546875
271;1;10000;99990000;1;True;64;numpy;False;False;81.00758680002764;77.7115340998862;;;;;;;;
271;2;10000;99990000;1;True;64;numpy;False;False;79.89522599987686;76.6485783001408;;;;;;;;
271;3;10000;99990000;1;True;64;numpy;False;False;79.49176690005697;76.28881209995598;;;;;;;;
271;4;10000;99990000;1;True;64;numpy;False;False;80.03639320004731;76.90193010005169;;;;;;;;
271;5;10000;99990000;1;True;64;numpy;False;False;79.39529359992594;76.28438419988379;;;;;;;;
271;6;10000;99990000;1;True;64;numpy;False;False;79.82530710007995;76.73515879991464;;;;;;;;
271;7;10000;99990000;1;True;64;numpy;False;False;79.69947839993984;76.59990909998305;;;;;;;;
271;8;10000;99990000;1;True;64;numpy;False;False;79.87071439996362;76.70703219994903;;;;;;;;
271;9;10000;99990000;1;True;64;numpy;False;False;79.60665099998005;76.42963510006666;;;;;;;;
271;10;10000;99990000;1;True;64;numpy;False;False;79.1694761000108;76.02992459991947;;;;;;;;
272;1;10000;99990000;1;True;64;numpy;True;True;81.28809969988652;78.17638979991898;99.6;100.1;1630.3078125;1685.9296875;;;;
272;2;10000;99990000;1;True;64;numpy;True;True;81.03160049999133;77.93007980007678;99.69000000000001;100.1;1630.387890625;1686.0546875;;;;
272;3;10000;99990000;1;True;64;numpy;True;True;81.2019999998156;78.10114259994589;99.59999999999998;100.3;1630.23046875;1685.89453125;;;;
272;4;10000;99990000;1;True;64;numpy;True;True;81.17214939999394;78.05800890014507;99.53;100.0;1630.16484375;1685.8671875;;;;
272;5;10000;99990000;1;True;64;numpy;True;True;81.5642560000997;78.43462349986658;99.58;99.8;1630.56484375;1686.2578125;;;;
272;6;10000;99990000;1;True;64;numpy;True;True;81.13233010005206;78.01542730000801;99.55;100.1;1630.03515625;1685.734375;;;;
272;7;10000;99990000;1;True;64;numpy;True;True;81.16576209990308;78.01126100006513;99.47999999999999;100.1;1630.27890625;1685.95703125;;;;
272;8;10000;99990000;1;True;64;numpy;True;True;81.30537289986387;78.17596619995311;99.61;100.0;1630.604296875;1686.2734375;;;;
272;9;10000;99990000;1;True;64;numpy;True;True;80.69152370002121;77.64977829996496;99.53;99.7;1629.948828125;1685.64453125;;;;
272;10;10000;99990000;1;True;64;numpy;True;True;81.29581609996967;78.07097240001895;99.61;100.1;1629.640234375;1677.95703125;;;;
273;1;10000;99990000;1;True;64;cupy;False;False;11.791200299980119;8.196799699915573;;;;;;;;
273;2;10000;99990000;1;True;64;cupy;False;False;11.718236499931663;8.196903500007465;;;;;;;;
273;3;10000;99990000;1;True;64;cupy;False;False;11.75947040016763;8.232498900033534;;;;;;;;
273;4;10000;99990000;1;True;64;cupy;False;False;11.72536430018954;8.194733300013468;;;;;;;;
273;5;10000;99990000;1;True;64;cupy;False;False;11.750445500016212;8.220493400003761;;;;;;;;
273;6;10000;99990000;1;True;64;cupy;False;False;11.75869240006432;8.222795200068504;;;;;;;;
273;7;10000;99990000;1;True;64;cupy;False;False;11.77426499989815;8.219651499995962;;;;;;;;
273;8;10000;99990000;1;True;64;cupy;False;False;11.763453199993819;8.21990010002628;;;;;;;;
273;9;10000;99990000;1;True;64;cupy;False;False;11.731876699952409;8.208044699858874;;;;;;;;
273;10;10000;99990000;1;True;64;cupy;False;False;11.786432000109926;8.235840499866754;;;;;;;;
274;1;10000;99990000;1;True;64;cupy;True;True;11.958007899811491;8.361569500062615;99.64;101.2;2243.10078125;2299.01171875;81.4;82;1737.0546875;1737.0546875
274;2;10000;99990000;1;True;64;cupy;True;True;11.882454399950802;8.315891099860892;99.65;101.3;2243.894140625;2299.75;81.9;83;1737.0546875;1737.0546875
274;3;10000;99990000;1;True;64;cupy;True;True;11.917657299898565;8.325171599863097;99.84;100.4;2243.4671875;2299.3515625;81.6;83;1737.0546875;1737.0546875
274;4;10000;99990000;1;True;64;cupy;True;True;11.87313580000773;8.30479329987429;99.88;100.7;2243.446484375;2299.3671875;82.1;83;1737.0546875;1737.0546875
274;5;10000;99990000;1;True;64;cupy;True;True;11.90910440008156;8.323380300076678;100.09;102.1;2244.332421875;2300.2265625;81.6;83;1737.0546875;1737.0546875
274;6;10000;99990000;1;True;64;cupy;True;True;11.903532000025734;8.32446110015735;100.05999999999999;102.8;2243.928125;2299.82421875;81.4;82;1737.0546875;1737.0546875
274;7;10000;99990000;1;True;64;cupy;True;True;11.914737900020555;8.329636400099844;99.8;100.4;2243.610546875;2299.58203125;81.5;83;1737.0546875;1737.0546875
274;8;10000;99990000;1;True;64;cupy;True;True;11.89695609989576;8.321838099975139;99.56;100.2;2244.1328125;2300.04296875;81.7;82;1737.0546875;1737.0546875
274;9;10000;99990000;1;True;64;cupy;True;True;11.896890700096264;8.31210989993997;99.61;100.4;2244.025390625;2299.953125;81.9;83;1737.0546875;1737.0546875
274;10;10000;99990000;1;True;64;cupy;True;True;11.97047059983015;8.37060029990971;99.30999999999999;101.2;2243.701953125;2299.59375;81.3;82;1737.0546875;1737.0546875
